	transcript_name	classification_level	full_classification	classification	max_pid	ambiguous
0	HJHEFEJI_00002	class	Rhizaria; Cercozoa; Thecofilosea; Thecofilosea_X	Thecofilosea_X	118.2	0
0	HJHEFEJI_00004	division	Stramenopiles; Ochrophyta; Chrysophyceae	Chrysophyceae	102.8	0
0	HJHEFEJI_00006	class	Archaeplastida; Chlorophyta; Chlorophyceae; Chlamydomonadales	Chlamydomonadales	92.8	0
0	HJHEFEJI_00010	order	Archaeplastida; Chlorophyta; Chloropicophyceae; Chloropicales; Chloropicaceae	Chloropicaceae	87.4	0
0	HJHEFEJI_00011	class	Stramenopiles; Ochrophyta; Bacillariophyta; Bacillariophyta_X	Bacillariophyta_X	190.3	0
0	HJHEFEJI_00013	class	Rhizaria; Cercozoa; Chlorarachniophyceae; Chlorarachnida	Chlorarachnida	276.2	0
0	HJHEFEJI_00014	division	Opisthokonta; Choanoflagellida; Choanoflagellatea	Choanoflagellatea	96.3	0
0	HJHEFEJI_00019	class	Archaeplastida; Chlorophyta; Mamiellophyceae; Mamiellales	Mamiellales	124.4	0
0	HJHEFEJI_00023	class	Archaeplastida; Chlorophyta; Chlorodendrophyceae; Chlorodendrales	Chlorodendrales	95.5	0
0	HJHEFEJI_00026	order	Stramenopiles; Ochrophyta; Raphidophyceae; Raphidophyceae_X; Raphidophyceae_XX	Raphidophyceae_XX	93.6	0
0	HJHEFEJI_00028	family	Stramenopiles; Ochrophyta; Raphidophyceae; Raphidophyceae_X; Raphidophyceae_XX; Heterosigma	Heterosigma	156.0	0
0	HJHEFEJI_00029	order	Stramenopiles; Ochrophyta; Bacillariophyta; Bacillariophyta_X; Polar-centric-Mediophyceae	Polar-centric-Mediophyceae	288.1	0
0	HJHEFEJI_00035	class	Stramenopiles; Ochrophyta; Bacillariophyta; Bacillariophyta_X	Bacillariophyta_X	111.7	0
0	HJHEFEJI_00036	class	Stramenopiles; Sagenista; Labyrinthulomycetes; Labyrinthulales	Labyrinthulales	157.1	0
0	HJHEFEJI_00038	class	Stramenopiles; Ochrophyta; Bacillariophyta; Bacillariophyta_X	Bacillariophyta_X	101.3	0
0	HJHEFEJI_00043	class	Archaeplastida; Chlorophyta; Mamiellophyceae; Mamiellales	Mamiellales	244.6	0
0	HJHEFEJI_00047	class	Stramenopiles; Ochrophyta; Bacillariophyta; Bacillariophyta_X	Bacillariophyta_X	104.4	0
0	HJHEFEJI_00048	class	Stramenopiles; Ochrophyta; Bacillariophyta; Bacillariophyta_X	Bacillariophyta_X	66.2	0
0	HJHEFEJI_00049	class	Archaeplastida; Chlorophyta; Chloropicophyceae; Chloropicales	Chloropicales	94.4	0
0	HJHEFEJI_00052	order	Archaeplastida; Chlorophyta; Picocystophyceae; Picocystales; Picocystaceae	Picocystaceae	183.0	0
0	HJHEFEJI_00053	class	Amoebozoa; Conosa; Variosea; Variosea_X	Variosea_X	161.4	0
0	HJHEFEJI_00056	order	Stramenopiles; Ochrophyta; Bacillariophyta; Bacillariophyta_X; Polar-centric-Mediophyceae	Polar-centric-Mediophyceae	258.5	0
0	HJHEFEJI_00059	class	Alveolata; Ciliophora; Ciliophora_X; Ciliophora_XX	Ciliophora_XX	58.2	0
0	HJHEFEJI_00061	order	Archaeplastida; Chlorophyta; Picocystophyceae; Picocystales; Picocystaceae	Picocystaceae	137.9	0
0	HJHEFEJI_00065	class	Stramenopiles; Ochrophyta; Raphidophyceae; Raphidophyceae_X	Raphidophyceae_X	135.2	0
0	HJHEFEJI_00068	class	Alveolata; Ciliophora; Colpodea; Colpodea_X	Colpodea_X	161.0	0
0	HJHEFEJI_00072	class	Archaeplastida; Chlorophyta; Chloropicophyceae; Chloropicales	Chloropicales	118.2	0
0	HJHEFEJI_00073	class	Stramenopiles; Ochrophyta; Bacillariophyta; Bacillariophyta_X	Bacillariophyta_X	120.9	0
0	HJHEFEJI_00093	family	Stramenopiles; Ochrophyta; Bacillariophyta; Bacillariophyta_X; Raphid-pennate; Pseudo-nitzschia	Pseudo-nitzschia	80.1	0
0	HJHEFEJI_00095	class	Rhizaria; Cercozoa; Chlorarachniophyceae; Chlorarachnida	Chlorarachnida	108.2	0
0	HJHEFEJI_00097	class	Hacrobia; Haptophyta; Prymnesiophyceae	Prymnesiophyceae	70.9	1
0	HJHEFEJI_00105	class	Stramenopiles; Ochrophyta; Raphidophyceae; Raphidophyceae_X	Raphidophyceae_X	138.7	0
0	HJHEFEJI_00106	class	Stramenopiles; Ochrophyta; Chrysophyceae; Chrysophyceae_X	Chrysophyceae_X	72.4	0
0	HJHEFEJI_00111	class	Hacrobia; Cryptophyta; Cryptophyceae; Cryptomonadales	Cryptomonadales	95.1	0
0	HJHEFEJI_00118	division	Alveolata; Dinoflagellata; Dinophyceae	Dinophyceae	84.3	0
0	HJHEFEJI_00123	division	Archaeplastida; Chlorophyta; Mamiellophyceae	Mamiellophyceae	79.0	0
0	HJHEFEJI_00124	class	Archaeplastida; Chlorophyta; Chlorophyceae; Chlamydomonadales	Chlamydomonadales	206.8	0
0	HJHEFEJI_00127	class	Stramenopiles; Ochrophyta; Bacillariophyta; Bacillariophyta_X	Bacillariophyta_X	129.8	0
0	HJHEFEJI_00129	class	Stramenopiles; Ochrophyta; Bacillariophyta; Bacillariophyta_X	Bacillariophyta_X	139.4	0
0	HJHEFEJI_00130	class	Alveolata; Ciliophora; Ciliophora_X; Ciliophora_XX	Ciliophora_XX	227.6	0
0	HJHEFEJI_00132	class	Stramenopiles; Ochrophyta; Bacillariophyta; Bacillariophyta_X	Bacillariophyta_X	114.8	0
0	HJHEFEJI_00134	class	Alveolata; Ciliophora; Ciliophora_X; Ciliophora_XX	Ciliophora_XX	98.2	0
0	HJHEFEJI_00135	division	Amoebozoa; Conosa; Variosea	Variosea	105.1	0
0	HJHEFEJI_00144	division	Stramenopiles; Ochrophyta; Bacillariophyta	Bacillariophyta	84.0	0
0	HJHEFEJI_00148	class	Archaeplastida; Chlorophyta; Trebouxiophyceae; Prasiolales	Prasiolales	208.8	0
0	HJHEFEJI_00154	class	Stramenopiles; Ochrophyta; Bacillariophyta; Bacillariophyta_X	Bacillariophyta_X	115.2	0
0	HJHEFEJI_00156	division	Archaeplastida; Chlorophyta; Chlorodendrophyceae	Chlorodendrophyceae	128.6	0
0	HJHEFEJI_00157	class	Stramenopiles; Ochrophyta; Bacillariophyta; Bacillariophyta_X	Bacillariophyta_X	464.2	0
0	HJHEFEJI_00159	class	Stramenopiles; Ochrophyta; Chrysophyceae; Chrysophyceae_X	Chrysophyceae_X	161.4	0
0	HJHEFEJI_00161	family	Stramenopiles; Ochrophyta; Raphidophyceae; Raphidophyceae_X; Raphidophyceae_XX; Heterosigma	Heterosigma	106.3	0
0	HJHEFEJI_00167	class	Stramenopiles; Ochrophyta; Bacillariophyta; Bacillariophyta_X	Bacillariophyta_X	131.7	0
0	HJHEFEJI_00168	class	Stramenopiles; Ochrophyta; Bacillariophyta; Bacillariophyta_X	Bacillariophyta_X	151.8	0
0	HJHEFEJI_00172	class	Stramenopiles; Ochrophyta; Bacillariophyta; Bacillariophyta_X	Bacillariophyta_X	79.3	0
0	HJHEFEJI_00173	class	Stramenopiles; Ochrophyta; Bacillariophyta; Bacillariophyta_X	Bacillariophyta_X	71.2	0
0	HJHEFEJI_00177	class	Stramenopiles; Ochrophyta; Bacillariophyta; Bacillariophyta_X	Bacillariophyta_X	150.6	0
0	HJHEFEJI_00178	class	Alveolata; Dinoflagellata; Noctilucophyceae; Noctilucales	Noctilucales	132.1	0
0	HJHEFEJI_00179	division	Stramenopiles; Ochrophyta; Bacillariophyta	Bacillariophyta	99.8	0
0	HJHEFEJI_00180	class	Archaeplastida; Chlorophyta; Chlorophyceae; Chlamydomonadales	Chlamydomonadales	165.2	0
0	HJHEFEJI_00183	class	Alveolata; Dinoflagellata; Dinophyceae; Gonyaulacales	Gonyaulacales	213.8	0
0	HJHEFEJI_00186	class	Archaeplastida; Chlorophyta; Palmophyllophyceae; Prasinococcales	Prasinococcales	113.6	0
0	HJHEFEJI_00190	division	Archaeplastida; Chlorophyta; Chloropicophyceae	Chloropicophyceae	79.3	0
0	HJHEFEJI_00191	order	Stramenopiles; Ochrophyta; Bacillariophyta; Bacillariophyta_X; Polar-centric-Mediophyceae	Polar-centric-Mediophyceae	577.4	0
0	HJHEFEJI_00192	class	Stramenopiles; Ochrophyta; Bacillariophyta; Bacillariophyta_X	Bacillariophyta_X	139.8	0
0	HJHEFEJI_00193	division	Stramenopiles; Ochrophyta; Bacillariophyta	Bacillariophyta	114.4	0
0	HJHEFEJI_00194	division	Stramenopiles; Ochrophyta; Bacillariophyta	Bacillariophyta	82.8	0
0	HJHEFEJI_00195	class	Stramenopiles; Ochrophyta; Chrysophyceae; Chrysophyceae_X	Chrysophyceae_X	74.7	0
0	HJHEFEJI_00198	class	Stramenopiles; Ochrophyta; Bacillariophyta; Bacillariophyta_X	Bacillariophyta_X	109.4	0
0	HJHEFEJI_00200	class	Archaeplastida; Glaucophyta; Glaucocystophyceae; Glaucocystophytes	Glaucocystophytes	429.1	0
0	HJHEFEJI_00203	order	Archaeplastida; Chlorophyta; Pyramimonadales; Pyramimonadales_X; Pyramimonadales_XX	Pyramimonadales_XX	96.7	0
0	HJHEFEJI_00206	class	Alveolata; Ciliophora; Litostomatea; Cyclotrichiida	Cyclotrichiida	82.4	0
0	HJHEFEJI_00207	class	Archaeplastida; Rhodophyta; Stylonematophyceae; Porphyridiales-2	Porphyridiales-2	196.4	0
0	HJHEFEJI_00208	class	Archaeplastida; Chlorophyta; Chlorophyceae; Chlamydomonadales	Chlamydomonadales	119.4	0
0	HJHEFEJI_00213	division	Stramenopiles; Ochrophyta; Bacillariophyta	Bacillariophyta	64.3	0
0	HJHEFEJI_00214	class	Stramenopiles; Ochrophyta; Bacillariophyta; Bacillariophyta_X	Bacillariophyta_X	195.3	0
0	HJHEFEJI_00215	class	Stramenopiles; Ochrophyta; Bacillariophyta; Bacillariophyta_X	Bacillariophyta_X	263.5	0
0	HJHEFEJI_00219	class	Stramenopiles; Ochrophyta; Bacillariophyta; Bacillariophyta_X	Bacillariophyta_X	152.5	0
0	HJHEFEJI_00222	class	Stramenopiles; Ochrophyta; Bacillariophyta; Bacillariophyta_X	Bacillariophyta_X	74.7	0
0	HJHEFEJI_00224	division	Archaeplastida; Chlorophyta	Chlorophyta	94.0	1
0	HJHEFEJI_00225	class	Amoebozoa; Lobosa; Lobosa_X; Trichosida	Trichosida	347.8	0
0	HJHEFEJI_00227	class	Stramenopiles; Ochrophyta; Bacillariophyta; Bacillariophyta_X	Bacillariophyta_X	74.3	0
0	HJHEFEJI_00228	class	Rhizaria; Foraminifera; Globothalamea; Globothalamea_X	Globothalamea_X	179.5	0
0	HJHEFEJI_00229	order	Archaeplastida; Rhodophyta; Rhodellophyceae; Rhodellales; Rhodellales_X	Rhodellales_X	216.5	0
0	HJHEFEJI_00231	order	Stramenopiles; Ochrophyta; Bacillariophyta; Bacillariophyta_X; Polar-centric-Mediophyceae	Polar-centric-Mediophyceae	290.4	0
0	HJHEFEJI_00235	division	Hacrobia; Haptophyta; Pavlovophyceae	Pavlovophyceae	67.0	0
0	HJHEFEJI_00236	class	Archaeplastida; Chlorophyta; Chlorophyceae; Chlamydomonadales	Chlamydomonadales	213.4	0
0	HJHEFEJI_00240	class	Rhizaria; Cercozoa; Chlorarachniophyceae; Chlorarachnida	Chlorarachnida	175.3	0
0	HJHEFEJI_00241	class	Alveolata; Ciliophora; Ciliophora_X; Ciliophora_XX	Ciliophora_XX	313.9	0
0	HJHEFEJI_00242	class	Archaeplastida; Chlorophyta; Chlorodendrophyceae; Chlorodendrales	Chlorodendrales	157.9	0
0	HJHEFEJI_00243	class	Archaeplastida; Chlorophyta; Chlorophyceae; Chlamydomonadales	Chlamydomonadales	674.5	0
0	HJHEFEJI_00248	family	Archaeplastida; Rhodophyta; Compsopogonophyceae; Erythropeltidales; Erythropeltidales_X; Madagascaria	Madagascaria	86.7	0
0	HJHEFEJI_00252	division	Stramenopiles; Sagenista; Labyrinthulomycetes	Labyrinthulomycetes	142.1	0
0	HJHEFEJI_00253	order	Hacrobia; Cryptophyta; Cryptophyceae; Goniomonadales; Goniomonadales_X	Goniomonadales_X	517.7	0
0	HJHEFEJI_00265	class	Stramenopiles; Ochrophyta; Raphidophyceae; Raphidophyceae_X	Raphidophyceae_X	116.3	0
0	HJHEFEJI_00267	class	Stramenopiles; Ochrophyta; Bacillariophyta; Bacillariophyta_X	Bacillariophyta_X	292.0	0
0	HJHEFEJI_00268	class	Amoebozoa; Lobosa; Discosea-Flabellinia; Vannellida	Vannellida	168.3	0
0	HJHEFEJI_00269	class	Stramenopiles; Ochrophyta; Chrysophyceae; Chrysophyceae_X	Chrysophyceae_X	206.5	0
0	HJHEFEJI_00271	class	Archaeplastida; Rhodophyta; Porphyridiophyceae; Porphyridiales	Porphyridiales	87.0	0
0	HJHEFEJI_00272	order	Stramenopiles; Ochrophyta; Chrysophyceae; Chrysophyceae_X; Chrysophyceae_Clade-C	Chrysophyceae_Clade-C	172.6	0
0	HJHEFEJI_00273	class	Alveolata; Dinoflagellata; Dinophyceae; Suessiales	Suessiales	123.2	0
0	HJHEFEJI_00274	class	Alveolata; Dinoflagellata; Dinophyceae; Gonyaulacales	Gonyaulacales	273.5	0
0	HJHEFEJI_00276	class	Archaeplastida; Chlorophyta; Chlorophyceae; Chlamydomonadales	Chlamydomonadales	60.1	0
0	HJHEFEJI_00277	class	Archaeplastida; Chlorophyta; Chlorophyceae; Chlamydomonadales	Chlamydomonadales	231.9	0
0	HJHEFEJI_00278	class	Stramenopiles; Ochrophyta; Bacillariophyta; Bacillariophyta_X	Bacillariophyta_X	202.6	0
0	HJHEFEJI_00282	division	Stramenopiles; Ochrophyta; Bacillariophyta	Bacillariophyta	157.1	0
0	HJHEFEJI_00283	division	Archaeplastida; Rhodophyta; Stylonematophyceae	Stylonematophyceae	72.4	0
0	HJHEFEJI_00284	class	Excavata; Discoba; Euglenozoa; Euglenida	Euglenida	419.1	0
0	HJHEFEJI_00291	class	Alveolata; Ciliophora; Spirotrichea; Hypotrichia	Hypotrichia	73.2	0
0	HJHEFEJI_00297	class	Stramenopiles; Ochrophyta; Bacillariophyta; Bacillariophyta_X	Bacillariophyta_X	181.4	0
0	HJHEFEJI_00302	class	Alveolata; Apicomplexa; Colpodellidea; Vitrelladida	Vitrelladida	464.9	0
0	HJHEFEJI_00303	division	Stramenopiles; Ochrophyta; Chrysophyceae	Chrysophyceae	92.4	0
0	HJHEFEJI_00317	class	Stramenopiles; Ochrophyta; Raphidophyceae; Raphidophyceae_X	Raphidophyceae_X	134.4	0
0	HJHEFEJI_00323	class	Stramenopiles; Ochrophyta; Chrysophyceae; Chrysophyceae_X	Chrysophyceae_X	65.5	0
0	HJHEFEJI_00324	class	Alveolata; Apicomplexa; Colpodellidea; Vitrelladida	Vitrelladida	193.4	0
0	HJHEFEJI_00327	division	Stramenopiles; Ochrophyta; Chrysophyceae	Chrysophyceae	77.4	0
0	HJHEFEJI_00328	class	Archaeplastida; Glaucophyta; Glaucocystophyceae; Glaucocystophytes	Glaucocystophytes	62.0	0
0	HJHEFEJI_00329	order	Stramenopiles; Ochrophyta; Bacillariophyta; Bacillariophyta_X; Polar-centric-Mediophyceae	Polar-centric-Mediophyceae	153.7	0
0	HJHEFEJI_00330	order	Archaeplastida; Chlorophyta; Chlorophyceae; Chlamydomonadales; Chlamydomonadales_X	Chlamydomonadales_X	144.4	0
0	HJHEFEJI_00331	class	Stramenopiles; Ochrophyta; Raphidophyceae; Raphidophyceae_X	Raphidophyceae_X	135.6	0
0	HJHEFEJI_00332	order	Hacrobia; Cryptophyta; Cryptophyceae; Cryptomonadales; Cryptomonadales_X	Cryptomonadales_X	177.9	0
0	HJHEFEJI_00334	class	Archaeplastida; Chlorophyta; Mamiellophyceae; Mamiellales	Mamiellales	170.2	0
0	HJHEFEJI_00336	class	Archaeplastida; Chlorophyta; Chloropicophyceae; Chloropicales	Chloropicales	121.3	0
0	HJHEFEJI_00337	class	Archaeplastida; Glaucophyta; Glaucocystophyceae; Glaucocystophytes	Glaucocystophytes	141.4	0
0	HJHEFEJI_00338	division	Alveolata; Dinoflagellata; Dinophyceae	Dinophyceae	119.4	0
0	HJHEFEJI_00339	division	Archaeplastida; Chlorophyta	Chlorophyta	149.1	1
0	HJHEFEJI_00340	class	Hacrobia; Cryptophyta; Cryptophyceae; Cryptomonadales	Cryptomonadales	73.9	0
0	HJHEFEJI_00341	class	Stramenopiles; Ochrophyta; Bacillariophyta; Bacillariophyta_X	Bacillariophyta_X	543.9	0
0	HJHEFEJI_00343	family	Archaeplastida; Chlorophyta; Palmophyllophyceae; Prasinococcales; Prasinococcales-Clade-A; Prasinococcus	Prasinococcus	189.9	0
0	HJHEFEJI_00345	class	Stramenopiles; Ochrophyta; Bacillariophyta; Bacillariophyta_X	Bacillariophyta_X	491.5	0
0	HJHEFEJI_00346	class	Archaeplastida; Chlorophyta; Chlorodendrophyceae; Chlorodendrales	Chlorodendrales	103.6	0
0	HJHEFEJI_00352	order	Alveolata; Dinoflagellata; Dinophyceae; Suessiales; Suessiaceae	Suessiaceae	152.5	0
0	HJHEFEJI_00355	genus	Stramenopiles; Ochrophyta; Bacillariophyta; Bacillariophyta_X; Araphid-pennate; Asterionellopsis; Asterionellopsis glacialis	Asterionellopsis glacialis	121.7	0
0	HJHEFEJI_00357	genus	Archaeplastida; Chlorophyta; Pyramimonadales; Pyramimonadales_X; Pyramimonadales_XX; Pyramimonas; Pyramimonas obovata	Pyramimonas obovata	862.4	0
0	HJHEFEJI_00360	class	Rhizaria; Cercozoa; Chlorarachniophyceae; Chlorarachnida	Chlorarachnida	188.0	0
0	HJHEFEJI_00361	class	Alveolata; Ciliophora; Ciliophora_X; Ciliophora_XX	Ciliophora_XX	313.5	0
0	HJHEFEJI_00362	class	Archaeplastida; Chlorophyta; Chlorodendrophyceae; Chlorodendrales	Chlorodendrales	150.2	0
0	HJHEFEJI_00363	division	Stramenopiles; Ochrophyta; Bacillariophyta	Bacillariophyta	85.5	0
0	HJHEFEJI_00365	class	Alveolata; Ciliophora; Colpodea; Colpodea_X	Colpodea_X	147.5	0
0	HJHEFEJI_00366	order	Stramenopiles; Ochrophyta; Bacillariophyta; Bacillariophyta_X; Polar-centric-Mediophyceae	Polar-centric-Mediophyceae	268.5	0
0	HJHEFEJI_00367	order	Stramenopiles; Ochrophyta; Raphidophyceae; Raphidophyceae_X; Raphidophyceae_XX	Raphidophyceae_XX	132.5	0
0	HJHEFEJI_00370	class	Alveolata; Apicomplexa; Colpodellidea; Vitrelladida	Vitrelladida	67.4	0
0	HJHEFEJI_00380	order	Hacrobia; Haptophyta; Prymnesiophyceae; Isochrysidales; Isochrysidaceae	Isochrysidaceae	200.7	0
0	HJHEFEJI_00381	class	Stramenopiles; Ochrophyta; Dictyochophyceae; Dictyochophyceae_X	Dictyochophyceae_X	74.3	0
0	HJHEFEJI_00382	class	Archaeplastida; Chlorophyta; Pyramimonadales; Pyramimonadales_X	Pyramimonadales_X	311.2	0
0	HJHEFEJI_00385	class	Archaeplastida; Chlorophyta; Mamiellophyceae; Dolichomastigales	Dolichomastigales	110.2	0
0	HJHEFEJI_00386	order	Stramenopiles; Ochrophyta; Dictyochophyceae; Dictyochophyceae_X; Pedinellales	Pedinellales	125.6	0
0	HJHEFEJI_00389	division	Stramenopiles; Sagenista; Labyrinthulomycetes	Labyrinthulomycetes	129.4	0
0	HJHEFEJI_00390	class	Alveolata; Ciliophora; Ciliophora_X; Ciliophora_XX	Ciliophora_XX	189.1	0
0	HJHEFEJI_00391	class	Archaeplastida; Chlorophyta; Mamiellophyceae; Mamiellales	Mamiellales	196.4	0
0	HJHEFEJI_00392	division	Alveolata; Dinoflagellata; Dinophyceae	Dinophyceae	166.0	0
0	HJHEFEJI_00393	class	Alveolata; Dinoflagellata; Dinophyceae; Gymnodiniales	Gymnodiniales	125.6	0
0	HJHEFEJI_00395	order	Stramenopiles; Ochrophyta; Bacillariophyta; Bacillariophyta_X; Polar-centric-Mediophyceae	Polar-centric-Mediophyceae	206.8	0
0	HJHEFEJI_00399	class	Archaeplastida; Rhodophyta; Compsopogonophyceae; Erythropeltidales	Erythropeltidales	172.9	0
0	HJHEFEJI_00402	order	Excavata; Discoba; Euglenozoa; Euglenida; Eutreptiales	Eutreptiales	105.1	0
0	HJHEFEJI_00403	class	Archaeplastida; Chlorophyta; Pyramimonadales; Pyramimonadales_X	Pyramimonadales_X	410.2	0
0	HJHEFEJI_00405	class	Stramenopiles; Ochrophyta; Bacillariophyta; Bacillariophyta_X	Bacillariophyta_X	251.5	0
0	HJHEFEJI_00406	class	Archaeplastida; Chlorophyta; Picocystophyceae; Picocystales	Picocystales	112.8	0
0	HJHEFEJI_00407	class	Stramenopiles; Ochrophyta; Bacillariophyta; Bacillariophyta_X	Bacillariophyta_X	73.2	0
0	HJHEFEJI_00408	class	Stramenopiles; Ochrophyta; Bacillariophyta; Bacillariophyta_X	Bacillariophyta_X	201.1	0
0	HJHEFEJI_00409	class	Stramenopiles; Ochrophyta; Bacillariophyta; Bacillariophyta_X	Bacillariophyta_X	425.6	0
0	HJHEFEJI_00410	order	Stramenopiles; Ochrophyta; Dictyochophyceae; Dictyochophyceae_X; Pedinellales	Pedinellales	77.8	0
0	HJHEFEJI_00411	class	Archaeplastida; Chlorophyta; Pyramimonadales; Pyramimonadales_X	Pyramimonadales_X	71.2	0
0	HJHEFEJI_00414	class	Stramenopiles; Ochrophyta; Chrysophyceae; Chrysophyceae_X	Chrysophyceae_X	154.1	0
0	HJHEFEJI_00416	class	Archaeplastida; Chlorophyta; Chlorophyta_X; Chlorophyta_XX	Chlorophyta_XX	293.9	0
0	HJHEFEJI_00417	class	Stramenopiles; Ochrophyta; Bacillariophyta; Bacillariophyta_X	Bacillariophyta_X	190.3	0
0	HJHEFEJI_00418	class	Stramenopiles; Ochrophyta; Bacillariophyta; Bacillariophyta_X	Bacillariophyta_X	260.0	0
0	HJHEFEJI_00419	class	Hacrobia; Haptophyta; Prymnesiophyceae; Prymnesiales	Prymnesiales	232.3	0
0	HJHEFEJI_00421	class	Alveolata; Dinoflagellata; Dinophyceae; Gymnodiniales	Gymnodiniales	221.9	0
0	HJHEFEJI_00422	division	Alveolata; Dinoflagellata; Dinophyceae	Dinophyceae	91.3	0
0	HJHEFEJI_00423	class	Stramenopiles; Ochrophyta; Bacillariophyta; Bacillariophyta_X	Bacillariophyta_X	161.4	0
0	HJHEFEJI_00424	class	Hacrobia; Cryptophyta; Cryptophyceae; Cryptophyceae_XXX	Cryptophyceae_XXX	153.7	0
0	HJHEFEJI_00425	class	Alveolata; Dinoflagellata; Dinophyceae; Gymnodiniales	Gymnodiniales	67.0	0
0	HJHEFEJI_00427	class	Alveolata; Dinoflagellata; Dinophyceae; Gymnodiniales	Gymnodiniales	214.5	0
0	HJHEFEJI_00432	class	Archaeplastida; Chlorophyta; Palmophyllophyceae; Prasinococcales	Prasinococcales	107.1	0
0	HJHEFEJI_00435	class	Amoebozoa; Lobosa; Discosea-Flabellinia; Vannellida	Vannellida	531.2	0
0	HJHEFEJI_00440	class	Stramenopiles; Ochrophyta; Bacillariophyta; Bacillariophyta_X	Bacillariophyta_X	261.2	0
0	HJHEFEJI_00443	class	Alveolata; Ciliophora; Prostomatea_1; Prostomatea_1_X	Prostomatea_1_X	208.4	0
0	HJHEFEJI_00444	order	Alveolata; Dinoflagellata; Dinophyceae; Peridiniales; Kryptoperidiniaceae	Kryptoperidiniaceae	162.2	0
0	HJHEFEJI_00445	order	Stramenopiles; Ochrophyta; Dictyochophyceae; Dictyochophyceae_X; Dictyochophyceae_XX	Dictyochophyceae_XX	260.8	0
0	HJHEFEJI_00451	class	Archaeplastida; Chlorophyta; Chlorophyceae; Chlamydomonadales	Chlamydomonadales	89.7	0
0	HJHEFEJI_00452	class	Archaeplastida; Chlorophyta; Pyramimonadales; Pyramimonadales_X	Pyramimonadales_X	193.7	0
0	HJHEFEJI_00453	family	Stramenopiles; Ochrophyta; Bacillariophyta; Bacillariophyta_X; Polar-centric-Mediophyceae; Chaetoceros	Chaetoceros	102.8	0
0	HJHEFEJI_00456	class	Stramenopiles; Ochrophyta; Chrysophyceae; Chrysophyceae_X	Chrysophyceae_X	74.3	0
0	HJHEFEJI_00459	order	Alveolata; Dinoflagellata; Dinophyceae; Gonyaulacales; Goniodomataceae	Goniodomataceae	199.1	0
0	HJHEFEJI_00470	class	Stramenopiles; Sagenista; Labyrinthulomycetes; Labyrinthulales	Labyrinthulales	160.2	0
0	HJHEFEJI_00471	class	Rhizaria; Cercozoa; Chlorarachniophyceae; Chlorarachnida	Chlorarachnida	189.5	0
0	HJHEFEJI_00472	class	Alveolata; Ciliophora; Litostomatea; Haptoria_5	Haptoria_5	69.3	0
0	HJHEFEJI_00473	order	Stramenopiles; Ochrophyta; Raphidophyceae; Raphidophyceae_X; Raphidophyceae_XX	Raphidophyceae_XX	135.2	0
0	HJHEFEJI_00474	class	Stramenopiles; Ochrophyta; Raphidophyceae; Raphidophyceae_X	Raphidophyceae_X	162.2	0
0	HJHEFEJI_00483	class	Amoebozoa; Conosa; Variosea; Variosea_X	Variosea_X	153.3	0
0	HJHEFEJI_00487	class	Stramenopiles; Ochrophyta; Bacillariophyta; Bacillariophyta_X	Bacillariophyta_X	135.2	0
0	HJHEFEJI_00491	supergroup	Alveolata	Alveolata	155.2	1
0	HJHEFEJI_00492	class	Opisthokonta; Choanoflagellida; Choanoflagellatea; Acanthoecida	Acanthoecida	117.5	0
0	HJHEFEJI_00495	class	Archaeplastida; Chlorophyta; Mamiellophyceae; Dolichomastigales	Dolichomastigales	91.7	0
0	HJHEFEJI_00497	class	Alveolata; Ciliophora; Ciliophora_X; Ciliophora_XX	Ciliophora_XX	108.6	0
0	HJHEFEJI_00498	class	Hacrobia; Haptophyta; Pavlovophyceae; Pavlovales	Pavlovales	60.1	0
0	HJHEFEJI_00502	family	Archaeplastida; Chlorophyta; Chlorodendrophyceae; Chlorodendrales; Chlorodendraceae; Tetraselmis	Tetraselmis	190.7	0
0	HJHEFEJI_00516	class	Stramenopiles; Ochrophyta; Bacillariophyta; Bacillariophyta_X	Bacillariophyta_X	134.4	0
0	HJHEFEJI_00519	order	Stramenopiles; Ochrophyta; Dictyochophyceae; Dictyochophyceae_X; Dictyochales	Dictyochales	63.9	0
0	HJHEFEJI_00521	order	Hacrobia; Cryptophyta; Cryptophyceae; Goniomonadales; Goniomonadales_X	Goniomonadales_X	70.1	0
0	HJHEFEJI_00525	division	Alveolata; Ciliophora; Ciliophora_X	Ciliophora_X	60.1	0
0	HJHEFEJI_00529	class	Archaeplastida; Chlorophyta; Chloropicophyceae; Chloropicales	Chloropicales	137.9	0
0	HJHEFEJI_00530	class	Stramenopiles; Ochrophyta; Bacillariophyta; Bacillariophyta_X	Bacillariophyta_X	266.5	0
0	HJHEFEJI_00534	division	Amoebozoa; Lobosa; Discosea-Flabellinia	Discosea-Flabellinia	86.7	0
0	HJHEFEJI_00535				132.5	1
0	HJHEFEJI_00536	class	Hacrobia; Cryptophyta; Cryptophyceae; Cryptomonadales	Cryptomonadales	177.2	0
0	HJHEFEJI_00546	class	Hacrobia; Cryptophyta; Cryptophyceae; Cryptophyceae_XXX	Cryptophyceae_XXX	79.7	0
0	HJHEFEJI_00547	class	Hacrobia; Cryptophyta; Cryptophyceae; Cryptophyceae_XXX	Cryptophyceae_XXX	136.3	0
0	HJHEFEJI_00548	class	Stramenopiles; Ochrophyta; Raphidophyceae; Raphidophyceae_X	Raphidophyceae_X	131.7	0
0	HJHEFEJI_00549	class	Rhizaria; Cercozoa; Chlorarachniophyceae; Chlorarachnida	Chlorarachnida	157.1	0
0	HJHEFEJI_00551	class	Hacrobia; Cryptophyta; Cryptophyceae; Goniomonadales	Goniomonadales	71.2	0
0	HJHEFEJI_00552	class	Stramenopiles; Ochrophyta; Chrysophyceae; Chrysophyceae_X	Chrysophyceae_X	96.3	0
0	HJHEFEJI_00560	class	Stramenopiles; Ochrophyta; Chrysophyceae; Chrysophyceae_X	Chrysophyceae_X	111.7	0
0	HJHEFEJI_00564	class	Alveolata; Dinoflagellata; Dinophyceae; Gymnodiniales	Gymnodiniales	290.4	0
0	HJHEFEJI_00565	class	Stramenopiles; Ochrophyta; Bacillariophyta; Bacillariophyta_X	Bacillariophyta_X	409.1	0
0	HJHEFEJI_00566	class	Stramenopiles; Ochrophyta; Bacillariophyta; Bacillariophyta_X	Bacillariophyta_X	233.4	0
0	HJHEFEJI_00568	class	Stramenopiles; Ochrophyta; Bacillariophyta; Bacillariophyta_X	Bacillariophyta_X	95.5	0
0	HJHEFEJI_00572	division	Hacrobia; Haptophyta; Prymnesiophyceae	Prymnesiophyceae	105.5	0
0	HJHEFEJI_00577	division	Stramenopiles; Ochrophyta; Bacillariophyta	Bacillariophyta	127.1	0
0	HJHEFEJI_00591	class	Amoebozoa; Lobosa; Lobosa_X; Stygamoebida	Stygamoebida	81.3	0
0	HJHEFEJI_00594	division	Rhizaria; Cercozoa; Chlorarachniophyceae	Chlorarachniophyceae	92.0	0
0	HJHEFEJI_00595	class	Stramenopiles; Ochrophyta; Bacillariophyta; Bacillariophyta_X	Bacillariophyta_X	224.2	0
0	HJHEFEJI_00596	class	Stramenopiles; Ochrophyta; Bacillariophyta; Bacillariophyta_X	Bacillariophyta_X	127.1	0
0	HJHEFEJI_00597	class	Stramenopiles; Ochrophyta; Bacillariophyta; Bacillariophyta_X	Bacillariophyta_X	132.5	0
0	HJHEFEJI_00598	class	Alveolata; Dinoflagellata; Dinophyceae; Suessiales	Suessiales	119.0	0
0	HJHEFEJI_00599	class	Stramenopiles; Sagenista; Labyrinthulomycetes; Thraustochytriales	Thraustochytriales	279.3	0
0	HJHEFEJI_00601	class	Archaeplastida; Chlorophyta; Mamiellophyceae; Mamiellales	Mamiellales	127.5	0
0	HJHEFEJI_00605	family	Stramenopiles; Ochrophyta; Bacillariophyta; Bacillariophyta_X; Araphid-pennate; Thalassionema	Thalassionema	129.8	0
0	HJHEFEJI_00606	class	Archaeplastida; Chlorophyta; Chlorophyta_X; Chlorophyta_XX	Chlorophyta_XX	250.8	0
0	HJHEFEJI_00607	class	Stramenopiles; Ochrophyta; Bacillariophyta; Bacillariophyta_X	Bacillariophyta_X	137.5	0
0	HJHEFEJI_00608	class	Stramenopiles; Ochrophyta; Bacillariophyta; Bacillariophyta_X	Bacillariophyta_X	338.2	0
0	HJHEFEJI_00609	order	Stramenopiles; Ochrophyta; Raphidophyceae; Raphidophyceae_X; Raphidophyceae_XX	Raphidophyceae_XX	85.5	0
0	HJHEFEJI_00610	class	Archaeplastida; Chlorophyta; Chlorodendrophyceae; Chlorodendrales	Chlorodendrales	151.8	0
0	HJHEFEJI_00611	class	Rhizaria; Cercozoa; Chlorarachniophyceae; Chlorarachnida	Chlorarachnida	78.2	0
0	HJHEFEJI_00612	class	Archaeplastida; Chlorophyta; Pyramimonadales; Pyramimonadales_X	Pyramimonadales_X	155.6	0
0	HJHEFEJI_00616	order	Archaeplastida; Chlorophyta; Trebouxiophyceae; Chlorellales; Chlorellales_X	Chlorellales_X	197.6	0
0	HJHEFEJI_00618	class	Hacrobia; Cryptophyta; Cryptophyceae; Cryptomonadales	Cryptomonadales	179.9	0
0	HJHEFEJI_00620	division	Stramenopiles; Ochrophyta; Bacillariophyta	Bacillariophyta	89.4	0
0	HJHEFEJI_00623	class	Stramenopiles; Ochrophyta; Bacillariophyta; Bacillariophyta_X	Bacillariophyta_X	105.5	0
0	HJHEFEJI_00625	class	Hacrobia; Haptophyta; Prymnesiophyceae; Phaeocystales	Phaeocystales	57.0	0
0	HJHEFEJI_00629	division	Hacrobia; Haptophyta; Prymnesiophyceae	Prymnesiophyceae	58.2	0
0	HJHEFEJI_00630	class	Rhizaria; Cercozoa; Chlorarachniophyceae; Chlorarachnida	Chlorarachnida	164.9	0
0	HJHEFEJI_00631	class	Stramenopiles; Ochrophyta; Bacillariophyta; Bacillariophyta_X	Bacillariophyta_X	163.7	0
0	HJHEFEJI_00632	class	Archaeplastida; Chlorophyta; Chlorodendrophyceae; Chlorodendrales	Chlorodendrales	69.3	0
0	HJHEFEJI_00635	class	Archaeplastida; Chlorophyta; Chlorophyta_X; Chlorophyta_XX	Chlorophyta_XX	591.3	0
0	HJHEFEJI_00637	class	Stramenopiles; Ochrophyta; Bacillariophyta; Bacillariophyta_X	Bacillariophyta_X	119.8	0
0	HJHEFEJI_00639	division	Stramenopiles; Ochrophyta; Bacillariophyta	Bacillariophyta	185.3	0
0	HJHEFEJI_00641	class	Amoebozoa; Conosa; Variosea; Variosea_X	Variosea_X	153.3	0
0	HJHEFEJI_00642	class	Stramenopiles; Ochrophyta; Bacillariophyta; Bacillariophyta_X	Bacillariophyta_X	172.9	0
0	HJHEFEJI_00643	division	Archaeplastida; Chlorophyta; Nephroselmidophyceae	Nephroselmidophyceae	62.4	0
0	HJHEFEJI_00645	class	Stramenopiles; Ochrophyta; Bacillariophyta; Bacillariophyta_X	Bacillariophyta_X	471.5	0
0	HJHEFEJI_00646	division	Stramenopiles; Opalozoa; Bicoecea	Bicoecea	60.5	0
0	HJHEFEJI_00647	class	Stramenopiles; Ochrophyta; Bacillariophyta; Bacillariophyta_X	Bacillariophyta_X	424.9	0
0	HJHEFEJI_00650	order	Archaeplastida; Chlorophyta; Chloropicophyceae; Chloropicales; Chloropicaceae	Chloropicaceae	473.8	0
0	HJHEFEJI_00661	order	Stramenopiles; Ochrophyta; Dictyochophyceae; Dictyochophyceae_X; Pedinellales	Pedinellales	73.9	0
0	HJHEFEJI_00663	class	Amoebozoa; Lobosa; Discosea-Flabellinia; Vannellida	Vannellida	59.3	0
0	HJHEFEJI_00669	class	Rhizaria; Cercozoa; Chlorarachniophyceae; Chlorarachnida	Chlorarachnida	89.4	0
0	HJHEFEJI_00671	class	Stramenopiles; Ochrophyta; Raphidophyceae; Raphidophyceae_X	Raphidophyceae_X	62.4	0
0	HJHEFEJI_00672	division	Stramenopiles; Ochrophyta; Bacillariophyta	Bacillariophyta	108.2	0
0	HJHEFEJI_00674	division	Stramenopiles; Ochrophyta; Bacillariophyta	Bacillariophyta	63.2	0
0	HJHEFEJI_00675	class	Hacrobia; Haptophyta; Prymnesiophyceae; Isochrysidales	Isochrysidales	122.1	0
0	HJHEFEJI_00677	order	Opisthokonta; Choanoflagellida; Choanoflagellatea; Acanthoecida; Acanthoecida_X	Acanthoecida_X	474.6	0
0	HJHEFEJI_00678	species	Archaeplastida; Glaucophyta; Glaucocystophyceae; Glaucocystophytes; Glaucocystophytes_X; Gloeochaete; Gloeochaete wittrockiana	Gloeochaete wittrockiana	718.8	0
0	HJHEFEJI_00679	division	Archaeplastida; Chlorophyta; Prasino-Clade-V	Prasino-Clade-V	63.9	0
0	HJHEFEJI_00686	class	Amoebozoa; Discosea; Discosea_X; Discosea_XX	Discosea_XX	171.8	0
0	HJHEFEJI_00687	class	Alveolata; Apicomplexa; Colpodellidea; Vitrelladida	Vitrelladida	181.8	0
0	HJHEFEJI_00690	class	Stramenopiles; Ochrophyta; Bacillariophyta; Bacillariophyta_X	Bacillariophyta_X	165.6	0
0	HJHEFEJI_00692	genus	Alveolata; Ciliophora; Spirotrichea; Hypotrichia; Pseudokeronopsidae; Pseudokeronopsis; Pseudokeronopsis sp.	Pseudokeronopsis sp.	522.3	0
0	HJHEFEJI_00697	order	Stramenopiles; Opalozoa; Bicoecea; Anoecales; Cafeteriaceae	Cafeteriaceae	381.7	0
0	HJHEFEJI_00698	class	Stramenopiles; Ochrophyta; Bacillariophyta; Bacillariophyta_X	Bacillariophyta_X	260.4	0
0	HJHEFEJI_00706	class	Archaeplastida; Chlorophyta; Mamiellophyceae; Mamiellales	Mamiellales	97.4	0
0	HJHEFEJI_00707	class	Stramenopiles; Sagenista; Labyrinthulomycetes; Thraustochytriales	Thraustochytriales	271.9	0
0	HJHEFEJI_00708	order	Stramenopiles; Ochrophyta; Bacillariophyta; Bacillariophyta_X; Polar-centric-Mediophyceae	Polar-centric-Mediophyceae	598.6	0
0	HJHEFEJI_00709	order	Stramenopiles; Ochrophyta; Bacillariophyta; Bacillariophyta_X; Polar-centric-Mediophyceae	Polar-centric-Mediophyceae	172.6	0
0	HJHEFEJI_00710	order	Archaeplastida; Chlorophyta; Pyramimonadales; Pyramimonadales_X; Pyramimonadales_XX	Pyramimonadales_XX	172.9	0
0	HJHEFEJI_00712	class	Archaeplastida; Chlorophyta; Chloropicophyceae; Chloropicales	Chloropicales	157.5	0
0	HJHEFEJI_00714	division	Alveolata; Dinoflagellata; Oxyrrhea	Oxyrrhea	71.2	0
0	HJHEFEJI_00720	order	Stramenopiles; Ochrophyta; Bacillariophyta; Bacillariophyta_X; Polar-centric-Mediophyceae	Polar-centric-Mediophyceae	125.2	0
0	HJHEFEJI_00729	class	Stramenopiles; Ochrophyta; Raphidophyceae; Raphidophyceae_X	Raphidophyceae_X	339.7	0
0	HJHEFEJI_00736	class	Stramenopiles; Ochrophyta; Chrysophyceae; Chrysophyceae_X	Chrysophyceae_X	93.2	0
0	HJHEFEJI_00738	family	Stramenopiles; Ochrophyta; Bacillariophyta; Bacillariophyta_X; Araphid-pennate; Asterionellopsis	Asterionellopsis	152.1	0
0	HJHEFEJI_00741	order	Hacrobia; Cryptophyta; Cryptophyceae; Goniomonadales; Goniomonadales_X	Goniomonadales_X	572.0	0
0	HJHEFEJI_00743	division	Hacrobia; Haptophyta; Prymnesiophyceae	Prymnesiophyceae	88.6	0
0	HJHEFEJI_00748	class	Alveolata; Dinoflagellata; Dinophyceae; Peridiniales	Peridiniales	109.0	0
0	HJHEFEJI_00749	class	Stramenopiles; Ochrophyta; Raphidophyceae; Raphidophyceae_X	Raphidophyceae_X	129.8	0
0	HJHEFEJI_00752	class	Alveolata; Dinoflagellata; Noctilucophyceae; Noctilucales	Noctilucales	131.3	0
0	HJHEFEJI_00753	order	Stramenopiles; Ochrophyta; Dictyochophyceae; Dictyochophyceae_X; Rhizochromulinales	Rhizochromulinales	115.2	0
0	HJHEFEJI_00757	division	Alveolata; Dinoflagellata; Oxyrrhea	Oxyrrhea	122.9	0
0	HJHEFEJI_00770	class	Alveolata; Dinoflagellata; Dinophyceae; Peridiniales	Peridiniales	56.2	0
0	HJHEFEJI_00771	class	Amoebozoa; Lobosa; Discosea-Flabellinia; Vannellida	Vannellida	166.4	0
0	HJHEFEJI_00772	family	Stramenopiles; Ochrophyta; Bacillariophyta; Bacillariophyta_X; Radial-centric-basal-Coscinodiscophyceae; Corethron	Corethron	107.1	0
0	HJHEFEJI_00778	class	Alveolata; Ciliophora; Ciliophora_X; Ciliophora_XX	Ciliophora_XX	116.7	0
0	HJHEFEJI_00785	division	Alveolata; Apicomplexa; Colpodellidea	Colpodellidea	65.1	0
0	HJHEFEJI_00786	class	Archaeplastida; Chlorophyta; Mamiellophyceae; Dolichomastigales	Dolichomastigales	172.9	0
0	HJHEFEJI_00789	class	Alveolata; Dinoflagellata; Dinophyceae; Gonyaulacales	Gonyaulacales	168.3	0
0	HJHEFEJI_00791	class	Hacrobia; Cryptophyta; Cryptophyceae; Cryptomonadales	Cryptomonadales	313.9	0
0	HJHEFEJI_00794	division	Stramenopiles; Ochrophyta; Bacillariophyta	Bacillariophyta	133.7	0
0	HJHEFEJI_00796	division	Hacrobia; Haptophyta; Pavlovophyceae	Pavlovophyceae	110.5	0
0	HJHEFEJI_00797	class	Hacrobia; Cryptophyta; Cryptophyceae; Cryptomonadales	Cryptomonadales	176.0	0
0	HJHEFEJI_00799	division	Alveolata; Ciliophora; Colpodea	Colpodea	137.1	0
0	HJHEFEJI_00802	class	Stramenopiles; Ochrophyta; Bacillariophyta; Bacillariophyta_X	Bacillariophyta_X	82.8	0
0	HJHEFEJI_00803	class	Alveolata; Dinoflagellata; Dinophyceae; Suessiales	Suessiales	106.3	0
0	HJHEFEJI_00805	class	Stramenopiles; Ochrophyta; Bacillariophyta; Bacillariophyta_X	Bacillariophyta_X	266.5	0
0	HJHEFEJI_00806	class	Stramenopiles; Ochrophyta; Bacillariophyta; Bacillariophyta_X	Bacillariophyta_X	546.6	0
0	HJHEFEJI_00809	class	Hacrobia; Cryptophyta; Cryptophyceae; Cryptomonadales	Cryptomonadales	144.8	0
0	HJHEFEJI_00810	class	Stramenopiles; Ochrophyta; Bacillariophyta; Bacillariophyta_X	Bacillariophyta_X	97.4	0
0	HJHEFEJI_00812	class	Alveolata; Dinoflagellata; Dinophyceae; Gonyaulacales	Gonyaulacales	270.8	0
0	HJHEFEJI_00813	order	Opisthokonta; Fungi; Ascomycota; Saccharomycotina; Saccharomycetales	Saccharomycetales	517.7	0
0	HJHEFEJI_00815	class	Stramenopiles; Ochrophyta; Bacillariophyta; Bacillariophyta_X	Bacillariophyta_X	99.4	0
0	HJHEFEJI_00820	class	Excavata; Discoba; Euglenozoa; Euglenida	Euglenida	224.2	0
0	HJHEFEJI_00821	order	Archaeplastida; Chlorophyta; Nephroselmidophyceae; Nephroselmidales; Nephroselmidales_X	Nephroselmidales_X	540.0	0
0	HJHEFEJI_00823	class	Archaeplastida; Chlorophyta; Nephroselmidophyceae; Nephroselmidales	Nephroselmidales	106.7	0
0	HJHEFEJI_00826	class	Archaeplastida; Rhodophyta; Stylonematophyceae; Porphyridiales-2	Porphyridiales-2	165.2	0
0	HJHEFEJI_00828	order	Alveolata; Dinoflagellata; Dinophyceae; Peridiniales; Crypthecodiniaceae	Crypthecodiniaceae	233.4	0
0	HJHEFEJI_00829	genus	Archaeplastida; Chlorophyta; Pyramimonadales; Pyramimonadales_X; Pyramimonadales_XX; Pyramimonas	Pyramimonas	125.6	1
0	HJHEFEJI_00830	class	Archaeplastida; Chlorophyta; Prasino-Clade-V; Pseudoscourfieldiales	Pseudoscourfieldiales	64.3	0
0	HJHEFEJI_00833	class	Archaeplastida; Chlorophyta; Pyramimonadales; Pyramimonadales_X	Pyramimonadales_X	92.8	0
0	HJHEFEJI_00835	division	Stramenopiles; Ochrophyta; Bacillariophyta	Bacillariophyta	86.7	0
0	HJHEFEJI_00838	class	Hacrobia; Haptophyta; Prymnesiophyceae; Coccolithales	Coccolithales	84.3	0
0	HJHEFEJI_00843	class	Archaeplastida; Chlorophyta; Chlorophyceae; Chlamydomonadales	Chlamydomonadales	248.8	0
0	HJHEFEJI_00844	class	Stramenopiles; Ochrophyta; Dictyochophyceae; Dictyochophyceae_X	Dictyochophyceae_X	298.9	0
0	HJHEFEJI_00847	division	Stramenopiles; Ochrophyta; Bacillariophyta	Bacillariophyta	191.8	0
0	HJHEFEJI_00850	division	Stramenopiles; Ochrophyta; Bacillariophyta	Bacillariophyta	107.8	0
0	HJHEFEJI_00851	class	Archaeplastida; Rhodophyta; Stylonematophyceae; Porphyridiales-2	Porphyridiales-2	230.3	0
0	HJHEFEJI_00852	class	Alveolata; Ciliophora; Prostomatea_1; Prostomatea_1_X	Prostomatea_1_X	194.9	0
0	HJHEFEJI_00855	species	Archaeplastida; Glaucophyta; Glaucocystophyceae; Glaucocystophytes; Glaucocystophytes_X; Gloeochaete; Gloeochaete wittrockiana	Gloeochaete wittrockiana	580.5	0
0	HJHEFEJI_00861	family	Stramenopiles; Ochrophyta; Bacillariophyta; Bacillariophyta_X; Polar-centric-Mediophyceae; Chaetoceros	Chaetoceros	104.0	0
0	HJHEFEJI_00862	order	Stramenopiles; Ochrophyta; Bacillariophyta; Bacillariophyta_X; Polar-centric-Mediophyceae	Polar-centric-Mediophyceae	366.7	0
0	HJHEFEJI_00880	class	Stramenopiles; Stramenopiles_X; Stramenopiles_XX; Stramenopiles_XXX	Stramenopiles_XXX	176.4	0
0	HJHEFEJI_00882	order	Stramenopiles; Ochrophyta; Bacillariophyta; Bacillariophyta_X; Polar-centric-Mediophyceae	Polar-centric-Mediophyceae	104.8	0
0	HJHEFEJI_00883	class	Archaeplastida; Chlorophyta; Pyramimonadales; Pyramimonadales_X	Pyramimonadales_X	273.5	0
0	HJHEFEJI_00884	class	Archaeplastida; Chlorophyta; Chloropicophyceae; Chloropicales	Chloropicales	109.0	0
0	HJHEFEJI_00885	division	Alveolata; Dinoflagellata; Dinophyceae	Dinophyceae	140.6	0
0	HJHEFEJI_00890	division	Amoebozoa; Conosa; Variosea	Variosea	66.2	0
0	HJHEFEJI_00891	class	Stramenopiles; Ochrophyta; Bacillariophyta; Bacillariophyta_X	Bacillariophyta_X	68.6	0
0	HJHEFEJI_00892	division	Stramenopiles; Ochrophyta; Bacillariophyta	Bacillariophyta	90.1	0
0	HJHEFEJI_00902	class	Stramenopiles; Ochrophyta; Raphidophyceae; Raphidophyceae_X	Raphidophyceae_X	156.0	0
0	HJHEFEJI_00904	class	Stramenopiles; Ochrophyta; Bacillariophyta; Bacillariophyta_X	Bacillariophyta_X	95.5	0
0	HJHEFEJI_00907	class	Archaeplastida; Chlorophyta; Chloropicophyceae; Chloropicales	Chloropicales	196.4	0
0	HJHEFEJI_00910	class	Excavata; Discoba; Euglenozoa; Euglenida	Euglenida	81.3	0
0	HJHEFEJI_00911	class	Alveolata; Ciliophora; Spirotrichea; Tintinnida	Tintinnida	282.3	0
0	HJHEFEJI_00915	division	Hacrobia; Cryptophyta; Cryptophyceae	Cryptophyceae	63.9	0
0	HJHEFEJI_00919	division	Stramenopiles; Ochrophyta; Bacillariophyta	Bacillariophyta	71.2	0
0	HJHEFEJI_00921	class	Stramenopiles; Ochrophyta; Bacillariophyta; Bacillariophyta_X	Bacillariophyta_X	273.1	0
0	HJHEFEJI_00924	division	Stramenopiles; Ochrophyta; Bacillariophyta	Bacillariophyta	98.6	0
0	HJHEFEJI_00925	class	Stramenopiles; Ochrophyta; Raphidophyceae; Raphidophyceae_X	Raphidophyceae_X	109.0	0
0	HJHEFEJI_00927	class	Archaeplastida; Chlorophyta; Mamiellophyceae; Mamiellales	Mamiellales	334.3	0
0	HJHEFEJI_00928	class	Stramenopiles; Ochrophyta; Bacillariophyta; Bacillariophyta_X	Bacillariophyta_X	308.9	0
0	HJHEFEJI_00929	order	Stramenopiles; Ochrophyta; Bacillariophyta; Bacillariophyta_X; Polar-centric-Mediophyceae	Polar-centric-Mediophyceae	595.9	0
0	HJHEFEJI_00934	order	Stramenopiles; Ochrophyta; Raphidophyceae; Raphidophyceae_X; Raphidophyceae_XX	Raphidophyceae_XX	75.9	0
0	HJHEFEJI_00936	class	Archaeplastida; Glaucophyta; Glaucocystophyceae; Glaucocystophytes	Glaucocystophytes	166.8	0
0	HJHEFEJI_00942	class	Stramenopiles; Ochrophyta; Dictyochophyceae; Dictyochophyceae_X	Dictyochophyceae_X	122.5	0
0	HJHEFEJI_00945	class	Amoebozoa; Lobosa; Lobosa_X; Stygamoebida	Stygamoebida	238.0	0
0	HJHEFEJI_00946	class	Hacrobia; Cryptophyta; Cryptophyceae; Goniomonadales	Goniomonadales	229.9	0
0	HJHEFEJI_00950	class	Hacrobia; Cryptophyta; Cryptophyceae; Goniomonadales	Goniomonadales	68.9	0
0	HJHEFEJI_00951	class	Hacrobia; Haptophyta; Prymnesiophyceae; Prymnesiales	Prymnesiales	218.4	0
0	HJHEFEJI_00953	division	Alveolata; Ciliophora; Spirotrichea	Spirotrichea	85.1	0
0	HJHEFEJI_00955	class	Stramenopiles; Ochrophyta; Bacillariophyta; Bacillariophyta_X	Bacillariophyta_X	87.8	0
0	HJHEFEJI_00959	class	Stramenopiles; Ochrophyta; Bacillariophyta; Bacillariophyta_X	Bacillariophyta_X	486.1	0
0	HJHEFEJI_00960	class	Stramenopiles; Sagenista; Labyrinthulomycetes; Labyrinthulales	Labyrinthulales	59.7	0
0	HJHEFEJI_00961	class	Archaeplastida; Glaucophyta; Glaucocystophyceae; Glaucocystophytes	Glaucocystophytes	387.5	0
0	HJHEFEJI_00963	order	Amoebozoa; Conosa; Variosea; Variosea_X; Filamoebidae	Filamoebidae	126.7	0
0	HJHEFEJI_00965	order	Archaeplastida; Chlorophyta; Trebouxiophyceae; Prasiolales; Prasiolales_X	Prasiolales_X	218.8	0
0	HJHEFEJI_00966	class	Hacrobia; Cryptophyta; Cryptophyceae; Cryptomonadales	Cryptomonadales	369.8	0
0	HJHEFEJI_00970	class	Archaeplastida; Chlorophyta; Chlorophyceae; Chlamydomonadales	Chlamydomonadales	172.9	0
0	HJHEFEJI_00973	family	Archaeplastida; Chlorophyta; Chloropicophyceae; Chloropicales; Chloropicaceae; Chloroparvula	Chloroparvula	254.2	0
0	HJHEFEJI_00975	class	Archaeplastida; Chlorophyta; Palmophyllophyceae; Prasinococcales	Prasinococcales	181.0	0
0	HJHEFEJI_00976	division	Archaeplastida; Chlorophyta	Chlorophyta	76.3	1
0	HJHEFEJI_00978	class	Archaeplastida; Rhodophyta; Rhodellophyceae; Rhodellales	Rhodellales	84.0	0
0	HJHEFEJI_00982	class	Stramenopiles; Ochrophyta; Bacillariophyta; Bacillariophyta_X	Bacillariophyta_X	155.2	0
0	HJHEFEJI_00985	class	Stramenopiles; Ochrophyta; Bacillariophyta; Bacillariophyta_X	Bacillariophyta_X	275.0	0
0	HJHEFEJI_00989	class	Archaeplastida; Chlorophyta; Mamiellophyceae; Dolichomastigales	Dolichomastigales	152.9	0
0	HJHEFEJI_00990	class	Stramenopiles; Ochrophyta; Bacillariophyta; Bacillariophyta_X	Bacillariophyta_X	257.7	0
0	HJHEFEJI_00992	class	Archaeplastida; Chlorophyta; Mamiellophyceae; Mamiellales	Mamiellales	188.3	0
0	HJHEFEJI_00993	class	Archaeplastida; Rhodophyta; Porphyridiophyceae; Porphyridiales	Porphyridiales	203.0	0
0	HJHEFEJI_00995	class	Stramenopiles; Ochrophyta; Bacillariophyta; Bacillariophyta_X	Bacillariophyta_X	207.2	0
0	HJHEFEJI_00996	class	Hacrobia; Cryptophyta; Cryptophyceae; Cryptomonadales	Cryptomonadales	238.4	0
0	HJHEFEJI_00997	class	Hacrobia; Haptophyta; Prymnesiophyceae; Isochrysidales	Isochrysidales	171.0	0
0	HJHEFEJI_00998	division	Amoebozoa; Discosea; Discosea_X	Discosea_X	74.7	0
0	HJHEFEJI_00999	class	Archaeplastida; Rhodophyta; Porphyridiophyceae; Porphyridiales	Porphyridiales	217.2	0
0	HJHEFEJI_01000	class	Hacrobia; Haptophyta; Prymnesiophyceae; Prymnesiales	Prymnesiales	180.6	0
0	HJHEFEJI_01001	order	Stramenopiles; Ochrophyta; Bacillariophyta; Bacillariophyta_X; Polar-centric-Mediophyceae	Polar-centric-Mediophyceae	77.8	0
0	HJHEFEJI_01003	class	Alveolata; Dinoflagellata; Dinophyceae; Gonyaulacales	Gonyaulacales	138.3	0
0	HJHEFEJI_01004	order	Archaeplastida; Chlorophyta; Trebouxiophyceae; Prasiolales; Prasiolales_X	Prasiolales_X	228.8	0
0	HJHEFEJI_01009	class	Archaeplastida; Chlorophyta; Chlorophyta_X; Chlorophyta_XX	Chlorophyta_XX	797.3	0
0	HJHEFEJI_01010	class	Stramenopiles; Ochrophyta; Bacillariophyta; Bacillariophyta_X	Bacillariophyta_X	220.3	0
0	HJHEFEJI_01016	division	Rhizaria; Cercozoa; Chlorarachniophyceae	Chlorarachniophyceae	145.6	0
0	HJHEFEJI_01021	class	Stramenopiles; Ochrophyta; Dictyochophyceae; Dictyochophyceae_X	Dictyochophyceae_X	82.0	0
0	HJHEFEJI_01025	class	Archaeplastida; Chlorophyta; Chlorodendrophyceae; Chlorodendrales	Chlorodendrales	129.8	0
0	HJHEFEJI_01027	class	Rhizaria; Cercozoa; Chlorarachniophyceae; Chlorarachnida	Chlorarachnida	161.4	0
0	HJHEFEJI_01030	class	Stramenopiles; Ochrophyta; Bacillariophyta; Bacillariophyta_X	Bacillariophyta_X	375.9	0
0	HJHEFEJI_01031	class	Stramenopiles; Ochrophyta; Bacillariophyta; Bacillariophyta_X	Bacillariophyta_X	214.9	0
0	HJHEFEJI_01032				107.1	1
0	HJHEFEJI_01033	division	Stramenopiles; Ochrophyta; Chrysophyceae	Chrysophyceae	123.2	0
0	HJHEFEJI_01034	class	Alveolata; Apicomplexa; Colpodellidea; Vitrelladida	Vitrelladida	477.6	0
0	HJHEFEJI_01036	class	Archaeplastida; Chlorophyta; Palmophyllophyceae; Prasinococcales	Prasinococcales	184.9	0
0	HJHEFEJI_01039	order	Opisthokonta; Fungi; Ascomycota; Saccharomycotina; Saccharomycetales	Saccharomycetales	173.7	0
0	HJHEFEJI_01049	division	Hacrobia; Cryptophyta; Cryptophyceae	Cryptophyceae	59.7	0
0	HJHEFEJI_01058	class	Stramenopiles; Sagenista; Labyrinthulomycetes; Thraustochytriales	Thraustochytriales	75.5	0
0	HJHEFEJI_01059	class	Hacrobia; Cryptophyta; Cryptophyceae; Goniomonadales	Goniomonadales	89.4	0
0	HJHEFEJI_01060	class	Archaeplastida; Chlorophyta; Mamiellophyceae; Mamiellales	Mamiellales	356.7	0
0	HJHEFEJI_01061	class	Archaeplastida; Rhodophyta; Porphyridiophyceae; Porphyridiales	Porphyridiales	292.7	0
0	HJHEFEJI_01062	order	Archaeplastida; Rhodophyta; Rhodellophyceae; Rhodellales; Rhodellales_X	Rhodellales_X	297.7	0
0	HJHEFEJI_01065	class	Hacrobia; Cryptophyta; Cryptophyceae; Cryptomonadales	Cryptomonadales	65.9	0
0	HJHEFEJI_01066	order	Stramenopiles; Sagenista; Labyrinthulomycetes; Thraustochytriales; Thraustochytriaceae	Thraustochytriaceae	197.2	0
0	HJHEFEJI_01069	class	Archaeplastida; Chlorophyta; Mamiellophyceae; Mamiellales	Mamiellales	173.3	0
0	HJHEFEJI_01070	class	Archaeplastida; Chlorophyta; Mamiellophyceae; Mamiellales	Mamiellales	162.9	0
0	HJHEFEJI_01071	order	Stramenopiles; Ochrophyta; Bacillariophyta; Bacillariophyta_X; Polar-centric-Mediophyceae	Polar-centric-Mediophyceae	258.8	0
0	HJHEFEJI_01072	class	Stramenopiles; Ochrophyta; Bacillariophyta; Bacillariophyta_X	Bacillariophyta_X	179.1	0
0	HJHEFEJI_01074	order	Stramenopiles; Ochrophyta; Pinguiophyceae; Pinguiochrysidales; Pinguiochrysidaceae	Pinguiochrysidaceae	401.7	0
0	HJHEFEJI_01076	class	Stramenopiles; Ochrophyta; Bacillariophyta; Bacillariophyta_X	Bacillariophyta_X	145.6	0
0	HJHEFEJI_01077	class	Archaeplastida; Chlorophyta; Mamiellophyceae; Dolichomastigales	Dolichomastigales	115.2	0
0	HJHEFEJI_01079	class	Alveolata; Dinoflagellata; Dinophyceae; Gymnodiniales	Gymnodiniales	174.9	0
0	HJHEFEJI_01080	division	Rhizaria; Cercozoa; Chlorarachniophyceae	Chlorarachniophyceae	95.1	0
0	HJHEFEJI_01082	class	Stramenopiles; Ochrophyta; Bacillariophyta; Bacillariophyta_X	Bacillariophyta_X	292.7	0
0	HJHEFEJI_01083	class	Stramenopiles; Ochrophyta; Bacillariophyta; Bacillariophyta_X	Bacillariophyta_X	206.8	0
0	HJHEFEJI_01086	class	Archaeplastida; Chlorophyta; Mamiellophyceae; Dolichomastigales	Dolichomastigales	183.7	0
0	HJHEFEJI_01095	class	Archaeplastida; Glaucophyta; Glaucocystophyceae; Glaucocystophytes	Glaucocystophytes	96.7	0
0	HJHEFEJI_01096	class	Stramenopiles; Ochrophyta; Bacillariophyta; Bacillariophyta_X	Bacillariophyta_X	122.5	0
0	HJHEFEJI_01097	class	Stramenopiles; Ochrophyta; Bacillariophyta; Bacillariophyta_X	Bacillariophyta_X	103.2	0
0	HJHEFEJI_01099	division	Stramenopiles; Ochrophyta; Bacillariophyta	Bacillariophyta	96.3	0
0	HJHEFEJI_01101				83.2	1
0	HJHEFEJI_01110	class	Archaeplastida; Chlorophyta; Chlorodendrophyceae; Chlorodendrales	Chlorodendrales	112.5	0
0	HJHEFEJI_01112	class	Stramenopiles; Ochrophyta; Dictyochophyceae; Dictyochophyceae_X	Dictyochophyceae_X	112.5	0
0	HJHEFEJI_01116	class	Stramenopiles; Ochrophyta; Bacillariophyta; Bacillariophyta_X	Bacillariophyta_X	84.0	0
0	HJHEFEJI_01117	class	Hacrobia; Cryptophyta; Cryptophyceae; Goniomonadales	Goniomonadales	60.8	0
0	HJHEFEJI_01120	class	Stramenopiles; Ochrophyta; Bacillariophyta; Bacillariophyta_X	Bacillariophyta_X	96.7	0
0	HJHEFEJI_01126	class	Stramenopiles; Ochrophyta; Bacillariophyta; Bacillariophyta_X	Bacillariophyta_X	82.0	0
0	HJHEFEJI_01129	genus	Archaeplastida; Chlorophyta; Chlorodendrophyceae; Chlorodendrales; Chlorodendraceae; Tetraselmis; Tetraselmis chuii	Tetraselmis chuii	291.2	0
0	HJHEFEJI_01131	class	Stramenopiles; Ochrophyta; Bacillariophyta; Bacillariophyta_X	Bacillariophyta_X	152.5	0
0	HJHEFEJI_01132	class	Alveolata; Ciliophora; Spirotrichea; Hypotrichia	Hypotrichia	75.5	0
0	HJHEFEJI_01133	division	Stramenopiles; Ochrophyta; Xanthophyceae	Xanthophyceae	112.5	0
0	HJHEFEJI_01149	class	Stramenopiles; Ochrophyta; Bolidophyceae; Parmales	Parmales	80.1	0
0	HJHEFEJI_01150	class	Archaeplastida; Glaucophyta; Glaucocystophyceae; Glaucocystophytes	Glaucocystophytes	359.4	0
0	HJHEFEJI_01151	class	Stramenopiles; Stramenopiles_X; Stramenopiles_XX; Stramenopiles_XXX	Stramenopiles_XXX	60.5	0
0	HJHEFEJI_01153	class	Stramenopiles; Ochrophyta; Bacillariophyta; Bacillariophyta_X	Bacillariophyta_X	83.2	0
0	HJHEFEJI_01156	order	Stramenopiles; Sagenista; Labyrinthulomycetes; Thraustochytriales; Thraustochytriaceae	Thraustochytriaceae	222.6	0
0	HJHEFEJI_01157	class	Hacrobia; Haptophyta; Prymnesiophyceae; Calcihaptophycidae	Calcihaptophycidae	115.5	0
0	HJHEFEJI_01160	class	Stramenopiles; Ochrophyta; Raphidophyceae; Raphidophyceae_X	Raphidophyceae_X	200.3	0
0	HJHEFEJI_01161	class	Archaeplastida; Chlorophyta; Chloropicophyceae; Chloropicales	Chloropicales	124.4	0
0	HJHEFEJI_01162	order	Archaeplastida; Chlorophyta; Trebouxiophyceae; Chlorellales; Chlorellales_X	Chlorellales_X	312.4	0
0	HJHEFEJI_01163	order	Amoebozoa; Lobosa; Discosea-Flabellinia; Dactylopodida; Paramoebidae	Paramoebidae	105.1	0
0	HJHEFEJI_01170	class	Hacrobia; Cryptophyta; Cryptophyceae; Cryptomonadales	Cryptomonadales	61.2	0
0	HJHEFEJI_01171	class	Alveolata; Ciliophora; Spirotrichea; Tintinnida	Tintinnida	287.0	0
0	HJHEFEJI_01175	division	Archaeplastida; Chlorophyta; Chloropicophyceae	Chloropicophyceae	132.9	0
0	HJHEFEJI_01176	order	Stramenopiles; Ochrophyta; Bacillariophyta; Bacillariophyta_X; Polar-centric-Mediophyceae	Polar-centric-Mediophyceae	427.2	0
0	HJHEFEJI_01179	class	Archaeplastida; Rhodophyta; Porphyridiophyceae; Porphyridiales	Porphyridiales	255.0	0
0	HJHEFEJI_01181	order	Stramenopiles; Ochrophyta; Bacillariophyta; Bacillariophyta_X; Radial-centric-basal-Coscinodiscophyceae	Radial-centric-basal-Coscinodiscophyceae	58.2	0
0	HJHEFEJI_01190	class	Archaeplastida; Chlorophyta; Picocystophyceae; Picocystales	Picocystales	114.0	0
0	HJHEFEJI_01191	family	Opisthokonta; Choanoflagellida; Choanoflagellatea; Acanthoecida; Acanthoecida_X; Acanthoecida_XX	Acanthoecida_XX	111.3	0
0	HJHEFEJI_01195	class	Stramenopiles; Ochrophyta; Bacillariophyta; Bacillariophyta_X	Bacillariophyta_X	102.4	0
0	HJHEFEJI_01196	class	Archaeplastida; Chlorophyta; Chlorodendrophyceae; Chlorodendrales	Chlorodendrales	141.4	0
0	HJHEFEJI_01197	class	Alveolata; Ciliophora; Heterotrichea; Heterotrichea_X	Heterotrichea_X	221.1	0
0	HJHEFEJI_01198	class	Stramenopiles; Ochrophyta; Raphidophyceae; Raphidophyceae_X	Raphidophyceae_X	121.3	0
0	HJHEFEJI_01205	class	Stramenopiles; Sagenista; Labyrinthulomycetes; Thraustochytriales	Thraustochytriales	280.8	0
0	HJHEFEJI_01209	class	Alveolata; Dinoflagellata; Dinophyceae; Suessiales	Suessiales	73.6	0
0	HJHEFEJI_01213	class	Stramenopiles; Ochrophyta; Raphidophyceae; Raphidophyceae_X	Raphidophyceae_X	390.6	0
0	HJHEFEJI_01215	class	Stramenopiles; Ochrophyta; Bacillariophyta; Bacillariophyta_X	Bacillariophyta_X	178.3	0
0	HJHEFEJI_01217	order	Archaeplastida; Chlorophyta; Nephroselmidophyceae; Nephroselmidales; Nephroselmidales_X	Nephroselmidales_X	202.2	0
0	HJHEFEJI_01222	order	Stramenopiles; Ochrophyta; Raphidophyceae; Raphidophyceae_X; Raphidophyceae_XX	Raphidophyceae_XX	227.3	0
0	HJHEFEJI_01225	class	Alveolata; Apicomplexa; Colpodellidea; Colpodellida	Colpodellida	98.2	0
0	HJHEFEJI_01226	class	Hacrobia; Haptophyta; Prymnesiophyceae; Isochrysidales	Isochrysidales	75.9	0
0	HJHEFEJI_01227	order	Stramenopiles; Ochrophyta; Bacillariophyta; Bacillariophyta_X; Polar-centric-Mediophyceae	Polar-centric-Mediophyceae	111.3	0
0	HJHEFEJI_01228	class	Archaeplastida; Chlorophyta; Mamiellophyceae; Mamiellales	Mamiellales	160.2	0
0	HJHEFEJI_01231	genus	Archaeplastida; Chlorophyta; Mamiellophyceae; Dolichomastigales; Dolichomastigaceae; Dolichomastix; Dolichomastix tenuilepis	Dolichomastix tenuilepis	138.3	0
0	HJHEFEJI_01235	class	Opisthokonta; Choanoflagellida; Choanoflagellatea; Acanthoecida	Acanthoecida	201.1	0
0	HJHEFEJI_01236	class	Archaeplastida; Chlorophyta; Trebouxiophyceae; Chlorellales	Chlorellales	291.6	0
0	HJHEFEJI_01237	class	Stramenopiles; Ochrophyta; Bacillariophyta; Bacillariophyta_X	Bacillariophyta_X	209.5	0
0	HJHEFEJI_01238	order	Archaeplastida; Chlorophyta; Nephroselmidophyceae; Nephroselmidales; Nephroselmidales_X	Nephroselmidales_X	327.8	0
0	HJHEFEJI_01240	class	Stramenopiles; Ochrophyta; Bacillariophyta; Bacillariophyta_X	Bacillariophyta_X	82.0	0
0	HJHEFEJI_01245	class	Archaeplastida; Rhodophyta; Rhodellophyceae; Rhodellales	Rhodellales	64.3	0
0	HJHEFEJI_01246	class	Stramenopiles; Ochrophyta; Raphidophyceae; Raphidophyceae_X	Raphidophyceae_X	212.6	0
0	HJHEFEJI_01247	order	Stramenopiles; Ochrophyta; Bacillariophyta; Bacillariophyta_X; Polar-centric-Mediophyceae	Polar-centric-Mediophyceae	265.0	0
0	HJHEFEJI_01248	order	Stramenopiles; Ochrophyta; Pelagophyceae; Sarcinochrysidales; Sarcinochrysidaceae	Sarcinochrysidaceae	152.9	0
0	HJHEFEJI_01250	order	Stramenopiles; Ochrophyta; Bacillariophyta; Bacillariophyta_X; Araphid-pennate	Araphid-pennate	344.0	0
0	HJHEFEJI_01251	class	Archaeplastida; Chlorophyta; Picocystophyceae; Picocystales	Picocystales	358.6	0
0	HJHEFEJI_01252	division	Alveolata; Dinoflagellata; Dinophyceae	Dinophyceae	153.3	0
0	HJHEFEJI_01253	class	Stramenopiles; Ochrophyta; Raphidophyceae; Raphidophyceae_X	Raphidophyceae_X	176.8	0
0	HJHEFEJI_01258	class	Stramenopiles; Ochrophyta; Bacillariophyta; Bacillariophyta_X	Bacillariophyta_X	76.3	0
0	HJHEFEJI_01259	class	Hacrobia; Haptophyta; Prymnesiophyceae; Coccolithales	Coccolithales	157.5	0
0	HJHEFEJI_01262	class	Stramenopiles; Ochrophyta; Bacillariophyta; Bacillariophyta_X	Bacillariophyta_X	76.3	0
0	HJHEFEJI_01268	class	Hacrobia; Cryptophyta; Cryptophyceae; Goniomonadales	Goniomonadales	226.1	0
0	HJHEFEJI_01269	division	Archaeplastida; Chlorophyta; Chlorodendrophyceae	Chlorodendrophyceae	103.2	0
0	HJHEFEJI_01283	class	Alveolata; Dinoflagellata; Oxyrrhea; Oxyrrhinales	Oxyrrhinales	146.0	0
0	HJHEFEJI_01289	division	Amoebozoa; Lobosa; Discosea-Flabellinia	Discosea-Flabellinia	95.5	0
0	HJHEFEJI_01304				151.8	1
0	HJHEFEJI_01305	division	Stramenopiles; Ochrophyta; Bacillariophyta	Bacillariophyta	64.3	0
0	HJHEFEJI_01311	class	Stramenopiles; Ochrophyta; Raphidophyceae; Raphidophyceae_X	Raphidophyceae_X	186.0	0
0	HJHEFEJI_01317	division	Stramenopiles; Ochrophyta; Bacillariophyta	Bacillariophyta	58.5	0
0	HJHEFEJI_01327	class	Stramenopiles; Ochrophyta; Raphidophyceae; Raphidophyceae_X	Raphidophyceae_X	113.2	0
0	HJHEFEJI_01328	genus	Archaeplastida; Chlorophyta; Nephroselmidophyceae; Nephroselmidales; Nephroselmidales_X; Nephroselmis; Nephroselmis pyriformis	Nephroselmis pyriformis	258.1	0
0	HJHEFEJI_01330	order	Stramenopiles; Ochrophyta; Bacillariophyta; Bacillariophyta_X; Araphid-pennate	Araphid-pennate	94.4	0
0	HJHEFEJI_01331	class	Stramenopiles; Ochrophyta; Chrysophyceae; Chrysophyceae_X	Chrysophyceae_X	60.8	0
0	HJHEFEJI_01333	class	Stramenopiles; Ochrophyta; Bacillariophyta; Bacillariophyta_X	Bacillariophyta_X	63.5	0
0	HJHEFEJI_01335	class	Stramenopiles; Ochrophyta; Bacillariophyta; Bacillariophyta_X	Bacillariophyta_X	136.3	0
0	HJHEFEJI_01339	class	Rhizaria; Cercozoa; Thecofilosea; Thecofilosea_X	Thecofilosea_X	76.3	0
0	HJHEFEJI_01340	division	Amoebozoa; Discosea; Discosea_X	Discosea_X	125.6	0
0	HJHEFEJI_01341	class	Archaeplastida; Glaucophyta; Glaucocystophyceae; Glaucocystophytes	Glaucocystophytes	109.4	0
0	HJHEFEJI_01342	division	Stramenopiles; Ochrophyta; Bacillariophyta	Bacillariophyta	141.0	0
0	HJHEFEJI_01344	class	Archaeplastida; Chlorophyta; Chloropicophyceae; Chloropicales	Chloropicales	83.2	0
0	HJHEFEJI_01347	class	Archaeplastida; Chlorophyta; Pyramimonadales; Pyramimonadales_X	Pyramimonadales_X	248.8	0
0	HJHEFEJI_01348	class	Stramenopiles; Ochrophyta; Raphidophyceae; Raphidophyceae_X	Raphidophyceae_X	146.7	0
0	HJHEFEJI_01349	class	Archaeplastida; Chlorophyta; Pyramimonadales; Pyramimonadales_X	Pyramimonadales_X	263.5	0
0	HJHEFEJI_01351	class	Stramenopiles; Sagenista; Labyrinthulomycetes; Labyrinthulales	Labyrinthulales	221.5	0
0	HJHEFEJI_01352	class	Stramenopiles; Sagenista; Labyrinthulomycetes; Thraustochytriales	Thraustochytriales	178.7	0
0	HJHEFEJI_01353	class	Hacrobia; Haptophyta; Prymnesiophyceae; Phaeocystales	Phaeocystales	214.2	0
0	HJHEFEJI_01354	class	Alveolata; Apicomplexa; Colpodellidea; Vitrelladida	Vitrelladida	188.0	0
0	HJHEFEJI_01358	class	Stramenopiles; Ochrophyta; Bacillariophyta; Bacillariophyta_X	Bacillariophyta_X	247.7	0
0	HJHEFEJI_01359	class	Stramenopiles; Ochrophyta; Bacillariophyta; Bacillariophyta_X	Bacillariophyta_X	146.7	0
0	HJHEFEJI_01360	class	Hacrobia; Cryptophyta; Cryptophyceae; Cryptomonadales	Cryptomonadales	516.9	0
0	HJHEFEJI_01367	class	Alveolata; Ciliophora; Ciliophora_X; Ciliophora_XX	Ciliophora_XX	196.8	0
0	HJHEFEJI_01371	class	Stramenopiles; Ochrophyta; Raphidophyceae; Raphidophyceae_X	Raphidophyceae_X	58.5	0
0	HJHEFEJI_01372	class	Stramenopiles; Ochrophyta; Chrysophyceae; Chrysophyceae_X	Chrysophyceae_X	153.7	0
0	HJHEFEJI_01374	division	Stramenopiles; Ochrophyta	Ochrophyta	152.1	1
0	HJHEFEJI_01375	class	Archaeplastida; Chlorophyta; Pyramimonadales; Pyramimonadales_X	Pyramimonadales_X	99.8	0
0	HJHEFEJI_01376	class	Stramenopiles; Ochrophyta; Bacillariophyta; Bacillariophyta_X	Bacillariophyta_X	128.6	0
0	HJHEFEJI_01377	class	Excavata; Discoba; Euglenozoa; Euglenida	Euglenida	62.8	0
0	HJHEFEJI_01378	division	Stramenopiles; Ochrophyta; Pelagophyceae	Pelagophyceae	57.4	0
0	HJHEFEJI_01379	class	Stramenopiles; Ochrophyta; Bacillariophyta; Bacillariophyta_X	Bacillariophyta_X	209.5	0
0	HJHEFEJI_01381	class	Hacrobia; Haptophyta; Prymnesiophyceae; Prymnesiales	Prymnesiales	142.1	0
0	HJHEFEJI_01382	class	Rhizaria; Cercozoa; Chlorarachniophyceae; Chlorarachnida	Chlorarachnida	186.8	0
0	HJHEFEJI_01387	division	Archaeplastida; Chlorophyta; Chlorophyta_X	Chlorophyta_X	105.9	0
0	HJHEFEJI_01391	class	Stramenopiles; Ochrophyta; Bacillariophyta; Bacillariophyta_X	Bacillariophyta_X	162.2	0
0	HJHEFEJI_01392	class	Stramenopiles; Ochrophyta; Bacillariophyta; Bacillariophyta_X	Bacillariophyta_X	73.2	0
0	HJHEFEJI_01393	class	Stramenopiles; Ochrophyta; Raphidophyceae; Raphidophyceae_X	Raphidophyceae_X	156.8	0
0	HJHEFEJI_01394	class	Alveolata; Dinoflagellata; Dinophyceae; Gymnodiniales	Gymnodiniales	68.2	0
0	HJHEFEJI_01395	class	Archaeplastida; Chlorophyta; Chlorodendrophyceae; Chlorodendrales	Chlorodendrales	149.4	0
0	HJHEFEJI_01398	class	Stramenopiles; Ochrophyta; Bacillariophyta; Bacillariophyta_X	Bacillariophyta_X	84.0	0
0	HJHEFEJI_01400	class	Stramenopiles; Ochrophyta; Dictyochophyceae; Dictyochophyceae_X	Dictyochophyceae_X	72.8	0
0	HJHEFEJI_01401	class	Stramenopiles; Ochrophyta; Bacillariophyta; Bacillariophyta_X	Bacillariophyta_X	226.9	0
0	HJHEFEJI_01403	class	Stramenopiles; Ochrophyta; Bacillariophyta; Bacillariophyta_X	Bacillariophyta_X	189.1	0
0	HJHEFEJI_01416	class	Amoebozoa; Lobosa; Discosea-Flabellinia; Vannellida	Vannellida	163.3	0
0	HJHEFEJI_01419	class	Opisthokonta; Choanoflagellida; Choanoflagellatea; Acanthoecida	Acanthoecida	100.1	0
0	HJHEFEJI_01420	class	Rhizaria; Cercozoa; Chlorarachniophyceae; Chlorarachnida	Chlorarachnida	167.9	0
0	HJHEFEJI_01421	division	Stramenopiles; Sagenista; Labyrinthulomycetes	Labyrinthulomycetes	150.2	0
0	HJHEFEJI_01423	division	Stramenopiles; Ochrophyta; Dictyochophyceae	Dictyochophyceae	119.0	0
0	HJHEFEJI_01428	class	Stramenopiles; Ochrophyta; Bacillariophyta; Bacillariophyta_X	Bacillariophyta_X	172.6	0
0	HJHEFEJI_01429	class	Stramenopiles; Ochrophyta; Bacillariophyta; Bacillariophyta_X	Bacillariophyta_X	400.2	0
0	HJHEFEJI_01430	class	Alveolata; Dinoflagellata; Dinophyceae; Suessiales	Suessiales	108.6	0
0	HJHEFEJI_01432	class	Archaeplastida; Glaucophyta; Glaucocystophyceae; Glaucocystophytes	Glaucocystophytes	529.6	0
0	HJHEFEJI_01435	order	Hacrobia; Cryptophyta; Cryptophyceae; Goniomonadales; Goniomonadales_X	Goniomonadales_X	139.0	0
0	HJHEFEJI_01436	family	Hacrobia; Cryptophyta; Cryptophyceae; Goniomonadales; Goniomonadales_X; Goniomonas	Goniomonas	265.0	0
0	HJHEFEJI_01437	order	Archaeplastida; Chlorophyta; Nephroselmidophyceae; Nephroselmidales; Nephroselmidales_X	Nephroselmidales_X	235.0	0
0	HJHEFEJI_01439	genus	Stramenopiles; Ochrophyta; Bacillariophyta; Bacillariophyta_X; Polar-centric-Mediophyceae; Thalassiosira; Thalassiosira miniscula	Thalassiosira miniscula	104.4	0
0	HJHEFEJI_01447	class	Alveolata; Dinoflagellata; Dinophyceae; Suessiales	Suessiales	85.9	0
0	HJHEFEJI_01449	division	Amoebozoa; Conosa; Variosea	Variosea	80.5	0
0	HJHEFEJI_01456	order	Archaeplastida; Glaucophyta; Glaucocystophyceae; Glaucocystophytes; Glaucocystophytes_X	Glaucocystophytes_X	462.2	0
0	HJHEFEJI_01459	order	Hacrobia; Cryptophyta; Cryptophyceae; Goniomonadales; Goniomonadales_X	Goniomonadales_X	167.2	0
0	HJHEFEJI_01460	order	Archaeplastida; Chlorophyta; Nephroselmidophyceae; Nephroselmidales; Nephroselmidales_X	Nephroselmidales_X	114.0	0
0	HJHEFEJI_01462	order	Stramenopiles; Ochrophyta; Bacillariophyta; Bacillariophyta_X; Polar-centric-Mediophyceae	Polar-centric-Mediophyceae	678.7	0
0	HJHEFEJI_01467	class	Archaeplastida; Chlorophyta; Chlorodendrophyceae; Chlorodendrales	Chlorodendrales	172.2	0
0	HJHEFEJI_01468	order	Stramenopiles; Ochrophyta; Bacillariophyta; Bacillariophyta_X; Araphid-pennate	Araphid-pennate	88.2	0
0	HJHEFEJI_01469	order	Stramenopiles; Ochrophyta; Bacillariophyta; Bacillariophyta_X; Polar-centric-Mediophyceae	Polar-centric-Mediophyceae	158.7	0
0	HJHEFEJI_01477	division	Stramenopiles; Ochrophyta; Bacillariophyta	Bacillariophyta	86.7	0
0	HJHEFEJI_01479	class	Stramenopiles; Ochrophyta; Bacillariophyta; Bacillariophyta_X	Bacillariophyta_X	198.4	0
0	HJHEFEJI_01480	class	Stramenopiles; Ochrophyta; Bacillariophyta; Bacillariophyta_X	Bacillariophyta_X	299.7	0
0	HJHEFEJI_01482	division	Stramenopiles; Ochrophyta; Bacillariophyta	Bacillariophyta	95.5	0
0	HJHEFEJI_01483	class	Archaeplastida; Chlorophyta; Chlorodendrophyceae; Chlorodendrales	Chlorodendrales	129.0	0
0	HJHEFEJI_01484	class	Alveolata; Ciliophora; Ciliophora_X; Ciliophora_XX	Ciliophora_XX	159.8	0
0	HJHEFEJI_01487	class	Stramenopiles; Ochrophyta; Bacillariophyta; Bacillariophyta_X	Bacillariophyta_X	267.3	0
0	HJHEFEJI_01490	class	Hacrobia; Hacrobia_X; Hacrobia_XX; Hacrobia_XXX	Hacrobia_XXX	168.3	0
0	HJHEFEJI_01491	class	Stramenopiles; Ochrophyta; Bacillariophyta; Bacillariophyta_X	Bacillariophyta_X	104.8	0
0	HJHEFEJI_01494	class	Hacrobia; Haptophyta; Prymnesiophyceae; Prymnesiales	Prymnesiales	282.0	0
0	HJHEFEJI_01495	division	Hacrobia; Haptophyta; Prymnesiophyceae	Prymnesiophyceae	109.0	0
0	HJHEFEJI_01498	class	Hacrobia; Cryptophyta; Cryptophyceae; Cryptomonadales	Cryptomonadales	303.9	0
0	HJHEFEJI_01506	class	Stramenopiles; Ochrophyta; Raphidophyceae; Raphidophyceae_X	Raphidophyceae_X	159.1	0
0	HJHEFEJI_01507	order	Archaeplastida; Chlorophyta; Palmophyllophyceae; Prasinococcales; Prasinococcales-Clade-B	Prasinococcales-Clade-B	323.9	0
0	HJHEFEJI_01509	class	Rhizaria; Cercozoa; Chlorarachniophyceae; Chlorarachnida	Chlorarachnida	59.3	0
0	HJHEFEJI_01510	division	Archaeplastida; Chlorophyta; Pyramimonadales	Pyramimonadales	82.0	0
0	HJHEFEJI_01512	class	Stramenopiles; Ochrophyta; Bacillariophyta; Bacillariophyta_X	Bacillariophyta_X	157.5	0
0	HJHEFEJI_01514	class	Rhizaria; Cercozoa; Chlorarachniophyceae; Chlorarachnida	Chlorarachnida	59.7	0
0	HJHEFEJI_01515	class	Archaeplastida; Chlorophyta; Pyramimonadales; Pyramimonadales_X	Pyramimonadales_X	73.9	0
0	HJHEFEJI_01522	class	Hacrobia; Haptophyta; Pavlovophyceae; Pavlovales	Pavlovales	74.7	0
0	HJHEFEJI_01527	class	Archaeplastida; Glaucophyta; Glaucocystophyceae; Glaucocystophytes	Glaucocystophytes	177.9	0
0	HJHEFEJI_01528	class	Archaeplastida; Glaucophyta; Glaucocystophyceae; Glaucocystophytes	Glaucocystophytes	134.0	0
0	HJHEFEJI_01530	order	Hacrobia; Cryptophyta; Cryptophyceae; Goniomonadales; Goniomonadales_X	Goniomonadales_X	155.2	0
0	HJHEFEJI_01531	class	Stramenopiles; Ochrophyta; Raphidophyceae; Raphidophyceae_X	Raphidophyceae_X	235.3	0
0	HJHEFEJI_01532	class	Amoebozoa; Lobosa; Discosea-Flabellinia; Dactylopodida	Dactylopodida	88.6	0
0	HJHEFEJI_01534	order	Stramenopiles; Ochrophyta; Bacillariophyta; Bacillariophyta_X; Polar-centric-Mediophyceae	Polar-centric-Mediophyceae	576.2	0
0	HJHEFEJI_01535	class	Archaeplastida; Chlorophyta; Chlorodendrophyceae; Chlorodendrales	Chlorodendrales	585.9	0
0	HJHEFEJI_01536	class	Rhizaria; Cercozoa; Chlorarachniophyceae; Chlorarachnida	Chlorarachnida	321.6	0
0	HJHEFEJI_01538	class	Archaeplastida; Chlorophyta; Nephroselmidophyceae; Nephroselmidales	Nephroselmidales	258.8	0
0	HJHEFEJI_01540	class	Archaeplastida; Chlorophyta; Chlorophyta_X; Chlorophyta_XX	Chlorophyta_XX	96.7	0
0	HJHEFEJI_01542	family	Stramenopiles; Ochrophyta; Bacillariophyta; Bacillariophyta_X; Araphid-pennate; Asterionellopsis	Asterionellopsis	57.0	0
0	HJHEFEJI_01548	class	Stramenopiles; Ochrophyta; Bacillariophyta; Bacillariophyta_X	Bacillariophyta_X	114.4	0
0	HJHEFEJI_01549	class	Stramenopiles; Ochrophyta; Bacillariophyta; Bacillariophyta_X	Bacillariophyta_X	124.4	0
0	HJHEFEJI_01550	class	Stramenopiles; Ochrophyta; Bacillariophyta; Bacillariophyta_X	Bacillariophyta_X	160.6	0
0	HJHEFEJI_01551	class	Stramenopiles; Ochrophyta; Dictyochophyceae; Dictyochophyceae_X	Dictyochophyceae_X	192.6	0
0	HJHEFEJI_01552	class	Stramenopiles; Ochrophyta; Bacillariophyta; Bacillariophyta_X	Bacillariophyta_X	260.4	0
0	HJHEFEJI_01556	class	Archaeplastida; Chlorophyta; Chlorodendrophyceae; Chlorodendrales	Chlorodendrales	86.3	0
0	HJHEFEJI_01559	class	Stramenopiles; Ochrophyta; Raphidophyceae; Raphidophyceae_X	Raphidophyceae_X	484.6	0
0	HJHEFEJI_01560	order	Stramenopiles; Ochrophyta; Bacillariophyta; Bacillariophyta_X; Polar-centric-Mediophyceae	Polar-centric-Mediophyceae	99.0	0
0	HJHEFEJI_01561	class	Hacrobia; Cryptophyta; Cryptophyceae; Cryptomonadales	Cryptomonadales	82.8	0
0	HJHEFEJI_01567	class	Amoebozoa; Lobosa; Discosea-Flabellinia; Vannellida	Vannellida	167.2	0
0	HJHEFEJI_01569	division	Amoebozoa; Conosa; Variosea	Variosea	103.6	0
0	HJHEFEJI_01571	class	Alveolata; Ciliophora; Colpodea; Colpodea_X	Colpodea_X	152.9	0
0	HJHEFEJI_01574	class	Alveolata; Dinoflagellata; Dinophyceae; Gonyaulacales	Gonyaulacales	189.5	0
0	HJHEFEJI_01575	class	Stramenopiles; Ochrophyta; Raphidophyceae; Raphidophyceae_X	Raphidophyceae_X	127.1	0
0	HJHEFEJI_01576	class	Stramenopiles; Ochrophyta; Raphidophyceae; Raphidophyceae_X	Raphidophyceae_X	76.6	0
0	HJHEFEJI_01579	family	Stramenopiles; Ochrophyta; Dictyochophyceae; Dictyochophyceae_X; Pedinellales; Pseudopedinella	Pseudopedinella	125.6	0
0	HJHEFEJI_01582	class	Alveolata; Ciliophora; Ciliophora_X; Ciliophora_XX	Ciliophora_XX	185.3	0
0	HJHEFEJI_01583				242.3	1
0	HJHEFEJI_01584	division	Rhizaria; Cercozoa; Chlorarachniophyceae	Chlorarachniophyceae	123.6	0
0	HJHEFEJI_01585	order	Archaeplastida; Glaucophyta; Glaucocystophyceae; Glaucocystophytes; Glaucocystophytes_X	Glaucocystophytes_X	248.1	0
0	HJHEFEJI_01587	class	Stramenopiles; Ochrophyta; Bacillariophyta; Bacillariophyta_X	Bacillariophyta_X	94.7	0
0	HJHEFEJI_01590	class	Stramenopiles; Ochrophyta; Bacillariophyta; Bacillariophyta_X	Bacillariophyta_X	674.1	0
0	HJHEFEJI_01592	order	Stramenopiles; Ochrophyta; Bacillariophyta; Bacillariophyta_X; Polar-centric-Mediophyceae	Polar-centric-Mediophyceae	317.8	0
0	HJHEFEJI_01593	class	Archaeplastida; Rhodophyta; Porphyridiophyceae; Porphyridiales	Porphyridiales	193.7	0
0	HJHEFEJI_01594	class	Archaeplastida; Rhodophyta; Stylonematophyceae; Porphyridiales-2	Porphyridiales-2	287.3	0
0	HJHEFEJI_01596	class	Stramenopiles; Ochrophyta; Pelagophyceae; Sarcinochrysidales	Sarcinochrysidales	164.5	0
0	HJHEFEJI_01598	class	Hacrobia; Cryptophyta; Cryptophyceae; Cryptomonadales	Cryptomonadales	252.7	0
0	HJHEFEJI_01601	class	Stramenopiles; Ochrophyta; Bacillariophyta; Bacillariophyta_X	Bacillariophyta_X	344.0	0
0	HJHEFEJI_01603	class	Alveolata; Dinoflagellata; Dinophyceae; Peridiniales	Peridiniales	138.7	0
0	HJHEFEJI_01604	class	Stramenopiles; Ochrophyta; Bacillariophyta; Bacillariophyta_X	Bacillariophyta_X	395.2	0
0	HJHEFEJI_01607	division	Alveolata; Dinoflagellata; Dinophyceae	Dinophyceae	94.7	0
0	HJHEFEJI_01609	division	Hacrobia; Haptophyta; Prymnesiophyceae	Prymnesiophyceae	70.9	0
0	HJHEFEJI_01613	class	Stramenopiles; Stramenopiles_X; Stramenopiles_XX; Stramenopiles_XXX	Stramenopiles_XXX	96.7	0
0	HJHEFEJI_01622	division	Archaeplastida; Glaucophyta; Glaucocystophyceae	Glaucocystophyceae	94.7	0
0	HJHEFEJI_01625	division	Alveolata; Dinoflagellata; Dinophyceae	Dinophyceae	82.0	0
0	HJHEFEJI_01628	class	Stramenopiles; Ochrophyta; Bacillariophyta; Bacillariophyta_X	Bacillariophyta_X	195.3	0
0	HJHEFEJI_01629	class	Archaeplastida; Chlorophyta; Nephroselmidophyceae; Nephroselmidales	Nephroselmidales	133.7	0
0	HJHEFEJI_01630	class	Hacrobia; Cryptophyta; Cryptophyceae; Cryptomonadales	Cryptomonadales	66.6	0
0	HJHEFEJI_01631	class	Stramenopiles; Ochrophyta; Bacillariophyta; Bacillariophyta_X	Bacillariophyta_X	182.6	0
0	HJHEFEJI_01632	family	Stramenopiles; Ochrophyta; Dictyochophyceae; Dictyochophyceae_X; Pedinellales; Pseudopedinella	Pseudopedinella	217.6	0
0	HJHEFEJI_01633	class	Archaeplastida; Chlorophyta; Chlorodendrophyceae; Chlorodendrales	Chlorodendrales	91.3	0
0	HJHEFEJI_01635	class	Stramenopiles; Ochrophyta; Dictyochophyceae; Dictyochophyceae_X	Dictyochophyceae_X	92.8	0
0	HJHEFEJI_01638	genus	Archaeplastida; Chlorophyta; Pyramimonadales; Pyramimonadales_X; Pyramimonadales_XX; Pyramimonas; Pyramimonas obovata	Pyramimonas obovata	269.2	0
0	HJHEFEJI_01639	family	Alveolata; Dinoflagellata; Dinophyceae; Gonyaulacales; Goniodomataceae; Alexandrium	Alexandrium	121.7	0
0	HJHEFEJI_01642	order	Alveolata; Ciliophora; Ciliophora_X; Ciliophora_XX; Ciliophora_XXX	Ciliophora_XXX	222.6	0
0	HJHEFEJI_01643	class	Stramenopiles; Ochrophyta; Raphidophyceae; Raphidophyceae_X	Raphidophyceae_X	137.1	0
0	HJHEFEJI_01649	division	Archaeplastida; Chlorophyta; Chloropicophyceae	Chloropicophyceae	97.1	0
0	HJHEFEJI_01654	division	Archaeplastida; Glaucophyta; Glaucocystophyceae	Glaucocystophyceae	177.2	0
0	HJHEFEJI_01656	order	Hacrobia; Cryptophyta; Cryptophyceae; Cryptomonadales; Cryptomonadales_X	Cryptomonadales_X	212.6	0
0	HJHEFEJI_01657	class	Stramenopiles; Ochrophyta; Bacillariophyta; Bacillariophyta_X	Bacillariophyta_X	75.5	0
0	HJHEFEJI_01659	class	Stramenopiles; Sagenista; Labyrinthulomycetes; Thraustochytriales	Thraustochytriales	285.4	0
0	HJHEFEJI_01660	order	Stramenopiles; Ochrophyta; Bacillariophyta; Bacillariophyta_X; Polar-centric-Mediophyceae	Polar-centric-Mediophyceae	196.1	0
0	HJHEFEJI_01661	class	Stramenopiles; Ochrophyta; Bacillariophyta; Bacillariophyta_X	Bacillariophyta_X	259.6	0
0	HJHEFEJI_01662	class	Stramenopiles; Sagenista; Labyrinthulomycetes; Labyrinthulales	Labyrinthulales	307.8	0
0	HJHEFEJI_01665	order	Archaeplastida; Glaucophyta; Glaucocystophyceae; Glaucocystophytes; Glaucocystophytes_X	Glaucocystophytes_X	764.2	0
0	HJHEFEJI_01668	class	Alveolata; Ciliophora; Ciliophora_X; Ciliophora_XX	Ciliophora_XX	94.7	0
0	HJHEFEJI_01669	class	Stramenopiles; Ochrophyta; Bacillariophyta; Bacillariophyta_X	Bacillariophyta_X	193.0	0
0	HJHEFEJI_01670	class	Stramenopiles; Ochrophyta; Bacillariophyta; Bacillariophyta_X	Bacillariophyta_X	85.9	0
0	HJHEFEJI_01675	division	Rhizaria; Foraminifera; Globothalamea	Globothalamea	73.6	0
0	HJHEFEJI_01679	class	Stramenopiles; Ochrophyta; Bacillariophyta; Bacillariophyta_X	Bacillariophyta_X	220.3	0
0	HJHEFEJI_01682	class	Archaeplastida; Glaucophyta; Glaucocystophyceae; Glaucocystophytes	Glaucocystophytes	183.0	0
0	HJHEFEJI_01683	class	Stramenopiles; Ochrophyta; Bacillariophyta; Bacillariophyta_X	Bacillariophyta_X	122.9	0
0	HJHEFEJI_01684	class	Stramenopiles; Ochrophyta; Raphidophyceae; Raphidophyceae_X	Raphidophyceae_X	157.5	0
0	HJHEFEJI_01685	class	Stramenopiles; Ochrophyta; Bacillariophyta; Bacillariophyta_X	Bacillariophyta_X	576.2	0
0	HJHEFEJI_01689	order	Archaeplastida; Chlorophyta; Picocystophyceae; Picocystales; Picocystaceae	Picocystaceae	75.5	0
0	HJHEFEJI_01690	class	Stramenopiles; Ochrophyta; Bacillariophyta; Bacillariophyta_X	Bacillariophyta_X	630.2	0
0	HJHEFEJI_01691	family	Archaeplastida; Chlorophyta; Trebouxiophyceae; Chlorellales; Chlorellales_X; Picochlorum	Picochlorum	453.4	0
0	HJHEFEJI_01695	class	Stramenopiles; Ochrophyta; Dictyochophyceae; Dictyochophyceae_X	Dictyochophyceae_X	166.8	0
0	HJHEFEJI_01697	class	Hacrobia; Cryptophyta; Cryptophyceae; Cryptophyceae_XXX	Cryptophyceae_XXX	108.2	0
0	HJHEFEJI_01698	division	Amoebozoa; Lobosa	Lobosa	161.4	1
0	HJHEFEJI_01701	class	Archaeplastida; Glaucophyta; Glaucocystophyceae; Glaucocystophytes	Glaucocystophytes	169.9	0
0	HJHEFEJI_01702	class	Stramenopiles; Ochrophyta; Bacillariophyta; Bacillariophyta_X	Bacillariophyta_X	74.7	0
0	HJHEFEJI_01706	family	Hacrobia; Cryptophyta; Cryptophyceae; Goniomonadales; Goniomonadales_X; Goniomonas	Goniomonas	127.9	0
0	HJHEFEJI_01710	order	Stramenopiles; Ochrophyta; Raphidophyceae; Raphidophyceae_X; Raphidophyceae_XX	Raphidophyceae_XX	166.4	0
0	HJHEFEJI_01716	class	Alveolata; Dinoflagellata; Dinophyceae; Peridiniales	Peridiniales	146.4	0
0	HJHEFEJI_01717	class	Archaeplastida; Chlorophyta; Chloropicophyceae; Chloropicales	Chloropicales	255.4	0
0	HJHEFEJI_01718	class	Stramenopiles; Ochrophyta; Raphidophyceae; Raphidophyceae_X	Raphidophyceae_X	217.6	0
0	HJHEFEJI_01719	class	Archaeplastida; Glaucophyta; Glaucocystophyceae; Glaucocystophytes	Glaucocystophytes	344.7	0
0	HJHEFEJI_01724	class	Stramenopiles; Ochrophyta; Raphidophyceae; Raphidophyceae_X	Raphidophyceae_X	58.2	0
0	HJHEFEJI_01727	family	Archaeplastida; Chlorophyta; Palmophyllophyceae; Prasinococcales; Prasinococcales-Clade-B; Prasinoderma	Prasinoderma	188.0	0
0	HJHEFEJI_01729	class	Stramenopiles; Ochrophyta; Chrysophyceae; Chrysophyceae_X	Chrysophyceae_X	313.5	0
0	HJHEFEJI_01731	division	Stramenopiles; Ochrophyta; Bacillariophyta	Bacillariophyta	64.7	0
0	HJHEFEJI_01735	division	Amoebozoa; Lobosa; Discosea-Flabellinia	Discosea-Flabellinia	68.6	0
0	HJHEFEJI_01736	class	Stramenopiles; Ochrophyta; Bacillariophyta; Bacillariophyta_X	Bacillariophyta_X	183.3	0
0	HJHEFEJI_01738	supergroup	Archaeplastida	Archaeplastida	81.3	1
0	HJHEFEJI_01739	class	Amoebozoa; Lobosa; Discosea-Flabellinia; Dactylopodida	Dactylopodida	186.4	0
0	HJHEFEJI_01744	class	Amoebozoa; Lobosa; Discosea-Flabellinia; Discosea-Flabellinia_X	Discosea-Flabellinia_X	69.3	0
0	HJHEFEJI_01746	class	Archaeplastida; Chlorophyta; Palmophyllophyceae; Prasinococcales	Prasinococcales	229.6	0
0	HJHEFEJI_01748	class	Stramenopiles; Ochrophyta; Bacillariophyta; Bacillariophyta_X	Bacillariophyta_X	79.0	0
0	HJHEFEJI_01752	class	Stramenopiles; Ochrophyta; Dictyochophyceae; Dictyochophyceae_X	Dictyochophyceae_X	216.5	0
0	HJHEFEJI_01753	division	Archaeplastida; Glaucophyta; Glaucocystophyceae	Glaucocystophyceae	81.3	0
0	HJHEFEJI_01757	class	Stramenopiles; Ochrophyta; Bacillariophyta; Bacillariophyta_X	Bacillariophyta_X	96.7	0
0	HJHEFEJI_01761	class	Archaeplastida; Chlorophyta; Nephroselmidophyceae; Nephroselmidales	Nephroselmidales	262.7	0
0	HJHEFEJI_01769	order	Archaeplastida; Chlorophyta; Nephroselmidophyceae; Nephroselmidales; Nephroselmidales_X	Nephroselmidales_X	517.3	0
0	HJHEFEJI_01771	class	Alveolata; Ciliophora; Ciliophora_X; Ciliophora_XX	Ciliophora_XX	144.4	0
0	HJHEFEJI_01774	class	Archaeplastida; Glaucophyta; Glaucocystophyceae; Glaucocystophytes	Glaucocystophytes	92.0	0
0	HJHEFEJI_01775	class	Stramenopiles; Ochrophyta; Bacillariophyta; Bacillariophyta_X	Bacillariophyta_X	134.0	0
0	HJHEFEJI_01780	class	Archaeplastida; Rhodophyta; Porphyridiophyceae; Porphyridiales	Porphyridiales	253.4	0
0	HJHEFEJI_01785	class	Stramenopiles; Ochrophyta; Pelagophyceae; Sarcinochrysidales	Sarcinochrysidales	154.1	0
0	HJHEFEJI_01793	order	Excavata; Discoba; Heterolobosea; Heterolobosea_X; Vahlkampfiidae	Vahlkampfiidae	328.6	0
0	HJHEFEJI_01796	class	Alveolata; Dinoflagellata; Dinophyceae; Gymnodiniales	Gymnodiniales	229.6	0
0	HJHEFEJI_01799	class	Hacrobia; Cryptophyta; Cryptophyceae; Goniomonadales	Goniomonadales	102.4	0
0	HJHEFEJI_01801	class	Stramenopiles; Ochrophyta; Bacillariophyta; Bacillariophyta_X	Bacillariophyta_X	229.9	0
0	HJHEFEJI_01807	class	Stramenopiles; Ochrophyta; Dictyochophyceae; Dictyochophyceae_X	Dictyochophyceae_X	265.0	0
0	HJHEFEJI_01813	division	Archaeplastida; Chlorophyta; Mamiellophyceae	Mamiellophyceae	91.3	0
0	HJHEFEJI_01815	division	Stramenopiles; Ochrophyta; Raphidophyceae	Raphidophyceae	74.3	0
0	HJHEFEJI_01820	class	Hacrobia; Haptophyta; Pavlovophyceae; Pavlovales	Pavlovales	107.1	0
0	HJHEFEJI_01821	class	Hacrobia; Haptophyta; Pavlovophyceae; Pavlovales	Pavlovales	67.4	0
0	HJHEFEJI_01825	class	Amoebozoa; Discosea; Discosea_X; Discosea_XX	Discosea_XX	203.0	0
0	HJHEFEJI_01827	order	Stramenopiles; Ochrophyta; Dictyochophyceae; Dictyochophyceae_X; Pedinellales	Pedinellales	70.5	0
0	HJHEFEJI_01831	class	Alveolata; Dinoflagellata; Dinophyceae; Peridiniales	Peridiniales	124.4	0
0	HJHEFEJI_01843	class	Alveolata; Dinoflagellata; Dinophyceae; Prorocentrales	Prorocentrales	84.3	0
0	HJHEFEJI_01845	class	Hacrobia; Cryptophyta; Cryptophyceae; Goniomonadales	Goniomonadales	178.7	0
0	HJHEFEJI_01847	order	Stramenopiles; Ochrophyta; Bacillariophyta; Bacillariophyta_X; Polar-centric-Mediophyceae	Polar-centric-Mediophyceae	169.1	0
0	HJHEFEJI_01849	family	Archaeplastida; Chlorophyta; Nephroselmidophyceae; Nephroselmidales; Nephroselmidales_X; Nephroselmis	Nephroselmis	57.4	0
0	HJHEFEJI_01850	genus	Archaeplastida; Chlorophyta; Chloropicophyceae; Chloropicales; Chloropicaceae; Chloroparvula; Chloroparvula sp.	Chloroparvula sp.	604.0	0
0	HJHEFEJI_01856	order	Stramenopiles; Ochrophyta; Raphidophyceae; Raphidophyceae_X; Raphidophyceae_XX	Raphidophyceae_XX	167.9	0
0	HJHEFEJI_01857	class	Rhizaria; Foraminifera; Globothalamea; Rotaliida	Rotaliida	185.7	0
0	HJHEFEJI_01859	class	Stramenopiles; Ochrophyta; Bacillariophyta; Bacillariophyta_X	Bacillariophyta_X	78.6	0
0	HJHEFEJI_01863	order	Stramenopiles; Ochrophyta; Bacillariophyta; Bacillariophyta_X; Polar-centric-Mediophyceae	Polar-centric-Mediophyceae	190.3	0
0	HJHEFEJI_01868	order	Stramenopiles; Ochrophyta; Bacillariophyta; Bacillariophyta_X; Polar-centric-Mediophyceae	Polar-centric-Mediophyceae	259.6	0
0	HJHEFEJI_01870	class	Stramenopiles; Ochrophyta; Bacillariophyta; Bacillariophyta_X	Bacillariophyta_X	111.3	0
0	HJHEFEJI_01880	order	Archaeplastida; Chlorophyta; Chlorophyceae; Chlamydomonadales; Chlamydomonadales_X	Chlamydomonadales_X	256.9	0
0	HJHEFEJI_01905	class	Hacrobia; Haptophyta; Pavlovophyceae; Pavlovales	Pavlovales	123.6	0
0	HJHEFEJI_01911	class	Stramenopiles; Ochrophyta; Raphidophyceae; Raphidophyceae_X	Raphidophyceae_X	148.7	0
0	HJHEFEJI_01913	division	Stramenopiles; Ochrophyta; Dictyochophyceae	Dictyochophyceae	113.6	0
0	HJHEFEJI_01915	division	Stramenopiles; Ochrophyta; Dictyochophyceae	Dictyochophyceae	99.8	0
0	HJHEFEJI_01916	class	Alveolata; Ciliophora; Ciliophora_X; Ciliophora_XX	Ciliophora_XX	111.3	0
0	HJHEFEJI_01917	class	Stramenopiles; Ochrophyta; Bacillariophyta; Bacillariophyta_X	Bacillariophyta_X	70.5	0
0	HJHEFEJI_01918	division	Archaeplastida; Chlorophyta; Chlorophyta_X	Chlorophyta_X	89.7	0
0	HJHEFEJI_01921	class	Amoebozoa; Lobosa; Discosea-Flabellinia; Vannellida	Vannellida	204.5	0
0	HJHEFEJI_01924	family	Hacrobia; Cryptophyta; Cryptophyceae; Cryptomonadales; Cryptomonadales_X; Rhodomonas	Rhodomonas	62.0	0
0	HJHEFEJI_01925	class	Alveolata; Ciliophora; Ciliophora_X; Ciliophora_XX	Ciliophora_XX	258.8	0
0	HJHEFEJI_01927	order	Stramenopiles; Ochrophyta; Bacillariophyta; Bacillariophyta_X; Polar-centric-Mediophyceae	Polar-centric-Mediophyceae	192.2	0
0	HJHEFEJI_01930				298.9	1
0	HJHEFEJI_01931	class	Stramenopiles; Ochrophyta; Dictyochophyceae; Dictyochophyceae_X	Dictyochophyceae_X	181.8	0
0	HJHEFEJI_01932	class	Hacrobia; Haptophyta; Prymnesiophyceae; Phaeocystales	Phaeocystales	100.5	0
0	HJHEFEJI_01933	class	Stramenopiles; Ochrophyta; Raphidophyceae; Raphidophyceae_X	Raphidophyceae_X	103.2	0
0	HJHEFEJI_01935	class	Stramenopiles; Ochrophyta; Raphidophyceae; Raphidophyceae_X	Raphidophyceae_X	195.7	0
0	HJHEFEJI_01936	class	Hacrobia; Cryptophyta; Cryptophyceae; Cryptomonadales	Cryptomonadales	73.6	0
0	HJHEFEJI_01937	class	Stramenopiles; Ochrophyta; Bacillariophyta; Bacillariophyta_X	Bacillariophyta_X	107.1	0
0	HJHEFEJI_01942	species	Archaeplastida; Chlorophyta; Pyramimonadales; Pyramimonadales_X; Pyramimonadales_XX; Pterosperma; Pterosperma	Pterosperma	322.4	0
0	HJHEFEJI_01945	supergroup	Archaeplastida	Archaeplastida	145.6	1
0	HJHEFEJI_01946	class	Alveolata; Dinoflagellata; Dinophyceae; Gonyaulacales	Gonyaulacales	61.6	0
0	HJHEFEJI_01947	class	Stramenopiles; Ochrophyta; Chrysophyceae; Chrysophyceae_X	Chrysophyceae_X	109.0	0
0	HJHEFEJI_01948	class	Hacrobia; Cryptophyta; Cryptophyceae; Cryptomonadales	Cryptomonadales	77.0	0
0	HJHEFEJI_01949	class	Stramenopiles; Ochrophyta; Raphidophyceae; Raphidophyceae_X	Raphidophyceae_X	193.7	0
0	HJHEFEJI_01951	class	Stramenopiles; Ochrophyta; Raphidophyceae; Raphidophyceae_X	Raphidophyceae_X	92.8	0
0	HJHEFEJI_01952	class	Hacrobia; Haptophyta; Prymnesiophyceae; Phaeocystales	Phaeocystales	92.4	0
0	HJHEFEJI_01953	class	Stramenopiles; Ochrophyta; Dictyochophyceae; Dictyochophyceae_X	Dictyochophyceae_X	180.6	0
0	HJHEFEJI_01956	class	Stramenopiles; Ochrophyta; Bacillariophyta; Bacillariophyta_X	Bacillariophyta_X	128.6	0
0	HJHEFEJI_01958	class	Stramenopiles; Ochrophyta; Bacillariophyta; Bacillariophyta_X	Bacillariophyta_X	141.4	0
0	HJHEFEJI_01961	class	Alveolata; Ciliophora; Ciliophora_X; Ciliophora_XX	Ciliophora_XX	493.4	0
0	HJHEFEJI_01965	class	Archaeplastida; Rhodophyta; Rhodellophyceae; Rhodellales	Rhodellales	216.9	0
0	HJHEFEJI_01966	class	Archaeplastida; Glaucophyta; Glaucocystophyceae; Glaucocystophytes	Glaucocystophytes	207.6	0
0	HJHEFEJI_01970	class	Stramenopiles; Ochrophyta; Chrysophyceae; Chrysophyceae_X	Chrysophyceae_X	90.1	0
0	HJHEFEJI_01972	class	Stramenopiles; Ochrophyta; Bacillariophyta; Bacillariophyta_X	Bacillariophyta_X	211.5	0
0	HJHEFEJI_01974	class	Archaeplastida; Chlorophyta; Mamiellophyceae; Dolichomastigales	Dolichomastigales	105.1	0
0	HJHEFEJI_01975	class	Stramenopiles; Ochrophyta; Dictyochophyceae; Dictyochophyceae_X	Dictyochophyceae_X	126.3	0
0	HJHEFEJI_01977	class	Archaeplastida; Chlorophyta; Nephroselmidophyceae; Nephroselmidales	Nephroselmidales	165.6	0
0	HJHEFEJI_01995	class	Stramenopiles; Ochrophyta; Bacillariophyta; Bacillariophyta_X	Bacillariophyta_X	115.2	0
0	HJHEFEJI_01996	class	Stramenopiles; Ochrophyta; Pelagophyceae; Sarcinochrysidales	Sarcinochrysidales	207.6	0
0	HJHEFEJI_01997	order	Archaeplastida; Chlorophyta; Chlorophyceae; Chlamydomonadales; Chlamydomonadales_X	Chlamydomonadales_X	55.5	0
0	HJHEFEJI_02005	class	Opisthokonta; Fungi; Ascomycota; Saccharomycotina	Saccharomycotina	347.4	0
0	HJHEFEJI_02007	class	Archaeplastida; Glaucophyta; Glaucocystophyceae; Glaucocystophytes	Glaucocystophytes	219.2	0
0	HJHEFEJI_02009	division	Archaeplastida; Rhodophyta; Porphyridiophyceae	Porphyridiophyceae	79.3	0
0	HJHEFEJI_02010	class	Stramenopiles; Ochrophyta; Bacillariophyta; Bacillariophyta_X	Bacillariophyta_X	180.6	0
0	HJHEFEJI_02011	division	Stramenopiles; Ochrophyta; Bacillariophyta	Bacillariophyta	177.6	0
0	HJHEFEJI_02012	family	Stramenopiles; Ochrophyta; Raphidophyceae; Raphidophyceae_X; Raphidophyceae_XX; Heterosigma	Heterosigma	192.6	0
0	HJHEFEJI_02017	division	Stramenopiles; Ochrophyta; Bacillariophyta	Bacillariophyta	95.1	0
0	HJHEFEJI_02018	class	Archaeplastida; Chlorophyta; Mamiellophyceae; Mamiellales	Mamiellales	171.4	0
0	HJHEFEJI_02019	class	Archaeplastida; Chlorophyta; Chlorodendrophyceae; Chlorodendrales	Chlorodendrales	156.8	0
0	HJHEFEJI_02020	order	Stramenopiles; Ochrophyta; Raphidophyceae; Raphidophyceae_X; Raphidophyceae_XX	Raphidophyceae_XX	60.1	0
0	HJHEFEJI_02022	class	Excavata; Discoba; Euglenozoa; Kinetoplastida	Kinetoplastida	67.0	0
0	HJHEFEJI_02023	class	Stramenopiles; Ochrophyta; Bacillariophyta; Bacillariophyta_X	Bacillariophyta_X	124.0	0
0	HJHEFEJI_02025	class	Alveolata; Dinoflagellata; Dinophyceae; Suessiales	Suessiales	68.9	0
0	HJHEFEJI_02027	class	Stramenopiles; Ochrophyta; Bacillariophyta; Bacillariophyta_X	Bacillariophyta_X	378.3	0
0	HJHEFEJI_02028	class	Stramenopiles; Sagenista; Labyrinthulomycetes; Labyrinthulales	Labyrinthulales	105.5	0
0	HJHEFEJI_02029	class	Stramenopiles; Ochrophyta; Bacillariophyta; Bacillariophyta_X	Bacillariophyta_X	171.0	0
0	HJHEFEJI_02030	class	Archaeplastida; Chlorophyta; Nephroselmidophyceae; Nephroselmidales	Nephroselmidales	164.1	0
0	HJHEFEJI_02032	class	Stramenopiles; Ochrophyta; Pelagophyceae; Sarcinochrysidales	Sarcinochrysidales	182.2	0
0	HJHEFEJI_02033	class	Archaeplastida; Chlorophyta; Mamiellophyceae; Mamiellales	Mamiellales	68.2	0
0	HJHEFEJI_02034	class	Alveolata; Ciliophora; Ciliophora_X; Ciliophora_XX	Ciliophora_XX	238.4	0
0	HJHEFEJI_02035	family	Archaeplastida; Chlorophyta; Pyramimonadales; Pyramimonadales_X; Pyramimonadales_XX; Pyramimonas	Pyramimonas	385.6	0
0	HJHEFEJI_02038	class	Stramenopiles; Ochrophyta; Bacillariophyta; Bacillariophyta_X	Bacillariophyta_X	131.7	0
0	HJHEFEJI_02039	class	Stramenopiles; Ochrophyta; Bacillariophyta; Bacillariophyta_X	Bacillariophyta_X	140.6	0
0	HJHEFEJI_02042	class	Alveolata; Ciliophora; Ciliophora_X; Ciliophora_XX	Ciliophora_XX	73.2	0
0	HJHEFEJI_02043	class	Archaeplastida; Chlorophyta; Mamiellophyceae; Mamiellales	Mamiellales	71.6	0
0	HJHEFEJI_02044	class	Stramenopiles; Ochrophyta; Pelagophyceae; Sarcinochrysidales	Sarcinochrysidales	198.7	0
0	HJHEFEJI_02046	class	Archaeplastida; Chlorophyta; Nephroselmidophyceae; Nephroselmidales	Nephroselmidales	164.5	0
0	HJHEFEJI_02047	class	Stramenopiles; Ochrophyta; Bacillariophyta; Bacillariophyta_X	Bacillariophyta_X	150.2	0
0	HJHEFEJI_02048	class	Archaeplastida; Chlorophyta; Chlorophyceae; Chlamydomonadales	Chlamydomonadales	69.7	0
0	HJHEFEJI_02050	class	Amoebozoa; Lobosa; Lobosa_X; Stygamoebida	Stygamoebida	92.4	0
0	HJHEFEJI_02051	class	Stramenopiles; Ochrophyta; Bacillariophyta; Bacillariophyta_X	Bacillariophyta_X	159.1	0
0	HJHEFEJI_02053	class	Stramenopiles; Ochrophyta; Bacillariophyta; Bacillariophyta_X	Bacillariophyta_X	369.0	0
0	HJHEFEJI_02061				112.8	1
0	HJHEFEJI_02062	division	Archaeplastida; Glaucophyta; Glaucocystophyceae	Glaucocystophyceae	71.2	0
0	HJHEFEJI_02063	division	Rhizaria; Cercozoa; Chlorarachniophyceae	Chlorarachniophyceae	166.4	0
0	HJHEFEJI_02064	class	Stramenopiles; Ochrophyta; Bacillariophyta; Bacillariophyta_X	Bacillariophyta_X	206.1	0
0	HJHEFEJI_02065	division	Archaeplastida; Chlorophyta; Pyramimonadales	Pyramimonadales	64.3	0
0	HJHEFEJI_02072	class	Alveolata; Dinoflagellata; Dinophyceae; Peridiniales	Peridiniales	68.6	0
0	HJHEFEJI_02073	class	Amoebozoa; Discosea; Discosea_X; Discosea_XX	Discosea_XX	527.3	0
0	HJHEFEJI_02074	class	Stramenopiles; Ochrophyta; Pelagophyceae; Pelagomonadales	Pelagomonadales	112.5	0
0	HJHEFEJI_02076	class	Alveolata; Dinoflagellata; Dinophyceae; Suessiales	Suessiales	248.8	0
0	HJHEFEJI_02078	class	Rhizaria; Cercozoa; Chlorarachniophyceae; Chlorarachnida	Chlorarachnida	86.3	0
0	HJHEFEJI_02080	class	Stramenopiles; Ochrophyta; Bacillariophyta; Bacillariophyta_X	Bacillariophyta_X	316.2	0
0	HJHEFEJI_02081	order	Alveolata; Ciliophora; Ciliophora_X; Ciliophora_XX; Ciliophora_XXX	Ciliophora_XXX	690.6	0
0	HJHEFEJI_02083	division	Archaeplastida; Chlorophyta; Picocystophyceae	Picocystophyceae	104.0	0
0	HJHEFEJI_02084	class	Archaeplastida; Chlorophyta; Chlorophyceae; Chlamydomonadales	Chlamydomonadales	172.2	0
0	HJHEFEJI_02086	division	Excavata; Discoba; Heterolobosea	Heterolobosea	130.6	0
0	HJHEFEJI_02087	class	Alveolata; Dinoflagellata; Dinophyceae; Gymnodiniales	Gymnodiniales	129.4	0
0	HJHEFEJI_02091	division	Stramenopiles; Ochrophyta; Raphidophyceae	Raphidophyceae	96.7	0
0	HJHEFEJI_02095	division	Stramenopiles; Ochrophyta; Bacillariophyta	Bacillariophyta	151.8	0
0	HJHEFEJI_02100	class	Amoebozoa; Lobosa; Discosea-Flabellinia; Vannellida	Vannellida	323.9	0
0	HJHEFEJI_02102	class	Hacrobia; Cryptophyta; Cryptophyceae; Goniomonadales	Goniomonadales	235.3	0
0	HJHEFEJI_02108	class	Stramenopiles; Ochrophyta; Chrysophyceae; Chrysophyceae_X	Chrysophyceae_X	105.5	0
0	HJHEFEJI_02110	class	Alveolata; Dinoflagellata; Dinophyceae; Dinophysiales	Dinophysiales	123.2	0
0	HJHEFEJI_02112	class	Stramenopiles; Ochrophyta; Bacillariophyta; Bacillariophyta_X	Bacillariophyta_X	403.7	0
0	HJHEFEJI_02116	class	Archaeplastida; Chlorophyta; Trebouxiophyceae; Chlorellales	Chlorellales	375.9	0
0	HJHEFEJI_02117	class	Stramenopiles; Ochrophyta; Bacillariophyta; Bacillariophyta_X	Bacillariophyta_X	152.1	0
0	HJHEFEJI_02121	division	Amoebozoa; Conosa; Variosea	Variosea	119.8	0
0	HJHEFEJI_02122	division	Hacrobia; Haptophyta; Prymnesiophyceae	Prymnesiophyceae	165.6	0
0	HJHEFEJI_02123	genus	Amoebozoa; Discosea; Discosea_X; Discosea_XX; Discosea_XXX; Stereomyxa; Dracoamoeba jormungandri (formerly Stereomyxa ramosa)	Dracoamoeba jormungandri (formerly Stereomyxa ramosa)	106.3	0
0	HJHEFEJI_02124	division	Hacrobia; Cryptophyta; Cryptophyceae	Cryptophyceae	65.1	0
0	HJHEFEJI_02125	class	Archaeplastida; Chlorophyta; Chlorodendrophyceae; Chlorodendrales	Chlorodendrales	127.1	0
0	HJHEFEJI_02126	class	Stramenopiles; Ochrophyta; Bacillariophyta; Bacillariophyta_X	Bacillariophyta_X	442.2	0
0	HJHEFEJI_02127	class	Stramenopiles; Ochrophyta; Bacillariophyta; Bacillariophyta_X	Bacillariophyta_X	208.8	0
0	HJHEFEJI_02128	order	Hacrobia; Cryptophyta; Cryptophyceae; Cryptomonadales; Cryptomonadales_X	Cryptomonadales_X	79.0	0
0	HJHEFEJI_02131				186.8	1
0	HJHEFEJI_02133	division	Archaeplastida; Chlorophyta; Chlorodendrophyceae	Chlorodendrophyceae	80.9	0
0	HJHEFEJI_02136	class	Archaeplastida; Chlorophyta; Pyramimonadales; Pyramimonadales_X	Pyramimonadales_X	294.3	0
0	HJHEFEJI_02138	class	Stramenopiles; Ochrophyta; Bacillariophyta; Bacillariophyta_X	Bacillariophyta_X	58.9	0
0	HJHEFEJI_02139	class	Archaeplastida; Chlorophyta; Nephroselmidophyceae; Nephroselmidales	Nephroselmidales	142.5	0
0	HJHEFEJI_02142	order	Stramenopiles; Ochrophyta; Bacillariophyta; Bacillariophyta_X; Polar-centric-Mediophyceae	Polar-centric-Mediophyceae	77.4	0
0	HJHEFEJI_02144	class	Stramenopiles; Opalozoa; Bicoecea; Anoecales	Anoecales	254.6	0
0	HJHEFEJI_02145	class	Alveolata; Dinoflagellata; Dinophyceae; Prorocentrales	Prorocentrales	149.1	0
0	HJHEFEJI_02146	class	Archaeplastida; Chlorophyta; Chlorodendrophyceae; Chlorodendrales	Chlorodendrales	307.8	0
0	HJHEFEJI_02149	order	Archaeplastida; Chlorophyta; Mamiellophyceae; Mamiellales; Bathycoccaceae	Bathycoccaceae	155.6	0
0	HJHEFEJI_02154	order	Stramenopiles; Ochrophyta; Bacillariophyta; Bacillariophyta_X; Araphid-pennate	Araphid-pennate	474.6	0
0	HJHEFEJI_02155	class	Archaeplastida; Glaucophyta; Glaucocystophyceae; Glaucocystophytes	Glaucocystophytes	142.9	0
0	HJHEFEJI_02157	class	Archaeplastida; Chlorophyta; Mamiellophyceae; Dolichomastigales	Dolichomastigales	73.6	0
0	HJHEFEJI_02164	class	Hacrobia; Haptophyta; Prymnesiophyceae; Prymnesiales	Prymnesiales	223.8	0
0	HJHEFEJI_02165	division	Stramenopiles; Sagenista; Labyrinthulomycetes	Labyrinthulomycetes	151.8	0
0	HJHEFEJI_02166	class	Alveolata; Dinoflagellata; Oxyrrhea; Oxyrrhinales	Oxyrrhinales	261.2	0
0	HJHEFEJI_02168	order	Archaeplastida; Chlorophyta; Chlorodendrophyceae; Chlorodendrales; Chlorodendraceae	Chlorodendraceae	831.2	0
0	HJHEFEJI_02170	class	Alveolata; Dinoflagellata; Dinophyceae; Suessiales	Suessiales	98.6	0
0	HJHEFEJI_02174	class	Stramenopiles; Ochrophyta; Bacillariophyta; Bacillariophyta_X	Bacillariophyta_X	362.1	0
0	HJHEFEJI_02175	class	Alveolata; Dinoflagellata; Dinophyceae; Gonyaulacales	Gonyaulacales	210.3	0
0	HJHEFEJI_02176	class	Rhizaria; Cercozoa; Chlorarachniophyceae; Chlorarachnida	Chlorarachnida	164.9	0
0	HJHEFEJI_02177	class	Alveolata; Ciliophora; Ciliophora_X; Ciliophora_XX	Ciliophora_XX	228.0	0
0	HJHEFEJI_02178				394.4	1
0	HJHEFEJI_02179	order	Opisthokonta; Choanoflagellida; Choanoflagellatea; Acanthoecida; Acanthoecida_X	Acanthoecida_X	104.8	0
0	HJHEFEJI_02183	order	Stramenopiles; Ochrophyta; Bacillariophyta; Bacillariophyta_X; Araphid-pennate	Araphid-pennate	136.3	0
0	HJHEFEJI_02184	division	Stramenopiles; Ochrophyta; Bacillariophyta	Bacillariophyta	93.2	0
0	HJHEFEJI_02188	order	Archaeplastida; Chlorophyta; Mamiellophyceae; Mamiellales; Bathycoccaceae	Bathycoccaceae	85.5	0
0	HJHEFEJI_02196	order	Stramenopiles; Ochrophyta; Bacillariophyta; Bacillariophyta_X; Araphid-pennate	Araphid-pennate	126.7	0
0	HJHEFEJI_02197	class	Hacrobia; Cryptophyta; Cryptophyceae; Cryptomonadales	Cryptomonadales	118.2	0
0	HJHEFEJI_02200	class	Stramenopiles; Ochrophyta; Dictyochophyceae; Dictyochophyceae_X	Dictyochophyceae_X	163.3	0
0	HJHEFEJI_02201	division	Rhizaria; Cercozoa; Chlorarachniophyceae	Chlorarachniophyceae	165.2	0
0	HJHEFEJI_02202	class	Stramenopiles; Ochrophyta; Bacillariophyta; Bacillariophyta_X	Bacillariophyta_X	197.6	0
0	HJHEFEJI_02203	division	Alveolata; Ciliophora; Ciliophora_X	Ciliophora_X	76.6	0
0	HJHEFEJI_02204	class	Stramenopiles; Ochrophyta; Bacillariophyta; Bacillariophyta_X	Bacillariophyta_X	277.3	0
0	HJHEFEJI_02205	class	Amoebozoa; Lobosa; Discosea-Flabellinia; Vannellida	Vannellida	200.7	0
0	HJHEFEJI_02206	class	Hacrobia; Cryptophyta; Cryptophyceae; Cryptomonadales	Cryptomonadales	115.5	0
0	HJHEFEJI_02207	class	Stramenopiles; Ochrophyta; Bacillariophyta; Bacillariophyta_X	Bacillariophyta_X	95.9	0
0	HJHEFEJI_02210	class	Hacrobia; Cryptophyta; Cryptophyceae; Goniomonadales	Goniomonadales	399.8	0
0	HJHEFEJI_02211	class	Hacrobia; Haptophyta; Pavlovophyceae; Pavlovales	Pavlovales	249.6	0
0	HJHEFEJI_02214	class	Stramenopiles; Opalozoa; Bicoecea; Anoecales	Anoecales	250.0	0
0	HJHEFEJI_02215	family	Archaeplastida; Chlorophyta; Mamiellophyceae; Mamiellales; Mamiellaceae; Mantoniella	Mantoniella	673.7	0
0	HJHEFEJI_02219	division	Archaeplastida; Glaucophyta; Glaucocystophyceae	Glaucocystophyceae	67.8	0
0	HJHEFEJI_02222	division	Archaeplastida; Chlorophyta; Chlorodendrophyceae	Chlorodendrophyceae	131.3	0
0	HJHEFEJI_02223	class	Stramenopiles; Ochrophyta; Bacillariophyta; Bacillariophyta_X	Bacillariophyta_X	105.5	0
0	HJHEFEJI_02224	class	Stramenopiles; Ochrophyta; Bacillariophyta; Bacillariophyta_X	Bacillariophyta_X	194.9	0
0	HJHEFEJI_02231	class	Archaeplastida; Chlorophyta; Chlorophyceae; Chlamydomonadales	Chlamydomonadales	100.9	0
0	HJHEFEJI_02232	class	Rhizaria; Cercozoa; Chlorarachniophyceae; Chlorarachnida	Chlorarachnida	57.4	0
0	HJHEFEJI_02234	class	Hacrobia; Cryptophyta; Cryptophyceae; Cryptomonadales	Cryptomonadales	115.5	0
0	HJHEFEJI_02239	class	Stramenopiles; Opalozoa; Bicoecea; Bicoecales	Bicoecales	83.2	0
0	HJHEFEJI_02240	class	Stramenopiles; Ochrophyta; Bacillariophyta; Bacillariophyta_X	Bacillariophyta_X	366.7	0
0	HJHEFEJI_02241	division	Amoebozoa; Conosa; Variosea	Variosea	159.8	0
0	HJHEFEJI_02248	class	Archaeplastida; Glaucophyta; Glaucocystophyceae; Glaucocystophytes	Glaucocystophytes	92.8	0
0	HJHEFEJI_02249	class	Hacrobia; Haptophyta; Prymnesiophyceae; Coccolithales	Coccolithales	437.2	0
0	HJHEFEJI_02252	class	Stramenopiles; Ochrophyta; Bacillariophyta; Bacillariophyta_X	Bacillariophyta_X	237.3	0
0	HJHEFEJI_02253	class	Stramenopiles; Ochrophyta; Bacillariophyta; Bacillariophyta_X	Bacillariophyta_X	187.2	0
0	HJHEFEJI_02256	class	Stramenopiles; Ochrophyta; Bacillariophyta; Bacillariophyta_X	Bacillariophyta_X	86.3	0
0	HJHEFEJI_02259	division	Amoebozoa; Lobosa	Lobosa	191.4	1
0	HJHEFEJI_02264	family	Stramenopiles; Ochrophyta; Dictyochophyceae; Dictyochophyceae_X; Pedinellales; Pseudopedinella	Pseudopedinella	207.6	0
0	HJHEFEJI_02265	order	Archaeplastida; Chlorophyta; Chloropicophyceae; Chloropicales; Chloropicaceae	Chloropicaceae	177.6	0
0	HJHEFEJI_02267	supergroup	Stramenopiles	Stramenopiles	183.3	1
0	HJHEFEJI_02276	class	Alveolata; Ciliophora; Spirotrichea; Tintinnida	Tintinnida	176.0	0
0	HJHEFEJI_02277	class	Archaeplastida; Chlorophyta; Mamiellophyceae; Mamiellales	Mamiellales	171.4	0
0	HJHEFEJI_02279	class	Stramenopiles; Ochrophyta; Pelagophyceae; Sarcinochrysidales	Sarcinochrysidales	199.5	0
0	HJHEFEJI_02280	class	Hacrobia; Haptophyta; Pavlovophyceae; Pavlovales	Pavlovales	158.3	0
0	HJHEFEJI_02282	class	Alveolata; Dinoflagellata; Dinophyceae; Suessiales	Suessiales	118.6	0
0	HJHEFEJI_02283	class	Stramenopiles; Ochrophyta; Bacillariophyta; Bacillariophyta_X	Bacillariophyta_X	251.9	0
0	HJHEFEJI_02291	class	Alveolata; Dinoflagellata; Dinophyceae	Dinophyceae	63.2	1
0	HJHEFEJI_02293	family	Archaeplastida; Chlorophyta; Nephroselmidophyceae; Nephroselmidales; Nephroselmidales_X; Nephroselmis	Nephroselmis	430.3	0
0	HJHEFEJI_02294	division	Archaeplastida; Glaucophyta; Glaucocystophyceae	Glaucocystophyceae	114.0	0
0	HJHEFEJI_02295	order	Archaeplastida; Chlorophyta; Mamiellophyceae; Mamiellales; Bathycoccaceae	Bathycoccaceae	149.1	0
0	HJHEFEJI_02296	class	Archaeplastida; Glaucophyta; Glaucocystophyceae; Glaucocystophytes	Glaucocystophytes	75.5	0
0	HJHEFEJI_02297	order	Archaeplastida; Chlorophyta; Chloropicophyceae; Chloropicales; Chloropicaceae	Chloropicaceae	83.6	0
0	HJHEFEJI_02304	division	Archaeplastida; Rhodophyta; Porphyridiophyceae	Porphyridiophyceae	178.7	0
0	HJHEFEJI_02306	class	Alveolata; Dinoflagellata; Dinophyceae; Gonyaulacales	Gonyaulacales	83.2	0
0	HJHEFEJI_02308	order	Hacrobia; Cryptophyta; Cryptophyceae; Goniomonadales; Goniomonadales_X	Goniomonadales_X	154.1	0
0	HJHEFEJI_02311	order	Hacrobia; Haptophyta; Prymnesiophyceae; Prymnesiales; Chrysochromulinaceae	Chrysochromulinaceae	270.4	0
0	HJHEFEJI_02312	class	Stramenopiles; Ochrophyta; Bacillariophyta; Bacillariophyta_X	Bacillariophyta_X	122.1	0
0	HJHEFEJI_02315	order	Stramenopiles; Ochrophyta; Bacillariophyta; Bacillariophyta_X; Polar-centric-Mediophyceae	Polar-centric-Mediophyceae	322.0	0
0	HJHEFEJI_02317	order	Stramenopiles; Ochrophyta; Bacillariophyta; Bacillariophyta_X; Polar-centric-Mediophyceae	Polar-centric-Mediophyceae	576.6	0
0	HJHEFEJI_02320	family	Archaeplastida; Chlorophyta; Nephroselmidophyceae; Nephroselmidales; Nephroselmidales_X; Nephroselmis	Nephroselmis	93.6	0
0	HJHEFEJI_02324	class	Stramenopiles; Ochrophyta; Bolidophyceae; Parmales	Parmales	135.6	0
0	HJHEFEJI_02332	class	Archaeplastida; Rhodophyta; Stylonematophyceae; Porphyridiales-2	Porphyridiales-2	280.4	0
0	HJHEFEJI_02334	class	Archaeplastida; Rhodophyta; Compsopogonophyceae; Compsopogonales	Compsopogonales	104.0	0
0	HJHEFEJI_02336	family	Amoebozoa; Lobosa; Discosea-Flabellinia; Dactylopodida; Paramoebidae; Neoparamoeba	Neoparamoeba	63.2	0
0	HJHEFEJI_02337	class	Stramenopiles; Ochrophyta; Bacillariophyta; Bacillariophyta_X	Bacillariophyta_X	62.0	0
0	HJHEFEJI_02338	class	Alveolata; Dinoflagellata; Dinophyceae; Peridiniales	Peridiniales	66.2	0
0	HJHEFEJI_02340	class	Stramenopiles; Ochrophyta; Bacillariophyta; Bacillariophyta_X	Bacillariophyta_X	295.0	0
0	HJHEFEJI_02342	class	Stramenopiles; Ochrophyta; Bacillariophyta; Bacillariophyta_X	Bacillariophyta_X	81.6	0
0	HJHEFEJI_02347	class	Alveolata; Dinoflagellata; Dinophyceae; Peridiniales	Peridiniales	107.5	0
0	HJHEFEJI_02349	class	Stramenopiles; Ochrophyta; Bacillariophyta; Bacillariophyta_X	Bacillariophyta_X	374.0	0
0	HJHEFEJI_02352	class	Archaeplastida; Chlorophyta; Chlorophyceae; Chlamydomonadales	Chlamydomonadales	93.6	0
0	HJHEFEJI_02354	family	Stramenopiles; Ochrophyta; Bacillariophyta; Bacillariophyta_X; Polar-centric-Mediophyceae; Thalassiosira	Thalassiosira	619.0	0
0	HJHEFEJI_02356	family	Archaeplastida; Chlorophyta; Mamiellophyceae; Mamiellales; Mamiellaceae; Micromonas	Micromonas	57.8	0
0	HJHEFEJI_02366	class	Rhizaria; Cercozoa; Chlorarachniophyceae; Chlorarachnida	Chlorarachnida	94.0	0
0	HJHEFEJI_02371	class	Amoebozoa; Conosa; Variosea; Variosea_X	Variosea_X	341.3	0
0	HJHEFEJI_02373	class	Opisthokonta; Choanoflagellida; Choanoflagellatea; Acanthoecida	Acanthoecida	90.1	0
0	HJHEFEJI_02379	class	Stramenopiles; Ochrophyta; Bacillariophyta; Bacillariophyta_X	Bacillariophyta_X	159.1	0
0	HJHEFEJI_02385	class	Archaeplastida; Glaucophyta; Glaucocystophyceae; Glaucocystophytes	Glaucocystophytes	250.0	0
0	HJHEFEJI_02387	class	Alveolata; Ciliophora; Spirotrichea; Hypotrichia	Hypotrichia	75.9	0
0	HJHEFEJI_02389	class	Stramenopiles; Ochrophyta; Bacillariophyta; Bacillariophyta_X	Bacillariophyta_X	90.1	0
0	HJHEFEJI_02399	class	Archaeplastida; Chlorophyta; Trebouxiophyceae; Chlorellales	Chlorellales	241.9	0
0	HJHEFEJI_02400	class	Stramenopiles; Ochrophyta; Bacillariophyta; Bacillariophyta_X	Bacillariophyta_X	557.8	0
0	HJHEFEJI_02401				94.4	1
0	HJHEFEJI_02402	class	Hacrobia; Haptophyta; Prymnesiophyceae; Coccolithales	Coccolithales	140.6	0
0	HJHEFEJI_02403	class	Stramenopiles; Ochrophyta; Bacillariophyta; Bacillariophyta_X	Bacillariophyta_X	166.8	0
0	HJHEFEJI_02404	division	Archaeplastida; Chlorophyta; Mamiellophyceae	Mamiellophyceae	69.3	0
0	HJHEFEJI_02406	division	Alveolata; Dinoflagellata; Noctilucophyceae	Noctilucophyceae	137.5	0
0	HJHEFEJI_02407	division	Hacrobia; Cryptophyta; Cryptophyceae	Cryptophyceae	71.2	0
0	HJHEFEJI_02410	class	Archaeplastida; Chlorophyta; Chlorodendrophyceae; Chlorodendrales	Chlorodendrales	250.4	0
0	HJHEFEJI_02411	class	Stramenopiles; Ochrophyta; Bacillariophyta; Bacillariophyta_X	Bacillariophyta_X	303.9	0
0	HJHEFEJI_02412	class	Archaeplastida; Glaucophyta; Glaucocystophyceae; Glaucocystophytes	Glaucocystophytes	417.2	0
0	HJHEFEJI_02418	class	Rhizaria; Foraminifera; Tubothalamea; Miliolida	Miliolida	164.9	0
0	HJHEFEJI_02421	class	Archaeplastida; Glaucophyta; Glaucocystophyceae; Glaucocystophytes	Glaucocystophytes	240.4	0
0	HJHEFEJI_02425	class	Stramenopiles; Ochrophyta; Dictyochophyceae; Dictyochophyceae_X	Dictyochophyceae_X	268.9	0
0	HJHEFEJI_02428	class	Stramenopiles; Ochrophyta; Raphidophyceae; Raphidophyceae_X	Raphidophyceae_X	132.1	0
0	HJHEFEJI_02429	class	Opisthokonta; Choanoflagellida; Choanoflagellatea; Acanthoecida	Acanthoecida	164.9	0
0	HJHEFEJI_02430	class	Excavata; Discoba; Euglenozoa; Euglenida	Euglenida	142.5	0
0	HJHEFEJI_02434	class	Stramenopiles; Ochrophyta; Bacillariophyta; Bacillariophyta_X	Bacillariophyta_X	179.1	0
0	HJHEFEJI_02435	class	Stramenopiles; Ochrophyta; Chrysophyceae; Chrysophyceae_X	Chrysophyceae_X	74.3	0
0	HJHEFEJI_02445	genus	Stramenopiles; Ochrophyta; Raphidophyceae; Raphidophyceae_X; Raphidophyceae_XX; Heterosigma; Heterosigma akashiwo	Heterosigma akashiwo	171.4	0
0	HJHEFEJI_02446	class	Amoebozoa; Discosea; Discosea_X; Discosea_XX	Discosea_XX	177.2	0
0	HJHEFEJI_02449	class	Alveolata; Dinoflagellata; Dinophyceae; Peridiniales	Peridiniales	67.0	0
0	HJHEFEJI_02454	class	Archaeplastida; Chlorophyta; Chloropicophyceae; Chloropicales	Chloropicales	141.7	0
0	HJHEFEJI_02461	order	Archaeplastida; Chlorophyta; Palmophyllophyceae; Prasinococcales; Prasinococcales-Clade-B	Prasinococcales-Clade-B	74.3	0
0	HJHEFEJI_02464	class	Archaeplastida; Glaucophyta; Glaucocystophyceae; Glaucocystophytes	Glaucocystophytes	246.5	0
0	HJHEFEJI_02468	class	Stramenopiles; Ochrophyta; Raphidophyceae; Raphidophyceae_X	Raphidophyceae_X	228.0	0
0	HJHEFEJI_02469	class	Rhizaria; Cercozoa; Thecofilosea; Thecofilosea_X	Thecofilosea_X	337.8	0
0	HJHEFEJI_02471	class	Archaeplastida; Chlorophyta; Chlorodendrophyceae; Chlorodendrales	Chlorodendrales	125.2	0
0	HJHEFEJI_02472	division	Stramenopiles; Ochrophyta; Bacillariophyta	Bacillariophyta	100.9	0
0	HJHEFEJI_02474	order	Opisthokonta; Fungi; Ascomycota; Saccharomycotina; Saccharomycetales	Saccharomycetales	508.1	0
0	HJHEFEJI_02475	division	Stramenopiles; Ochrophyta; Dictyochophyceae	Dictyochophyceae	121.7	0
0	HJHEFEJI_02476	class	Stramenopiles; Ochrophyta; Bacillariophyta; Bacillariophyta_X	Bacillariophyta_X	297.7	0
0	HJHEFEJI_02477	class	Alveolata; Ciliophora; Ciliophora_X; Ciliophora_XX	Ciliophora_XX	151.4	0
0	HJHEFEJI_02478	class	Stramenopiles; Ochrophyta; Bacillariophyta; Bacillariophyta_X	Bacillariophyta_X	141.4	0
0	HJHEFEJI_02481	order	Alveolata; Ciliophora; Ciliophora_X; Ciliophora_XX; Ciliophora_XXX	Ciliophora_XXX	159.8	0
0	HJHEFEJI_02482	family	Stramenopiles; Ochrophyta; Dictyochophyceae; Dictyochophyceae_X; Pedinellales; Pseudopedinella	Pseudopedinella	106.3	0
0	HJHEFEJI_02484	class	Stramenopiles; Ochrophyta; Raphidophyceae; Raphidophyceae_X	Raphidophyceae_X	60.5	0
0	HJHEFEJI_02486	class	Stramenopiles; Ochrophyta; Bacillariophyta; Bacillariophyta_X	Bacillariophyta_X	214.2	0
0	HJHEFEJI_02489	order	Stramenopiles; Ochrophyta; Bacillariophyta; Bacillariophyta_X; Polar-centric-Mediophyceae	Polar-centric-Mediophyceae	97.4	0
0	HJHEFEJI_02490	class	Stramenopiles; Ochrophyta; Bacillariophyta; Bacillariophyta_X	Bacillariophyta_X	269.2	0
0	HJHEFEJI_02493	class	Archaeplastida; Chlorophyta; Picocystophyceae; Picocystales	Picocystales	175.6	0
0	HJHEFEJI_02495	class	Archaeplastida; Chlorophyta; Nephroselmidophyceae; Nephroselmidales	Nephroselmidales	142.5	0
0	HJHEFEJI_02498	division	Amoebozoa; Lobosa; Discosea-Flabellinia	Discosea-Flabellinia	62.4	0
0	HJHEFEJI_02499	class	Stramenopiles; Ochrophyta; Bacillariophyta; Bacillariophyta_X	Bacillariophyta_X	243.4	0
0	HJHEFEJI_02500	class	Stramenopiles; Ochrophyta; Bacillariophyta; Bacillariophyta_X	Bacillariophyta_X	197.2	0
0	HJHEFEJI_02501	class	Archaeplastida; Chlorophyta; Chlorophyceae; Chlamydomonadales	Chlamydomonadales	229.6	0
0	HJHEFEJI_02502	order	Archaeplastida; Chlorophyta; Palmophyllophyceae; Prasinococcales; Prasinococcales-Clade-B	Prasinococcales-Clade-B	463.4	0
0	HJHEFEJI_02503	class	Archaeplastida; Chlorophyta; Palmophyllophyceae; Prasinococcales	Prasinococcales	144.4	0
0	HJHEFEJI_02504	class	Archaeplastida; Chlorophyta; Nephroselmidophyceae; Nephroselmidales	Nephroselmidales	78.2	0
0	HJHEFEJI_02505	class	Hacrobia; Haptophyta; Prymnesiophyceae; Prymnesiales	Prymnesiales	339.0	0
0	HJHEFEJI_02506	order	Archaeplastida; Chlorophyta; Prasino-Clade-V; Pseudoscourfieldiales; Pycnococcaceae	Pycnococcaceae	228.8	0
0	HJHEFEJI_02507	class	Alveolata; Dinoflagellata; Dinophyceae; Gymnodiniales	Gymnodiniales	128.6	0
0	HJHEFEJI_02508	class	Stramenopiles; Ochrophyta; Bacillariophyta; Bacillariophyta_X	Bacillariophyta_X	116.7	0
0	HJHEFEJI_02511	class	Stramenopiles; Ochrophyta; Pelagophyceae; Sarcinochrysidales	Sarcinochrysidales	183.0	0
0	HJHEFEJI_02513	class	Amoebozoa; Conosa; Variosea; Variosea_X	Variosea_X	146.4	0
0	HJHEFEJI_02515	class	Amoebozoa; Lobosa; Tubulinea; Arcellinida	Arcellinida	57.0	0
0	HJHEFEJI_02516	order	Archaeplastida; Chlorophyta; Palmophyllophyceae; Prasinococcales; Prasinococcales-Clade-A	Prasinococcales-Clade-A	273.1	0
0	HJHEFEJI_02519	class	Archaeplastida; Chlorophyta; Nephroselmidophyceae; Nephroselmidales	Nephroselmidales	438.3	0
0	HJHEFEJI_02523	class	Archaeplastida; Chlorophyta; Trebouxiophyceae; Chlorellales	Chlorellales	188.0	0
0	HJHEFEJI_02524				179.5	1
0	HJHEFEJI_02525	class	Hacrobia; Cryptophyta; Cryptophyceae; Cryptomonadales	Cryptomonadales	533.1	0
0	HJHEFEJI_02526	class	Hacrobia; Cryptophyta; Cryptophyceae; Goniomonadales	Goniomonadales	218.8	0
0	HJHEFEJI_02527	class	Archaeplastida; Glaucophyta; Glaucocystophyceae; Glaucocystophytes	Glaucocystophytes	219.2	0
0	HJHEFEJI_02528	class	Archaeplastida; Rhodophyta; Stylonematophyceae; Porphyridiales-2	Porphyridiales-2	107.8	0
0	HJHEFEJI_02530	class	Stramenopiles; Ochrophyta; Bacillariophyta; Bacillariophyta_X	Bacillariophyta_X	202.2	0
0	HJHEFEJI_02533	class	Stramenopiles; Ochrophyta; Bacillariophyta; Bacillariophyta_X	Bacillariophyta_X	227.3	0
0	HJHEFEJI_02534	class	Stramenopiles; Ochrophyta; Bacillariophyta; Bacillariophyta_X	Bacillariophyta_X	109.4	0
0	HJHEFEJI_02535	division	Hacrobia; Cryptophyta; Cryptophyceae	Cryptophyceae	132.5	0
0	HJHEFEJI_02536	class	Alveolata; Apicomplexa; Colpodellidea; Vitrelladida	Vitrelladida	469.5	0
0	HJHEFEJI_02538	class	Amoebozoa; Conosa; Variosea; Variosea_X	Variosea_X	139.0	0
0	HJHEFEJI_02539	class	Stramenopiles; Ochrophyta; Chrysophyceae; Chrysophyceae_X	Chrysophyceae_X	156.8	0
0	HJHEFEJI_02542	class	Hacrobia; Haptophyta; Prymnesiophyceae; Isochrysidales	Isochrysidales	219.2	0
0	HJHEFEJI_02550	class	Stramenopiles; Ochrophyta; Bacillariophyta; Bacillariophyta_X	Bacillariophyta_X	233.0	0
0	HJHEFEJI_02551	class	Archaeplastida; Rhodophyta; Rhodellophyceae; Rhodellales	Rhodellales	105.9	0
0	HJHEFEJI_02552	class	Hacrobia; Cryptophyta; Cryptophyceae; Goniomonadales	Goniomonadales	94.7	0
0	HJHEFEJI_02553	class	Stramenopiles; Ochrophyta; Bacillariophyta; Bacillariophyta_X	Bacillariophyta_X	141.7	0
0	HJHEFEJI_02554	class	Stramenopiles; Ochrophyta; Bacillariophyta; Bacillariophyta_X	Bacillariophyta_X	233.8	0
0	HJHEFEJI_02555	class	Stramenopiles; Ochrophyta; Bacillariophyta; Bacillariophyta_X	Bacillariophyta_X	89.0	0
0	HJHEFEJI_02559	class	Stramenopiles; Ochrophyta; Bacillariophyta; Bacillariophyta_X	Bacillariophyta_X	68.9	0
0	HJHEFEJI_02568	division	Hacrobia; Haptophyta; Prymnesiophyceae	Prymnesiophyceae	57.4	0
0	HJHEFEJI_02570	class	Archaeplastida; Glaucophyta; Glaucocystophyceae; Glaucocystophytes	Glaucocystophytes	107.1	0
0	HJHEFEJI_02571	order	Alveolata; Ciliophora; Ciliophora_X; Ciliophora_XX; Ciliophora_XXX	Ciliophora_XXX	724.9	0
0	HJHEFEJI_02572	order	Stramenopiles; Ochrophyta; Bacillariophyta; Bacillariophyta_X; Polar-centric-Mediophyceae	Polar-centric-Mediophyceae	314.3	0
0	HJHEFEJI_02573	class	Stramenopiles; Ochrophyta; Bacillariophyta; Bacillariophyta_X	Bacillariophyta_X	164.1	0
0	HJHEFEJI_02578	order	Archaeplastida; Chlorophyta; Chloropicophyceae; Chloropicales; Chloropicaceae	Chloropicaceae	295.4	0
0	HJHEFEJI_02585	class	Archaeplastida; Chlorophyta; Pyramimonadales; Pyramimonadales_X	Pyramimonadales_X	87.8	0
0	HJHEFEJI_02589	division	Stramenopiles; Ochrophyta; Chrysophyceae	Chrysophyceae	70.1	0
0	HJHEFEJI_02601	class	Archaeplastida; Rhodophyta; Stylonematophyceae; Porphyridiales-2	Porphyridiales-2	279.6	0
0	HJHEFEJI_02610	division	Rhizaria; Cercozoa; Thecofilosea	Thecofilosea	62.0	0
0	HJHEFEJI_02612	order	Alveolata; Apicomplexa; Colpodellidea; Colpodellida; Chromeraceae	Chromeraceae	275.4	0
0	HJHEFEJI_02614	division	Archaeplastida; Chlorophyta; Palmophyllophyceae	Palmophyllophyceae	89.0	0
0	HJHEFEJI_02620	division	Stramenopiles; Ochrophyta	Ochrophyta	117.1	1
0	HJHEFEJI_02624	genus	Archaeplastida; Chlorophyta; Chlorodendrophyceae; Chlorodendrales; Chlorodendraceae; Tetraselmis; Tetraselmis astigmatica	Tetraselmis astigmatica	147.5	0
0	HJHEFEJI_02625	class	Excavata; Discoba; Euglenozoa; Kinetoplastida	Kinetoplastida	286.2	0
0	HJHEFEJI_02632	order	Stramenopiles; Ochrophyta; Bacillariophyta; Bacillariophyta_X; Polar-centric-Mediophyceae	Polar-centric-Mediophyceae	93.2	0
0	HJHEFEJI_02636	class	Amoebozoa; Lobosa; Discosea-Flabellinia; Vannellida	Vannellida	171.0	0
0	HJHEFEJI_02639	class	Stramenopiles; Sagenista; Labyrinthulomycetes; Labyrinthulales	Labyrinthulales	67.8	0
0	HJHEFEJI_02645	order	Stramenopiles; Ochrophyta; Raphidophyceae; Raphidophyceae_X; Raphidophyceae_XX	Raphidophyceae_XX	113.2	0
0	HJHEFEJI_02648	class	Hacrobia; Haptophyta; Prymnesiophyceae; Zygodiscales	Zygodiscales	73.2	0
0	HJHEFEJI_02652	class	Stramenopiles; Ochrophyta; Bacillariophyta; Bacillariophyta_X	Bacillariophyta_X	201.8	0
0	HJHEFEJI_02657	division	Stramenopiles; Ochrophyta; Bacillariophyta	Bacillariophyta	111.7	0
0	HJHEFEJI_02662	class	Stramenopiles; Ochrophyta; Bacillariophyta; Bacillariophyta_X	Bacillariophyta_X	319.7	0
0	HJHEFEJI_02664	class	Stramenopiles; Ochrophyta; Dictyochophyceae; Dictyochophyceae_X	Dictyochophyceae_X	111.3	0
0	HJHEFEJI_02665	class	Stramenopiles; Ochrophyta; Bacillariophyta; Bacillariophyta_X	Bacillariophyta_X	118.2	0
0	HJHEFEJI_02668	class	Alveolata; Dinoflagellata; Dinophyceae; Gymnodiniales	Gymnodiniales	117.5	0
0	HJHEFEJI_02670	class	Archaeplastida; Rhodophyta; Compsopogonophyceae; Erythropeltidales	Erythropeltidales	58.5	0
0	HJHEFEJI_02672	class	Archaeplastida; Chlorophyta; Chloropicophyceae; Chloropicales	Chloropicales	189.9	0
0	HJHEFEJI_02673	order	Stramenopiles; Ochrophyta; Bacillariophyta; Bacillariophyta_X; Polar-centric-Mediophyceae	Polar-centric-Mediophyceae	260.4	0
0	HJHEFEJI_02677	division	Stramenopiles; Ochrophyta; Bacillariophyta	Bacillariophyta	73.2	0
0	HJHEFEJI_02678	class	Hacrobia; Cryptophyta; Cryptophyceae; Cryptomonadales	Cryptomonadales	82.4	0
0	HJHEFEJI_02681	class	Amoebozoa; Lobosa; Lobosa_X; Trichosida	Trichosida	284.6	0
0	HJHEFEJI_02682	class	Stramenopiles; Ochrophyta; Bacillariophyta; Bacillariophyta_X	Bacillariophyta_X	59.7	0
0	HJHEFEJI_02683	family	Stramenopiles; Ochrophyta; Chrysophyceae; Chrysophyceae_X; Chrysophyceae_Clade-C; Dinobryon	Dinobryon	166.0	0
0	HJHEFEJI_02687	class	Alveolata; Dinoflagellata; Oxyrrhea; Oxyrrhinales	Oxyrrhinales	102.4	0
0	HJHEFEJI_02689	class	Stramenopiles; Ochrophyta; Bacillariophyta; Bacillariophyta_X	Bacillariophyta_X	70.9	0
0	HJHEFEJI_02690				352.8	1
0	HJHEFEJI_02691	class	Stramenopiles; Ochrophyta; Raphidophyceae; Raphidophyceae_X	Raphidophyceae_X	231.9	0
0	HJHEFEJI_02693	class	Stramenopiles; Ochrophyta; Chrysophyceae; Chrysophyceae_X	Chrysophyceae_X	283.1	0
0	HJHEFEJI_02696	order	Stramenopiles; Ochrophyta; Dictyochophyceae; Dictyochophyceae_X; Pedinellales	Pedinellales	164.5	0
0	HJHEFEJI_02698	class	Stramenopiles; Ochrophyta; Bacillariophyta; Bacillariophyta_X	Bacillariophyta_X	152.9	0
0	HJHEFEJI_02699	class	Archaeplastida; Chlorophyta; Mamiellophyceae; Dolichomastigales	Dolichomastigales	310.1	0
0	HJHEFEJI_02702	division	Rhizaria; Cercozoa; Chlorarachniophyceae	Chlorarachniophyceae	83.6	0
0	HJHEFEJI_02706	order	Stramenopiles; Ochrophyta; Raphidophyceae; Raphidophyceae_X; Raphidophyceae_XX	Raphidophyceae_XX	121.3	0
0	HJHEFEJI_02708	class	Alveolata; Ciliophora; Ciliophora_X; Ciliophora_XX	Ciliophora_XX	171.0	0
0	HJHEFEJI_02709	class	Stramenopiles; Ochrophyta; Bacillariophyta; Bacillariophyta_X	Bacillariophyta_X	92.4	0
0	HJHEFEJI_02713	class	Stramenopiles; Ochrophyta; Bacillariophyta; Bacillariophyta_X	Bacillariophyta_X	303.9	0
0	HJHEFEJI_02714	class	Stramenopiles; Ochrophyta; Pelagophyceae; Pelagomonadales	Pelagomonadales	102.4	0
0	HJHEFEJI_02715	class	Stramenopiles; Ochrophyta; Raphidophyceae; Raphidophyceae_X	Raphidophyceae_X	93.2	0
0	HJHEFEJI_02721	genus	Archaeplastida; Chlorophyta; Pyramimonadales; Pyramimonadales_X; Pyramimonadales_XX; Pyramimonas; Pyramimonas obovata	Pyramimonas obovata	133.7	0
0	HJHEFEJI_02722	order	Amoebozoa; Lobosa; Lobosa_X; Trichosida; Trichosidae	Trichosidae	507.7	0
0	HJHEFEJI_02723	class	Archaeplastida; Chlorophyta; Chlorophyceae; Chlamydomonadales	Chlamydomonadales	63.2	0
0	HJHEFEJI_02727	division	Stramenopiles; Ochrophyta; Raphidophyceae	Raphidophyceae	75.1	0
0	HJHEFEJI_02729	class	Hacrobia; Cryptophyta; Cryptophyceae; Cryptomonadales	Cryptomonadales	70.1	0
0	HJHEFEJI_02730	class	Stramenopiles; Ochrophyta; Raphidophyceae; Raphidophyceae_X	Raphidophyceae_X	184.5	0
0	HJHEFEJI_02732	division	Stramenopiles; Ochrophyta; Bacillariophyta	Bacillariophyta	194.5	0
0	HJHEFEJI_02735	class	Alveolata; Dinoflagellata; Dinophyceae; Gymnodiniales	Gymnodiniales	92.8	0
0	HJHEFEJI_02740	class	Stramenopiles; Ochrophyta; Bacillariophyta; Bacillariophyta_X	Bacillariophyta_X	140.2	0
0	HJHEFEJI_02742	order	Alveolata; Dinoflagellata; Dinophyceae; Prorocentrales; Prorocentraceae	Prorocentraceae	90.9	0
0	HJHEFEJI_02743	class	Archaeplastida; Glaucophyta; Glaucocystophyceae; Glaucocystophytes	Glaucocystophytes	214.5	0
0	HJHEFEJI_02751	class	Stramenopiles; Ochrophyta; Bacillariophyta; Bacillariophyta_X	Bacillariophyta_X	195.3	0
0	HJHEFEJI_02753	division	Amoebozoa; Conosa; Variosea	Variosea	114.8	0
0	HJHEFEJI_02754	class	Alveolata; Ciliophora; Ciliophora_X; Ciliophora_XX	Ciliophora_XX	181.8	0
0	HJHEFEJI_02755	division	Stramenopiles; Ochrophyta; Bacillariophyta	Bacillariophyta	78.2	0
0	HJHEFEJI_02756	class	Archaeplastida; Rhodophyta; Porphyridiophyceae; Porphyridiales	Porphyridiales	524.2	0
0	HJHEFEJI_02758	class	Stramenopiles; Opalozoa; Bicoecea; Bicoecales	Bicoecales	77.8	0
0	HJHEFEJI_02759	class	Archaeplastida; Chlorophyta; Mamiellophyceae; Mamiellales	Mamiellales	139.4	0
0	HJHEFEJI_02761	class	Amoebozoa; Lobosa; Discosea-Flabellinia; Vannellida	Vannellida	403.7	0
0	HJHEFEJI_02768	class	Amoebozoa; Lobosa; Discosea-Flabellinia; Vannellida	Vannellida	193.4	0
0	HJHEFEJI_02769	class	Alveolata; Dinoflagellata; Dinophyceae; Peridiniales	Peridiniales	117.5	0
0	HJHEFEJI_02770	class	Stramenopiles; Ochrophyta; Xanthophyceae; Xanthophyceae_X	Xanthophyceae_X	155.6	0
0	HJHEFEJI_02772	class	Stramenopiles; Ochrophyta; Bacillariophyta; Bacillariophyta_X	Bacillariophyta_X	66.6	0
0	HJHEFEJI_02773	family	Stramenopiles; Ochrophyta; Dictyochophyceae; Dictyochophyceae_X; Pedinellales; Pseudopedinella	Pseudopedinella	131.7	0
0	HJHEFEJI_02774	order	Archaeplastida; Chlorophyta; Pyramimonadales; Pyramimonadales_X; Pyramimonadales_XX	Pyramimonadales_XX	217.2	0
0	HJHEFEJI_02787	order	Stramenopiles; Ochrophyta; Bacillariophyta; Bacillariophyta_X; Polar-centric-Mediophyceae	Polar-centric-Mediophyceae	452.2	0
0	HJHEFEJI_02789	class	Alveolata; Dinoflagellata; Dinophyceae; Dinophysiales	Dinophysiales	76.6	0
0	HJHEFEJI_02794	class	Hacrobia; Cryptophyta; Cryptophyceae; Goniomonadales	Goniomonadales	128.6	0
0	HJHEFEJI_02795	division	Alveolata; Ciliophora; Colpodea	Colpodea	80.5	0
0	HJHEFEJI_02796	family	Archaeplastida; Chlorophyta; Chlorodendrophyceae; Chlorodendrales; Chlorodendraceae; Tetraselmis	Tetraselmis	133.7	0
0	HJHEFEJI_02799	order	Hacrobia; Haptophyta; Pavlovophyceae; Pavlovales; Pavlovaceae	Pavlovaceae	89.7	0
0	HJHEFEJI_02800	order	Stramenopiles; Ochrophyta; Dictyochophyceae; Dictyochophyceae_X; Pedinellales	Pedinellales	212.2	0
0	HJHEFEJI_02801	family	Opisthokonta; Choanoflagellida; Choanoflagellatea; Acanthoecida; Acanthoecida_X; Acanthoecida_XX	Acanthoecida_XX	136.3	0
0	HJHEFEJI_02802	family	Amoebozoa; Lobosa; Discosea-Flabellinia; Dactylopodida; Vexilliferidae; Vexillifera	Vexillifera	238.8	0
0	HJHEFEJI_02803	order	Opisthokonta; Choanoflagellida; Choanoflagellatea; Acanthoecida; Acanthoecida_X	Acanthoecida_X	70.1	0
0	HJHEFEJI_02804	order	Stramenopiles; Ochrophyta; Dictyochophyceae; Dictyochophyceae_X; Pedinellales	Pedinellales	174.5	0
0	HJHEFEJI_02805	order	Opisthokonta; Choanoflagellida; Choanoflagellatea; Acanthoecida; Acanthoecida_X	Acanthoecida_X	487.3	0
0	HJHEFEJI_02806	order	Stramenopiles; Sagenista; Labyrinthulomycetes; Thraustochytriales; Thraustochytriaceae	Thraustochytriaceae	57.4	0
0	HJHEFEJI_02809	class	Stramenopiles; Ochrophyta; Dictyochophyceae; Dictyochophyceae_X	Dictyochophyceae_X	120.2	0
0	HJHEFEJI_02810	class	Archaeplastida; Glaucophyta; Glaucocystophyceae; Glaucocystophytes	Glaucocystophytes	148.7	0
0	HJHEFEJI_02813	order	Stramenopiles; Ochrophyta; Bacillariophyta; Bacillariophyta_X; Polar-centric-Mediophyceae	Polar-centric-Mediophyceae	243.0	0
0	HJHEFEJI_02814	order	Stramenopiles; Ochrophyta; Bacillariophyta; Bacillariophyta_X; Polar-centric-Mediophyceae	Polar-centric-Mediophyceae	458.8	0
0	HJHEFEJI_02815	class	Archaeplastida; Rhodophyta; Stylonematophyceae; Porphyridiales-2	Porphyridiales-2	251.5	0
0	HJHEFEJI_02816	class	Stramenopiles; Ochrophyta; Bacillariophyta; Bacillariophyta_X	Bacillariophyta_X	127.1	0
0	HJHEFEJI_02817	class	Alveolata; Ciliophora; Ciliophora_X; Ciliophora_XX	Ciliophora_XX	311.2	0
0	HJHEFEJI_02818	class	Stramenopiles; Ochrophyta; Pelagophyceae; Pelagomonadales	Pelagomonadales	168.7	0
0	HJHEFEJI_02824	order	Stramenopiles; Ochrophyta; Bacillariophyta; Bacillariophyta_X; Araphid-pennate	Araphid-pennate	217.2	0
0	HJHEFEJI_02826	order	Stramenopiles; Ochrophyta; Raphidophyceae; Raphidophyceae_X; Raphidophyceae_XX	Raphidophyceae_XX	99.8	0
0	HJHEFEJI_02828	order	Archaeplastida; Chlorophyta; Nephroselmidophyceae; Nephroselmidales; Nephroselmidales_X	Nephroselmidales_X	103.6	0
0	HJHEFEJI_02829	order	Archaeplastida; Glaucophyta; Glaucocystophyceae; Glaucocystophytes; Cyanoptycaceae	Cyanoptycaceae	203.8	0
0	HJHEFEJI_02831	class	Stramenopiles; Ochrophyta; Bacillariophyta; Bacillariophyta_X	Bacillariophyta_X	62.0	0
0	HJHEFEJI_02835				157.1	1
0	HJHEFEJI_02841	class	Alveolata; Dinoflagellata; Dinophyceae; Suessiales	Suessiales	75.5	0
0	HJHEFEJI_02842	division	Archaeplastida; Chlorophyta; Chlorodendrophyceae	Chlorodendrophyceae	64.3	0
0	HJHEFEJI_02846	family	Stramenopiles; Ochrophyta; Dictyochophyceae; Dictyochophyceae_X; Pedinellales; Pseudopedinella	Pseudopedinella	138.3	0
0	HJHEFEJI_02849	class	Amoebozoa; Lobosa; Discosea-Flabellinia; Discosea-Flabellinia_X	Discosea-Flabellinia_X	290.8	0
0	HJHEFEJI_02853	order	Stramenopiles; Ochrophyta; Dictyochophyceae; Dictyochophyceae_X; Pedinellales	Pedinellales	245.0	0
0	HJHEFEJI_02856	class	Archaeplastida; Chlorophyta; Chlorophyta_X; Chlorophyta_XX	Chlorophyta_XX	87.4	0
0	HJHEFEJI_02857	order	Alveolata; Ciliophora; Ciliophora_X; Ciliophora_XX; Ciliophora_XXX	Ciliophora_XXX	291.2	0
0	HJHEFEJI_02858	class	Archaeplastida; Chlorophyta; Chlorophyceae; Chlamydomonadales	Chlamydomonadales	96.3	0
0	HJHEFEJI_02860	class	Archaeplastida; Chlorophyta; Pyramimonadales; Pyramimonadales_X	Pyramimonadales_X	157.1	0
0	HJHEFEJI_02861	order	Stramenopiles; Ochrophyta; Raphidophyceae; Raphidophyceae_X; Raphidophyceae_XX	Raphidophyceae_XX	144.1	0
0	HJHEFEJI_02862	class	Archaeplastida; Glaucophyta; Glaucocystophyceae; Glaucocystophytes	Glaucocystophytes	127.5	0
0	HJHEFEJI_02866	order	Stramenopiles; Ochrophyta; Bacillariophyta; Bacillariophyta_X; Polar-centric-Mediophyceae	Polar-centric-Mediophyceae	249.2	0
0	HJHEFEJI_02876	family	Stramenopiles; Ochrophyta; Bacillariophyta; Bacillariophyta_X; Araphid-pennate; Asterionellopsis	Asterionellopsis	57.4	0
0	HJHEFEJI_02878	division	Archaeplastida; Chlorophyta	Chlorophyta	104.0	1
0	HJHEFEJI_02883	family	Stramenopiles; Ochrophyta; Bacillariophyta; Bacillariophyta_X; Polar-centric-Mediophyceae; Thalassiosira	Thalassiosira	92.0	0
0	HJHEFEJI_02888	division	Stramenopiles; Ochrophyta; Bacillariophyta	Bacillariophyta	179.9	0
0	HJHEFEJI_02890	division	Stramenopiles; Ochrophyta; Bacillariophyta	Bacillariophyta	119.4	0
0	HJHEFEJI_02895	class	Archaeplastida; Glaucophyta; Glaucocystophyceae; Glaucocystophytes	Glaucocystophytes	344.7	0
0	HJHEFEJI_02899	class	Rhizaria; Cercozoa; Thecofilosea; Thecofilosea_X	Thecofilosea_X	67.4	0
0	HJHEFEJI_02902	class	Hacrobia; Cryptophyta; Cryptophyceae; Cryptomonadales	Cryptomonadales	80.5	0
0	HJHEFEJI_02906	class	Stramenopiles; Ochrophyta; Bacillariophyta; Bacillariophyta_X	Bacillariophyta_X	85.9	0
0	HJHEFEJI_02908	class	Opisthokonta; Choanoflagellida; Choanoflagellatea; Acanthoecida	Acanthoecida	178.3	0
0	HJHEFEJI_02909	division	Alveolata; Dinoflagellata; Dinophyceae	Dinophyceae	115.9	0
0	HJHEFEJI_02910	class	Hacrobia; Haptophyta; Prymnesiophyceae; Calcihaptophycidae	Calcihaptophycidae	116.7	0
0	HJHEFEJI_02911	order	Stramenopiles; Sagenista; Labyrinthulomycetes; Thraustochytriales; Thraustochytriaceae	Thraustochytriaceae	214.5	0
0	HJHEFEJI_02912	class	Opisthokonta; Choanoflagellida; Choanoflagellatea; Acanthoecida	Acanthoecida	80.5	0
0	HJHEFEJI_02915	order	Archaeplastida; Chlorophyta; Chlorophyceae; Chlamydomonadales; Chlamydomonadales_X	Chlamydomonadales_X	177.9	0
0	HJHEFEJI_02918	order	Stramenopiles; Ochrophyta; Bacillariophyta; Bacillariophyta_X; Araphid-pennate	Araphid-pennate	164.9	0
0	HJHEFEJI_02920	class	Stramenopiles; Ochrophyta; Bacillariophyta; Bacillariophyta_X	Bacillariophyta_X	314.3	0
0	HJHEFEJI_02923	order	Stramenopiles; Ochrophyta; Bacillariophyta; Bacillariophyta_X; Polar-centric-Mediophyceae	Polar-centric-Mediophyceae	198.4	0
0	HJHEFEJI_02924	class	Stramenopiles; Sagenista; Labyrinthulomycetes; Labyrinthulales	Labyrinthulales	153.3	0
0	HJHEFEJI_02925	class	Rhizaria; Cercozoa; Chlorarachniophyceae; Chlorarachnida	Chlorarachnida	166.4	0
0	HJHEFEJI_02927	class	Stramenopiles; Ochrophyta; Raphidophyceae; Raphidophyceae_X	Raphidophyceae_X	60.1	0
0	HJHEFEJI_02928	order	Stramenopiles; Ochrophyta; Bacillariophyta; Bacillariophyta_X; Polar-centric-Mediophyceae	Polar-centric-Mediophyceae	263.1	0
0	HJHEFEJI_02929	order	Stramenopiles; Ochrophyta; Bacillariophyta; Bacillariophyta_X; Araphid-pennate	Araphid-pennate	184.9	0
0	HJHEFEJI_02930	class	Stramenopiles; Ochrophyta; Raphidophyceae; Raphidophyceae_X	Raphidophyceae_X	145.6	0
0	HJHEFEJI_02932	class	Amoebozoa; Lobosa; Lobosa_X; Trichosida	Trichosida	119.0	0
0	HJHEFEJI_02933	division	Amoebozoa; Conosa; Variosea	Variosea	172.6	0
0	HJHEFEJI_02946	division	Amoebozoa; Lobosa; Tubulinea	Tubulinea	105.5	0
0	HJHEFEJI_02959	class	Amoebozoa; Conosa; Variosea; Variosea_X	Variosea_X	386.3	0
0	HJHEFEJI_02960	class	Amoebozoa; Lobosa; Lobosa_X; Stygamoebida	Stygamoebida	325.9	0
0	HJHEFEJI_02970	order	Stramenopiles; Ochrophyta; Bacillariophyta; Bacillariophyta_X; Polar-centric-Mediophyceae	Polar-centric-Mediophyceae	154.8	0
0	HJHEFEJI_02972	class	Hacrobia; Haptophyta; Prymnesiophyceae; Prymnesiales	Prymnesiales	88.6	0
0	HJHEFEJI_02976	class	Rhizaria; Foraminifera; Globothalamea; Rotaliida	Rotaliida	126.3	0
0	HJHEFEJI_02979	order	Archaeplastida; Glaucophyta; Glaucocystophyceae; Glaucocystophytes; Cyanoptycaceae	Cyanoptycaceae	375.2	0
0	HJHEFEJI_02980	supergroup	Hacrobia	Hacrobia	156.4	1
0	HJHEFEJI_02983	order	Stramenopiles; Ochrophyta; Bacillariophyta; Bacillariophyta_X; Polar-centric-Mediophyceae	Polar-centric-Mediophyceae	84.3	0
0	HJHEFEJI_02987	order	Stramenopiles; Ochrophyta; Dictyochophyceae; Dictyochophyceae_X; Pedinellales	Pedinellales	209.1	0
0	HJHEFEJI_02988	genus	Archaeplastida; Chlorophyta; Trebouxiophyceae; Chlorellales; Chlorellales_X; Picochlorum; Picochlorum oklahomensis	Picochlorum oklahomensis	293.1	0
0	HJHEFEJI_02992	class	Archaeplastida; Glaucophyta; Glaucocystophyceae; Glaucocystophytes	Glaucocystophytes	68.2	0
0	HJHEFEJI_02993	class	Hacrobia; Cryptophyta; Cryptophyceae; Goniomonadales	Goniomonadales	154.8	0
0	HJHEFEJI_02995	genus	Archaeplastida; Chlorophyta; Palmophyllophyceae; Prasinococcales; Prasinococcales-Clade-B; Prasinoderma; Prasinoderma coloniale	Prasinoderma coloniale	1082.8	0
0	HJHEFEJI_02996	class	Stramenopiles; Ochrophyta; Bacillariophyta; Bacillariophyta_X	Bacillariophyta_X	75.5	0
0	HJHEFEJI_02997	class	Stramenopiles; Ochrophyta; Bacillariophyta; Bacillariophyta_X	Bacillariophyta_X	79.0	0
0	HJHEFEJI_02999	class	Archaeplastida; Chlorophyta; Picocystophyceae; Picocystales	Picocystales	182.6	0
0	HJHEFEJI_03001	order	Stramenopiles; Ochrophyta; Bacillariophyta; Bacillariophyta_X; Polar-centric-Mediophyceae	Polar-centric-Mediophyceae	78.6	0
0	HJHEFEJI_03002	class	Stramenopiles; Ochrophyta; Bacillariophyta; Bacillariophyta_X	Bacillariophyta_X	94.7	0
0	HJHEFEJI_03004	division	Stramenopiles; Ochrophyta; Pinguiophyceae	Pinguiophyceae	71.6	0
0	HJHEFEJI_03010	division	Alveolata; Dinoflagellata; Dinophyceae	Dinophyceae	66.2	0
0	HJHEFEJI_03015	order	Stramenopiles; Ochrophyta; Bacillariophyta; Bacillariophyta_X; Polar-centric-Mediophyceae	Polar-centric-Mediophyceae	128.3	0
0	HJHEFEJI_03016	class	Hacrobia; Cryptophyta; Cryptophyceae; Cryptomonadales	Cryptomonadales	571.2	0
0	HJHEFEJI_03018	class	Hacrobia; Cryptophyta; Cryptophyceae; Cryptomonadales	Cryptomonadales	64.7	0
0	HJHEFEJI_03019	division	Archaeplastida; Chlorophyta	Chlorophyta	111.3	1
0	HJHEFEJI_03026	class	Hacrobia; Cryptophyta; Cryptophyceae; Cryptomonadales	Cryptomonadales	233.4	0
0	HJHEFEJI_03027	order	Stramenopiles; Stramenopiles_X; Stramenopiles_XX; Stramenopiles_XXX; Stramenopiles_XXXX	Stramenopiles_XXXX	108.6	0
0	HJHEFEJI_03033	class	Archaeplastida; Chlorophyta; Chlorodendrophyceae; Chlorodendrales	Chlorodendrales	86.3	0
0	HJHEFEJI_03034	division	Archaeplastida; Glaucophyta; Glaucocystophyceae	Glaucocystophyceae	63.5	0
0	HJHEFEJI_03035	division	Rhizaria; Cercozoa; Chlorarachniophyceae	Chlorarachniophyceae	75.5	0
0	HJHEFEJI_03040	division	Stramenopiles; Ochrophyta; Raphidophyceae	Raphidophyceae	66.2	0
0	HJHEFEJI_03041	class	Archaeplastida; Chlorophyta; Chlorophyceae; Chlamydomonadales	Chlamydomonadales	264.6	0
0	HJHEFEJI_03045	class	Stramenopiles; Ochrophyta; Bacillariophyta; Bacillariophyta_X	Bacillariophyta_X	149.1	0
0	HJHEFEJI_03049	class	Alveolata; Dinoflagellata; Dinophyceae; Suessiales	Suessiales	108.2	0
0	HJHEFEJI_03052	order	Archaeplastida; Chlorophyta; Trebouxiophyceae; Chlorellales; Chlorellales_X	Chlorellales_X	127.9	0
0	HJHEFEJI_03056	order	Stramenopiles; Ochrophyta; Raphidophyceae; Raphidophyceae_X; Raphidophyceae_XX	Raphidophyceae_XX	241.5	0
0	HJHEFEJI_03057	family	Stramenopiles; Ochrophyta; Bacillariophyta; Bacillariophyta_X; Araphid-pennate; Thalassionema	Thalassionema	651.0	0
0	HJHEFEJI_03067	order	Stramenopiles; Ochrophyta; Bacillariophyta; Bacillariophyta_X; Polar-centric-Mediophyceae	Polar-centric-Mediophyceae	242.7	0
0	HJHEFEJI_03068	class	Stramenopiles; Ochrophyta; Bacillariophyta; Bacillariophyta_X	Bacillariophyta_X	198.7	0
0	HJHEFEJI_03069	class	Stramenopiles; Ochrophyta; Bacillariophyta; Bacillariophyta_X	Bacillariophyta_X	72.8	0
0	HJHEFEJI_03079	order	Stramenopiles; Ochrophyta; Bacillariophyta; Bacillariophyta_X; Polar-centric-Mediophyceae	Polar-centric-Mediophyceae	85.9	0
0	HJHEFEJI_03080	class	Stramenopiles; Ochrophyta; Bacillariophyta; Bacillariophyta_X	Bacillariophyta_X	83.6	0
0	HJHEFEJI_03084	class	Archaeplastida; Rhodophyta; Compsopogonophyceae; Erythropeltidales	Erythropeltidales	253.4	0
0	HJHEFEJI_03086	class	Stramenopiles; Ochrophyta; Bacillariophyta; Bacillariophyta_X	Bacillariophyta_X	288.9	0
0	HJHEFEJI_03087	order	Stramenopiles; Ochrophyta; Bacillariophyta; Bacillariophyta_X; Polar-centric-Mediophyceae	Polar-centric-Mediophyceae	242.7	0
0	HJHEFEJI_03088	class	Stramenopiles; Ochrophyta; Bacillariophyta; Bacillariophyta_X	Bacillariophyta_X	101.3	0
0	HJHEFEJI_03091	class	Archaeplastida; Glaucophyta; Glaucocystophyceae; Glaucocystophytes	Glaucocystophytes	62.8	0
0	HJHEFEJI_03093	class	Archaeplastida; Glaucophyta; Glaucocystophyceae; Glaucocystophytes	Glaucocystophytes	122.1	0
0	HJHEFEJI_03094	class	Stramenopiles; Ochrophyta; Chrysophyceae; Chrysophyceae_X	Chrysophyceae_X	72.0	0
0	HJHEFEJI_03097	division	Alveolata; Dinoflagellata; Dinophyceae	Dinophyceae	169.5	0
0	HJHEFEJI_03099	class	Stramenopiles; Ochrophyta; Raphidophyceae; Raphidophyceae_X	Raphidophyceae_X	68.9	0
0	HJHEFEJI_03100	class	Stramenopiles; Ochrophyta; Bacillariophyta; Bacillariophyta_X	Bacillariophyta_X	219.9	0
0	HJHEFEJI_03101	class	Stramenopiles; Ochrophyta; Bacillariophyta; Bacillariophyta_X	Bacillariophyta_X	277.3	0
0	HJHEFEJI_03102	class	Stramenopiles; Ochrophyta; Bacillariophyta; Bacillariophyta_X	Bacillariophyta_X	74.7	0
0	HJHEFEJI_03105	order	Alveolata; Ciliophora; Ciliophora_X; Ciliophora_XX; Ciliophora_XXX	Ciliophora_XXX	197.2	0
0	HJHEFEJI_03109	class	Stramenopiles; Ochrophyta; Bacillariophyta; Bacillariophyta_X	Bacillariophyta_X	146.7	0
0	HJHEFEJI_03110	division	Stramenopiles; Ochrophyta; Bacillariophyta	Bacillariophyta	75.9	0
0	HJHEFEJI_03111	division	Stramenopiles; Ochrophyta; Bacillariophyta	Bacillariophyta	114.4	0
0	HJHEFEJI_03113	class	Stramenopiles; Ochrophyta; Bacillariophyta; Bacillariophyta_X	Bacillariophyta_X	253.8	0
0	HJHEFEJI_03114	order	Stramenopiles; Ochrophyta; Bacillariophyta; Bacillariophyta_X; Polar-centric-Mediophyceae	Polar-centric-Mediophyceae	270.4	0
0	HJHEFEJI_03122	class	Archaeplastida; Glaucophyta; Glaucocystophyceae; Glaucocystophytes	Glaucocystophytes	269.6	0
0	HJHEFEJI_03124	class	Stramenopiles; Ochrophyta; Bacillariophyta; Bacillariophyta_X	Bacillariophyta_X	146.7	0
0	HJHEFEJI_03125	class	Amoebozoa; Conosa; Variosea; Variosea_X	Variosea_X	293.9	0
0	HJHEFEJI_03126	class	Stramenopiles; Ochrophyta; Bacillariophyta; Bacillariophyta_X	Bacillariophyta_X	138.7	0
0	HJHEFEJI_03127	class	Archaeplastida; Chlorophyta; Chlorophyceae; Chlamydomonadales	Chlamydomonadales	434.1	0
0	HJHEFEJI_03130	class	Alveolata; Ciliophora; Ciliophora_X; Ciliophora_XX	Ciliophora_XX	143.7	0
0	HJHEFEJI_03132	division	Archaeplastida; Rhodophyta; Stylonematophyceae	Stylonematophyceae	90.1	0
0	HJHEFEJI_03133	class	Hacrobia; Haptophyta; Prymnesiophyceae	Prymnesiophyceae	145.6	1
0	HJHEFEJI_03134	class	Stramenopiles; Opalozoa; Bicoecea; Anoecales	Anoecales	174.1	0
0	HJHEFEJI_03135	division	Stramenopiles; Ochrophyta; Bacillariophyta	Bacillariophyta	129.8	0
0	HJHEFEJI_03136	class	Amoebozoa; Lobosa; Discosea-Flabellinia; Vannellida	Vannellida	185.3	0
0	HJHEFEJI_03137	class	Alveolata; Dinoflagellata; Dinophyceae; Peridiniales	Peridiniales	166.0	0
0	HJHEFEJI_03138	class	Archaeplastida; Chlorophyta; Chloropicophyceae; Chloropicales	Chloropicales	261.2	0
0	HJHEFEJI_03139	class	Archaeplastida; Chlorophyta; Mamiellophyceae; Mamiellales	Mamiellales	71.6	0
0	HJHEFEJI_03140	class	Archaeplastida; Chlorophyta; Nephroselmidophyceae; Nephroselmidales	Nephroselmidales	72.0	0
0	HJHEFEJI_03144	class	Stramenopiles; Stramenopiles_X; Stramenopiles_XX; Stramenopiles_XXX	Stramenopiles_XXX	86.3	0
0	HJHEFEJI_03146	class	Archaeplastida; Chlorophyta; Chlorophyta_X; Chlorophyta_XX	Chlorophyta_XX	107.8	0
0	HJHEFEJI_03149	class	Stramenopiles; Ochrophyta; Bacillariophyta; Bacillariophyta_X	Bacillariophyta_X	215.7	0
0	HJHEFEJI_03150	class	Archaeplastida; Chlorophyta; Chlorodendrophyceae; Chlorodendrales	Chlorodendrales	254.6	0
0	HJHEFEJI_03153	class	Stramenopiles; Ochrophyta; Bacillariophyta; Bacillariophyta_X	Bacillariophyta_X	104.8	0
0	HJHEFEJI_03155	class	Alveolata; Dinoflagellata; Dinophyceae; Gonyaulacales	Gonyaulacales	66.6	0
0	HJHEFEJI_03157	class	Archaeplastida; Chlorophyta; Mamiellophyceae; Dolichomastigales	Dolichomastigales	396.7	0
0	HJHEFEJI_03159	class	Stramenopiles; Ochrophyta; Bacillariophyta; Bacillariophyta_X	Bacillariophyta_X	70.9	0
0	HJHEFEJI_03164	genus	Hacrobia; Haptophyta; Pavlovophyceae; Pavlovales; Pavlovaceae; Pavlova; Pavlova lutheri	Pavlova lutheri	90.1	0
0	HJHEFEJI_03165	order	Opisthokonta; Choanoflagellida; Choanoflagellatea; Acanthoecida; Acanthoecida_X	Acanthoecida_X	75.5	0
0	HJHEFEJI_03166	class	Archaeplastida; Chlorophyta; Pyramimonadales; Pyramimonadales_X	Pyramimonadales_X	56.6	0
0	HJHEFEJI_03168	order	Archaeplastida; Chlorophyta; Picocystophyceae; Picocystales; Picocystaceae	Picocystaceae	427.9	0
0	HJHEFEJI_03169	class	Stramenopiles; Ochrophyta; Bacillariophyta; Bacillariophyta_X	Bacillariophyta_X	82.8	0
0	HJHEFEJI_03170	class	Stramenopiles; Ochrophyta; Bacillariophyta; Bacillariophyta_X	Bacillariophyta_X	220.3	0
0	HJHEFEJI_03171	class	Stramenopiles; Ochrophyta; Bacillariophyta; Bacillariophyta_X	Bacillariophyta_X	132.9	0
0	HJHEFEJI_03173	class	Archaeplastida; Glaucophyta; Glaucocystophyceae; Glaucocystophytes	Glaucocystophytes	137.5	0
0	HJHEFEJI_03174	class	Stramenopiles; Ochrophyta; Bacillariophyta; Bacillariophyta_X	Bacillariophyta_X	89.4	0
0	HJHEFEJI_03179	class	Amoebozoa; Discosea; Discosea_X; Discosea_XX	Discosea_XX	178.7	0
0	HJHEFEJI_03181	class	Stramenopiles; Ochrophyta; Synurophyceae; Synurales	Synurales	68.9	0
0	HJHEFEJI_03183	division	Archaeplastida; Chlorophyta; Picocystophyceae	Picocystophyceae	92.8	0
0	HJHEFEJI_03184	class	Stramenopiles; Ochrophyta; Bacillariophyta; Bacillariophyta_X	Bacillariophyta_X	84.7	0
0	HJHEFEJI_03186	class	Hacrobia; Cryptophyta; Cryptophyceae; Cryptomonadales	Cryptomonadales	210.7	0
0	HJHEFEJI_03187	class	Hacrobia; Cryptophyta; Cryptophyceae; Cryptomonadales	Cryptomonadales	261.9	0
0	HJHEFEJI_03190	class	Stramenopiles; Ochrophyta; Pelagophyceae; Pelagomonadales	Pelagomonadales	171.0	0
0	HJHEFEJI_03191	class	Alveolata; Ciliophora; Ciliophora_X; Ciliophora_XX	Ciliophora_XX	340.1	0
0	HJHEFEJI_03192	class	Stramenopiles; Ochrophyta; Bacillariophyta; Bacillariophyta_X	Bacillariophyta_X	135.2	0
0	HJHEFEJI_03193	class	Archaeplastida; Chlorophyta; Chlorodendrophyceae; Chlorodendrales	Chlorodendrales	245.7	0
0	HJHEFEJI_03194				489.2	1
0	HJHEFEJI_03195	order	Stramenopiles; Ochrophyta; Bacillariophyta; Bacillariophyta_X; Polar-centric-Mediophyceae	Polar-centric-Mediophyceae	243.8	0
0	HJHEFEJI_03196	class	Archaeplastida; Glaucophyta; Glaucocystophyceae; Glaucocystophytes	Glaucocystophytes	84.3	0
0	HJHEFEJI_03199	division	Rhizaria; Cercozoa; Chlorarachniophyceae	Chlorarachniophyceae	74.3	0
0	HJHEFEJI_03200	order	Alveolata; Ciliophora; Ciliophora_X; Ciliophora_XX; Ciliophora_XXX	Ciliophora_XXX	588.2	0
0	HJHEFEJI_03201	class	Stramenopiles; Ochrophyta; Bacillariophyta; Bacillariophyta_X	Bacillariophyta_X	177.9	0
0	HJHEFEJI_03204	class	Archaeplastida; Chlorophyta; Nephroselmidophyceae; Nephroselmidales	Nephroselmidales	89.7	0
0	HJHEFEJI_03205	class	Archaeplastida; Chlorophyta; Mamiellophyceae; Mamiellales	Mamiellales	273.9	0
0	HJHEFEJI_03215	division	Rhizaria; Cercozoa; Thecofilosea	Thecofilosea	70.1	0
0	HJHEFEJI_03216	class	Archaeplastida; Chlorophyta; Chloropicophyceae; Chloropicales	Chloropicales	168.3	0
0	HJHEFEJI_03220	class	Amoebozoa; Lobosa; Discosea-Longamoebia; Dermamoebida	Dermamoebida	238.8	0
0	HJHEFEJI_03221	order	Hacrobia; Haptophyta; Prymnesiophyceae; Isochrysidales; Isochrysidaceae	Isochrysidaceae	166.8	0
0	HJHEFEJI_03222	class	Archaeplastida; Chlorophyta; Pyramimonadales; Pyramimonadales_X	Pyramimonadales_X	164.5	0
0	HJHEFEJI_03226	class	Stramenopiles; Ochrophyta; Bacillariophyta; Bacillariophyta_X	Bacillariophyta_X	304.7	0
0	HJHEFEJI_03228	division	Hacrobia; Cryptophyta; Cryptophyceae	Cryptophyceae	70.5	0
0	HJHEFEJI_03243	class	Stramenopiles; Ochrophyta; Raphidophyceae; Raphidophyceae_X	Raphidophyceae_X	167.5	0
0	HJHEFEJI_03244	class	Stramenopiles; Ochrophyta; Bacillariophyta; Bacillariophyta_X	Bacillariophyta_X	67.0	0
0	HJHEFEJI_03245	class	Stramenopiles; Ochrophyta; Raphidophyceae; Raphidophyceae_X	Raphidophyceae_X	57.4	0
0	HJHEFEJI_03249	order	Stramenopiles; Ochrophyta; Bacillariophyta; Bacillariophyta_X; Polar-centric-Mediophyceae	Polar-centric-Mediophyceae	137.9	0
0	HJHEFEJI_03253	class	Hacrobia; Cryptophyta; Cryptophyceae; Cryptomonadales	Cryptomonadales	73.2	0
0	HJHEFEJI_03254	class	Archaeplastida; Chlorophyta; Pyramimonadales; Pyramimonadales_X	Pyramimonadales_X	335.9	0
0	HJHEFEJI_03258	class	Stramenopiles; Ochrophyta; Bacillariophyta; Bacillariophyta_X	Bacillariophyta_X	304.3	0
0	HJHEFEJI_03261	order	Stramenopiles; Ochrophyta; Bacillariophyta; Bacillariophyta_X; Polar-centric-Mediophyceae	Polar-centric-Mediophyceae	77.8	0
0	HJHEFEJI_03264	class	Archaeplastida; Chlorophyta; Trebouxiophyceae; Chlorellales	Chlorellales	124.8	0
0	HJHEFEJI_03266	division	Stramenopiles; Ochrophyta; Raphidophyceae	Raphidophyceae	138.7	0
0	HJHEFEJI_03267	class	Amoebozoa; Conosa; Variosea; Variosea_X	Variosea_X	152.5	0
0	HJHEFEJI_03268	class	Stramenopiles; Ochrophyta; Bacillariophyta; Bacillariophyta_X	Bacillariophyta_X	87.0	0
0	HJHEFEJI_03269	class	Alveolata; Ciliophora; Ciliophora_X; Ciliophora_XX	Ciliophora_XX	293.9	0
0	HJHEFEJI_03276	class	Stramenopiles; Ochrophyta; Bacillariophyta; Bacillariophyta_X	Bacillariophyta_X	90.5	0
0	HJHEFEJI_03277	order	Archaeplastida; Chlorophyta; Nephroselmidophyceae; Nephroselmidales; Nephroselmidales_X	Nephroselmidales_X	321.6	0
0	HJHEFEJI_03278	class	Archaeplastida; Glaucophyta; Glaucocystophyceae; Glaucocystophytes	Glaucocystophytes	67.0	0
0	HJHEFEJI_03279	order	Archaeplastida; Chlorophyta; Mamiellophyceae; Dolichomastigales; Dolichomastigaceae	Dolichomastigaceae	951.4	0
0	HJHEFEJI_03280	class	Alveolata; Dinoflagellata; Dinophyceae; Gonyaulacales	Gonyaulacales	60.5	0
0	HJHEFEJI_03282	family	Archaeplastida; Chlorophyta; Pyramimonadales; Pyramimonadales_X; Pyramimonadales_XX; Pyramimonas	Pyramimonas	61.2	0
0	HJHEFEJI_03284	class	Stramenopiles; Ochrophyta; Bacillariophyta; Bacillariophyta_X	Bacillariophyta_X	163.3	0
0	HJHEFEJI_03285	class	Stramenopiles; Ochrophyta; Bacillariophyta; Bacillariophyta_X	Bacillariophyta_X	91.3	0
0	HJHEFEJI_03287	division	Alveolata; Dinoflagellata; Dinophyceae	Dinophyceae	62.8	0
0	HJHEFEJI_03289	division	Amoebozoa; Lobosa; Discosea-Flabellinia	Discosea-Flabellinia	60.1	0
0	HJHEFEJI_03294	class	Hacrobia; Haptophyta; Prymnesiophyceae; Prymnesiales	Prymnesiales	240.7	0
0	HJHEFEJI_03297	class	Alveolata; Dinoflagellata; Dinophyceae; Gonyaulacales	Gonyaulacales	93.6	0
0	HJHEFEJI_03298	division	Stramenopiles; Ochrophyta; Bacillariophyta	Bacillariophyta	131.7	0
0	HJHEFEJI_03300	order	Archaeplastida; Chlorophyta; Mamiellophyceae; Mamiellales; Mamiellaceae	Mamiellaceae	95.9	0
0	HJHEFEJI_03303	division	Stramenopiles; Ochrophyta; Bacillariophyta	Bacillariophyta	174.1	0
0	HJHEFEJI_03304	class	Rhizaria; Cercozoa; Chlorarachniophyceae; Chlorarachnida	Chlorarachnida	136.3	0
0	HJHEFEJI_03305	class	Stramenopiles; Ochrophyta; Raphidophyceae; Raphidophyceae_X	Raphidophyceae_X	153.7	0
0	HJHEFEJI_03310	class	Hacrobia; Cryptophyta; Cryptophyceae; Cryptomonadales	Cryptomonadales	67.4	0
0	HJHEFEJI_03313	class	Stramenopiles; Ochrophyta; Dictyochophyceae; Dictyochophyceae_X	Dictyochophyceae_X	183.0	0
0	HJHEFEJI_03325	order	Alveolata; Ciliophora; Spirotrichea; Tintinnida; Favellidae	Favellidae	58.9	0
0	HJHEFEJI_03332	class	Archaeplastida; Chlorophyta; Pyramimonadales; Pyramimonadales_X	Pyramimonadales_X	205.3	0
0	HJHEFEJI_03333	class	Stramenopiles; Ochrophyta; Bacillariophyta; Bacillariophyta_X	Bacillariophyta_X	86.3	0
0	HJHEFEJI_03342	class	Stramenopiles; Ochrophyta; Raphidophyceae; Raphidophyceae_X	Raphidophyceae_X	145.2	0
0	HJHEFEJI_03343	family	Stramenopiles; Ochrophyta; Dictyochophyceae; Dictyochophyceae_X; Pedinellales; Pseudopedinella	Pseudopedinella	442.2	0
0	HJHEFEJI_03345	class	Hacrobia; Cryptophyta; Cryptophyceae; Cryptomonadales	Cryptomonadales	140.6	0
0	HJHEFEJI_03350	class	Alveolata; Ciliophora; Spirotrichea; Tintinnida	Tintinnida	132.5	0
0	HJHEFEJI_03352	class	Alveolata; Dinoflagellata; Dinophyceae; Peridiniales	Peridiniales	124.8	0
0	HJHEFEJI_03353	division	Stramenopiles; Ochrophyta	Ochrophyta	159.1	1
0	HJHEFEJI_03356	division	Archaeplastida; Chlorophyta; Chlorodendrophyceae	Chlorodendrophyceae	157.1	0
0	HJHEFEJI_03357	class	Rhizaria; Cercozoa; Chlorarachniophyceae; Chlorarachnida	Chlorarachnida	159.1	0
0	HJHEFEJI_03358	class	Stramenopiles; Ochrophyta; Bacillariophyta; Bacillariophyta_X	Bacillariophyta_X	331.6	0
0	HJHEFEJI_03360	division	Alveolata; Dinoflagellata; Dinophyceae	Dinophyceae	71.6	0
0	HJHEFEJI_03362	family	Archaeplastida; Chlorophyta; Mamiellophyceae; Dolichomastigales; Dolichomastigaceae; Dolichomastix	Dolichomastix	161.8	0
0	HJHEFEJI_03363	family	Stramenopiles; Ochrophyta; Dictyochophyceae; Dictyochophyceae_X; Pedinellales; Pseudopedinella	Pseudopedinella	125.6	0
0	HJHEFEJI_03364	order	Opisthokonta; Choanoflagellida; Choanoflagellatea; Acanthoecida; Acanthoecida_X	Acanthoecida_X	178.3	0
0	HJHEFEJI_03368	division	Alveolata; Dinoflagellata; Dinophyceae	Dinophyceae	65.9	0
0	HJHEFEJI_03369	family	Stramenopiles; Ochrophyta; Raphidophyceae; Raphidophyceae_X; Raphidophyceae_XX; Heterosigma	Heterosigma	144.1	0
0	HJHEFEJI_03371	class	Stramenopiles; Ochrophyta; Bacillariophyta; Bacillariophyta_X	Bacillariophyta_X	63.9	0
0	HJHEFEJI_03372	order	Stramenopiles; Ochrophyta; Bolidophyceae; Parmales; Bolidomonadaceae	Bolidomonadaceae	69.3	0
0	HJHEFEJI_03373	class	Stramenopiles; Ochrophyta; Bacillariophyta; Bacillariophyta_X	Bacillariophyta_X	65.9	0
0	HJHEFEJI_03375	division	Stramenopiles; Ochrophyta; Bacillariophyta	Bacillariophyta	105.9	0
0	HJHEFEJI_03376	order	Stramenopiles; Ochrophyta; Bacillariophyta; Bacillariophyta_X; Polar-centric-Mediophyceae	Polar-centric-Mediophyceae	251.5	0
0	HJHEFEJI_03377	class	Stramenopiles; Ochrophyta; Bacillariophyta; Bacillariophyta_X	Bacillariophyta_X	279.3	0
0	HJHEFEJI_03378	class	Hacrobia; Hacrobia_X; Hacrobia_XX; Hacrobia_XXX	Hacrobia_XXX	257.3	0
0	HJHEFEJI_03380	class	Stramenopiles; Ochrophyta; Bacillariophyta; Bacillariophyta_X	Bacillariophyta_X	280.8	0
0	HJHEFEJI_03381	division	Amoebozoa; Lobosa; Discosea-Flabellinia	Discosea-Flabellinia	126.3	0
0	HJHEFEJI_03383	class	Hacrobia; Cryptophyta; Cryptophyceae; Goniomonadales	Goniomonadales	193.0	0
0	HJHEFEJI_03385	order	Archaeplastida; Chlorophyta; Trebouxiophyceae; Prasiolales; Prasiolales_X	Prasiolales_X	377.5	0
0	HJHEFEJI_03388	class	Stramenopiles; Ochrophyta; Bacillariophyta; Bacillariophyta_X	Bacillariophyta_X	83.6	0
0	HJHEFEJI_03389	class	Archaeplastida; Rhodophyta; Porphyridiophyceae; Porphyridiales	Porphyridiales	146.4	0
0	HJHEFEJI_03392	class	Stramenopiles; Ochrophyta; Bacillariophyta; Bacillariophyta_X	Bacillariophyta_X	60.1	0
0	HJHEFEJI_03393	division	Rhizaria; Cercozoa; Chlorarachniophyceae	Chlorarachniophyceae	137.9	0
0	HJHEFEJI_03395	order	Stramenopiles; Ochrophyta; Bacillariophyta; Bacillariophyta_X; Polar-centric-Mediophyceae	Polar-centric-Mediophyceae	60.8	0
0	HJHEFEJI_03397	class	Hacrobia; Cryptophyta; Cryptophyceae; Goniomonadales	Goniomonadales	162.5	0
0	HJHEFEJI_03399	class	Stramenopiles; Opalozoa; Bicoecea; Anoecales	Anoecales	93.6	0
0	HJHEFEJI_03400	class	Hacrobia; Cryptophyta; Cryptophyceae; Goniomonadales	Goniomonadales	187.2	0
0	HJHEFEJI_03401	class	Stramenopiles; Sagenista; Labyrinthulomycetes; Thraustochytriales	Thraustochytriales	241.5	0
0	HJHEFEJI_03403	class	Amoebozoa; Lobosa; Lobosa_X; Stygamoebida	Stygamoebida	159.8	0
0	HJHEFEJI_03405	division	Stramenopiles; Ochrophyta; Bolidophyceae	Bolidophyceae	68.9	0
0	HJHEFEJI_03406	order	Stramenopiles; Ochrophyta; Bacillariophyta; Bacillariophyta_X; Polar-centric-Mediophyceae	Polar-centric-Mediophyceae	498.4	0
0	HJHEFEJI_03408	genus	Archaeplastida; Chlorophyta; Nephroselmidophyceae; Nephroselmidales; Nephroselmidales_X; Nephroselmis; Nephroselmis pyriformis	Nephroselmis pyriformis	335.1	0
0	HJHEFEJI_03415	class	Rhizaria; Cercozoa; Chlorarachniophyceae; Chlorarachnida	Chlorarachnida	211.8	0
0	HJHEFEJI_03417				123.6	1
0	HJHEFEJI_03422	family	Archaeplastida; Chlorophyta; Pyramimonadales; Pyramimonadales_X; Pyramimonadales_XX; Pyramimonas	Pyramimonas	645.2	0
0	HJHEFEJI_03423	class	Archaeplastida; Chlorophyta; Mamiellophyceae; Dolichomastigales	Dolichomastigales	65.9	0
0	HJHEFEJI_03425	class	Alveolata; Ciliophora; Spirotrichea; Tintinnida	Tintinnida	204.9	0
0	HJHEFEJI_03429	division	Stramenopiles; Ochrophyta; Bacillariophyta	Bacillariophyta	132.1	0
0	HJHEFEJI_03431	class	Stramenopiles; Ochrophyta; Bacillariophyta; Bacillariophyta_X	Bacillariophyta_X	145.2	0
0	HJHEFEJI_03432	class	Stramenopiles; Ochrophyta; Bacillariophyta; Bacillariophyta_X	Bacillariophyta_X	221.9	0
0	HJHEFEJI_03434	class	Stramenopiles; Ochrophyta; Bacillariophyta; Bacillariophyta_X	Bacillariophyta_X	277.7	0
0	HJHEFEJI_03435	order	Stramenopiles; Ochrophyta; Bacillariophyta; Bacillariophyta_X; Polar-centric-Mediophyceae	Polar-centric-Mediophyceae	142.9	0
0	HJHEFEJI_03438	class	Archaeplastida; Chlorophyta; Pyramimonadales; Pyramimonadales_X	Pyramimonadales_X	290.8	0
0	HJHEFEJI_03440	class	Excavata; Discoba; Euglenozoa; Euglenida	Euglenida	327.4	0
0	HJHEFEJI_03442	class	Alveolata; Dinoflagellata; Dinophyceae; Peridiniales	Peridiniales	140.2	0
0	HJHEFEJI_03444	class	Archaeplastida; Chlorophyta; Nephroselmidophyceae; Nephroselmidales	Nephroselmidales	75.5	0
0	HJHEFEJI_03451	class	Stramenopiles; Ochrophyta; Bacillariophyta; Bacillariophyta_X	Bacillariophyta_X	101.3	0
0	HJHEFEJI_03452	class	Stramenopiles; Ochrophyta; Bacillariophyta; Bacillariophyta_X	Bacillariophyta_X	57.4	0
0	HJHEFEJI_03453	class	Stramenopiles; Ochrophyta; Bacillariophyta; Bacillariophyta_X	Bacillariophyta_X	285.4	0
0	HJHEFEJI_03456	genus	Hacrobia; Haptophyta; Pavlovophyceae; Pavlovales; Pavlovaceae; Pavlova; Pavlova lutheri	Pavlova lutheri	105.5	0
0	HJHEFEJI_03458	division	Stramenopiles; Ochrophyta; Bacillariophyta	Bacillariophyta	71.2	0
0	HJHEFEJI_03459	class	Stramenopiles; Ochrophyta; Bacillariophyta; Bacillariophyta_X	Bacillariophyta_X	193.0	0
0	HJHEFEJI_03465	family	Archaeplastida; Chlorophyta; Nephroselmidophyceae; Nephroselmidales; Nephroselmidales_X; Nephroselmis	Nephroselmis	295.8	0
0	HJHEFEJI_03466	class	Opisthokonta; Choanoflagellida; Choanoflagellatea; Acanthoecida	Acanthoecida	257.7	0
0	HJHEFEJI_03468	class	Hacrobia; Hacrobia_X; Hacrobia_XX; Hacrobia_XXX	Hacrobia_XXX	165.2	0
0	HJHEFEJI_03476	genus	Archaeplastida; Chlorophyta; Prasino-Clade-V; Pseudoscourfieldiales; Pycnococcaceae; Pycnococcus; Pycnococcus provasolii	Pycnococcus provasolii	213.8	0
0	HJHEFEJI_03477				238.4	1
0	HJHEFEJI_03478	division	Stramenopiles; Ochrophyta; Bacillariophyta	Bacillariophyta	75.9	0
0	HJHEFEJI_03479	class	Stramenopiles; Ochrophyta; Pelagophyceae; Sarcinochrysidales	Sarcinochrysidales	76.6	0
0	HJHEFEJI_03481	division	Alveolata; Ciliophora; Spirotrichea	Spirotrichea	74.7	0
0	HJHEFEJI_03487	division	Stramenopiles; Ochrophyta; Bacillariophyta	Bacillariophyta	144.4	0
0	HJHEFEJI_03491	class	Stramenopiles; Opalozoa; Bicoecea; Anoecales	Anoecales	244.6	0
0	HJHEFEJI_03497	order	Stramenopiles; Ochrophyta; Dictyochophyceae; Dictyochophyceae_X; Pedinellales	Pedinellales	195.7	0
0	HJHEFEJI_03498	class	Hacrobia; Haptophyta; Pavlovophyceae; Pavlovales	Pavlovales	72.8	0
0	HJHEFEJI_03499	class	Stramenopiles; Ochrophyta; Bacillariophyta; Bacillariophyta_X	Bacillariophyta_X	87.4	0
0	HJHEFEJI_03501	order	Archaeplastida; Chlorophyta; Chlorodendrophyceae; Chlorodendrales; Chlorodendraceae	Chlorodendraceae	87.4	0
0	HJHEFEJI_03503	class	Stramenopiles; Ochrophyta; Bacillariophyta; Bacillariophyta_X	Bacillariophyta_X	298.5	0
0	HJHEFEJI_03504	order	Stramenopiles; Ochrophyta; Bacillariophyta; Bacillariophyta_X; Polar-centric-Mediophyceae	Polar-centric-Mediophyceae	384.0	0
0	HJHEFEJI_03507	division	Archaeplastida; Chlorophyta; Mamiellophyceae	Mamiellophyceae	88.6	0
0	HJHEFEJI_03509	class	Archaeplastida; Chlorophyta; Nephroselmidophyceae; Nephroselmidales	Nephroselmidales	124.4	0
0	HJHEFEJI_03510	class	Hacrobia; Cryptophyta; Cryptophyceae; Cryptomonadales	Cryptomonadales	65.9	0
0	HJHEFEJI_03511	class	Stramenopiles; Ochrophyta; Bacillariophyta; Bacillariophyta_X	Bacillariophyta_X	181.4	0
0	HJHEFEJI_03512	class	Opisthokonta; Fungi; Ascomycota; Saccharomycotina	Saccharomycotina	178.3	0
0	HJHEFEJI_03513	division	Stramenopiles; Ochrophyta; Bacillariophyta	Bacillariophyta	93.2	0
0	HJHEFEJI_03515	class	Stramenopiles; Ochrophyta; Bacillariophyta; Bacillariophyta_X	Bacillariophyta_X	298.9	0
0	HJHEFEJI_03516	class	Opisthokonta; Fungi; Ascomycota; Saccharomycotina	Saccharomycotina	98.6	0
0	HJHEFEJI_03517	division	Hacrobia; Haptophyta; Prymnesiophyceae	Prymnesiophyceae	58.5	0
0	HJHEFEJI_03518	division	Stramenopiles; Ochrophyta; Chrysophyceae	Chrysophyceae	68.2	0
0	HJHEFEJI_03520	class	Stramenopiles; Ochrophyta; Dictyochophyceae; Dictyochophyceae_X	Dictyochophyceae_X	110.5	0
0	HJHEFEJI_03521	class	Stramenopiles; Ochrophyta; Bacillariophyta; Bacillariophyta_X	Bacillariophyta_X	208.4	0
0	HJHEFEJI_03522	class	Archaeplastida; Chlorophyta; Picocystophyceae; Picocystales	Picocystales	509.6	0
0	HJHEFEJI_03525	order	Hacrobia; Cryptophyta; Cryptophyceae; Goniomonadales; Goniomonadales_X	Goniomonadales_X	246.5	0
0	HJHEFEJI_03527	class	Stramenopiles; Ochrophyta; Bacillariophyta; Bacillariophyta_X	Bacillariophyta_X	102.8	0
0	HJHEFEJI_03528	class	Stramenopiles; Ochrophyta; Bacillariophyta; Bacillariophyta_X	Bacillariophyta_X	106.3	0
0	HJHEFEJI_03530	order	Stramenopiles; Ochrophyta; Bacillariophyta; Bacillariophyta_X; Araphid-pennate	Araphid-pennate	261.5	0
0	HJHEFEJI_03531				78.2	1
0	HJHEFEJI_03532	class	Archaeplastida; Glaucophyta; Glaucocystophyceae; Glaucocystophytes	Glaucocystophytes	70.9	0
0	HJHEFEJI_03533	class	Archaeplastida; Chlorophyta; Mamiellophyceae; Dolichomastigales	Dolichomastigales	68.9	0
0	HJHEFEJI_03535	class	Stramenopiles; Ochrophyta; Bacillariophyta; Bacillariophyta_X	Bacillariophyta_X	89.7	0
0	HJHEFEJI_03537	family	Archaeplastida; Chlorophyta; Mamiellophyceae; Dolichomastigales; Dolichomastigaceae; Dolichomastix	Dolichomastix	158.3	0
0	HJHEFEJI_03538	order	Opisthokonta; Choanoflagellida; Choanoflagellatea; Acanthoecida; Acanthoecida_X	Acanthoecida_X	93.2	0
0	HJHEFEJI_03539	order	Stramenopiles; Ochrophyta; Bacillariophyta; Bacillariophyta_X; Araphid-pennate	Araphid-pennate	59.7	0
0	HJHEFEJI_03540	order	Stramenopiles; Ochrophyta; Bacillariophyta; Bacillariophyta_X; Polar-centric-Mediophyceae	Polar-centric-Mediophyceae	160.2	0
0	HJHEFEJI_03541	order	Stramenopiles; Ochrophyta; Dictyochophyceae; Dictyochophyceae_X; Pedinellales	Pedinellales	169.9	0
0	HJHEFEJI_03544	class	Amoebozoa; Lobosa; Discosea-Flabellinia; Dactylopodida	Dactylopodida	459.5	0
0	HJHEFEJI_03561	class	Alveolata; Ciliophora; Spirotrichea; Choreotrichida	Choreotrichida	105.9	0
0	HJHEFEJI_03567	division	Stramenopiles; Ochrophyta; Bacillariophyta	Bacillariophyta	70.5	0
0	HJHEFEJI_03569	division	Amoebozoa; Lobosa	Lobosa	114.4	1
0	HJHEFEJI_03571	class	Stramenopiles; Opalozoa; Bicoecea; Anoecales	Anoecales	183.0	0
0	HJHEFEJI_03573	division	Alveolata; Dinoflagellata; Dinophyceae	Dinophyceae	85.5	0
0	HJHEFEJI_03584	class	Stramenopiles; Stramenopiles_X; Stramenopiles_XX; Stramenopiles_XXX	Stramenopiles_XXX	235.3	0
0	HJHEFEJI_03585	genus	Archaeplastida; Chlorophyta; Pyramimonadales; Pyramimonadales_X; Pyramimonadales_XX; Pyramimonas; Pyramimonas parkeae	Pyramimonas parkeae	365.2	0
0	HJHEFEJI_03588	order	Opisthokonta; Choanoflagellida; Choanoflagellatea; Acanthoecida; Acanthoecida_X	Acanthoecida_X	89.0	0
0	HJHEFEJI_03589	order	Stramenopiles; Ochrophyta; Pelagophyceae; Sarcinochrysidales; Sarcinochrysidaceae	Sarcinochrysidaceae	58.5	0
0	HJHEFEJI_03590	class	Stramenopiles; Ochrophyta; Bacillariophyta; Bacillariophyta_X	Bacillariophyta_X	89.4	0
0	HJHEFEJI_03592	order	Archaeplastida; Rhodophyta; Compsopogonophyceae; Compsopogonales; Compsopogonales_X	Compsopogonales_X	219.9	0
0	HJHEFEJI_03594	class	Stramenopiles; Ochrophyta; Dictyochophyceae; Dictyochophyceae_X	Dictyochophyceae_X	75.9	0
0	HJHEFEJI_03596	class	Stramenopiles; Ochrophyta; Bacillariophyta; Bacillariophyta_X	Bacillariophyta_X	205.7	0
0	HJHEFEJI_03598	division	Hacrobia; Cryptophyta; Cryptophyceae	Cryptophyceae	75.9	0
0	HJHEFEJI_03599	order	Amoebozoa; Lobosa; Discosea-Flabellinia; Vannellida; Vannellidae	Vannellidae	343.6	0
0	HJHEFEJI_03600	class	Hacrobia; Cryptophyta; Cryptophyceae; Goniomonadales	Goniomonadales	159.5	0
0	HJHEFEJI_03601	class	Archaeplastida; Chlorophyta; Chlorophyceae; Chlamydomonadales	Chlamydomonadales	80.9	0
0	HJHEFEJI_03603	division	Archaeplastida; Chlorophyta; Chlorophyta_X	Chlorophyta_X	125.6	0
0	HJHEFEJI_03604	class	Archaeplastida; Chlorophyta; Mamiellophyceae; Mamiellales	Mamiellales	87.0	0
0	HJHEFEJI_03607	division	Amoebozoa; Lobosa	Lobosa	63.2	1
0	HJHEFEJI_03610	class	Archaeplastida; Chlorophyta; Mamiellophyceae; Mamiellales	Mamiellales	157.5	0
0	HJHEFEJI_03611	class	Stramenopiles; Sagenista; Labyrinthulomycetes; Labyrinthulales	Labyrinthulales	118.6	0
0	HJHEFEJI_03612	class	Archaeplastida; Glaucophyta; Glaucocystophyceae; Glaucocystophytes	Glaucocystophytes	191.0	0
0	HJHEFEJI_03615	class	Stramenopiles; Ochrophyta; Bacillariophyta; Bacillariophyta_X	Bacillariophyta_X	114.4	0
0	HJHEFEJI_03618	family	Stramenopiles; Ochrophyta; Dictyochophyceae; Dictyochophyceae_X; Pedinellales; Pseudopedinella	Pseudopedinella	55.5	0
0	HJHEFEJI_03619	genus	Archaeplastida; Chlorophyta; Mamiellophyceae; Dolichomastigales; Crustomastigaceae; Crustomastix; Crustomastix stigmata	Crustomastix stigmata	295.8	0
0	HJHEFEJI_03627	class	Archaeplastida; Chlorophyta; Chlorophyta_X; Chlorophyta_XX	Chlorophyta_XX	151.8	0
0	HJHEFEJI_03628	class	Stramenopiles; Ochrophyta; Bacillariophyta; Bacillariophyta_X	Bacillariophyta_X	598.6	0
0	HJHEFEJI_03632	division	Hacrobia; Haptophyta; Prymnesiophyceae	Prymnesiophyceae	95.9	0
0	HJHEFEJI_03633	class	Alveolata; Dinoflagellata; Dinophyceae; Peridiniales	Peridiniales	157.5	0
0	HJHEFEJI_03634	order	Stramenopiles; Ochrophyta; Bacillariophyta; Bacillariophyta_X; Polar-centric-Mediophyceae	Polar-centric-Mediophyceae	527.7	0
0	HJHEFEJI_03635	class	Alveolata; Ciliophora; Litostomatea; Cyclotrichiida	Cyclotrichiida	79.7	0
0	HJHEFEJI_03636	class	Amoebozoa; Lobosa; Lobosa_X; Stygamoebida	Stygamoebida	274.6	0
0	HJHEFEJI_03637	class	Archaeplastida; Chlorophyta; Nephroselmidophyceae; Nephroselmidales	Nephroselmidales	276.2	0
0	HJHEFEJI_03640	order	Stramenopiles; Ochrophyta; Raphidophyceae; Raphidophyceae_X; Raphidophyceae_XX	Raphidophyceae_XX	227.6	0
0	HJHEFEJI_03643	class	Stramenopiles; Ochrophyta; Dictyochophyceae; Dictyochophyceae_X	Dictyochophyceae_X	239.2	0
0	HJHEFEJI_03644	class	Stramenopiles; Ochrophyta; Bacillariophyta; Bacillariophyta_X	Bacillariophyta_X	110.9	0
0	HJHEFEJI_03645	class	Rhizaria; Cercozoa; Chlorarachniophyceae; Chlorarachnida	Chlorarachnida	183.0	0
0	HJHEFEJI_03652	class	Archaeplastida; Chlorophyta; Picocystophyceae; Picocystales	Picocystales	251.5	0
0	HJHEFEJI_03655	class	Alveolata; Ciliophora; Ciliophora_X; Ciliophora_XX	Ciliophora_XX	261.2	0
0	HJHEFEJI_03656	class	Stramenopiles; Ochrophyta; Bacillariophyta; Bacillariophyta_X	Bacillariophyta_X	282.3	0
0	HJHEFEJI_03658	order	Stramenopiles; Ochrophyta; Bacillariophyta; Bacillariophyta_X; Polar-centric-Mediophyceae	Polar-centric-Mediophyceae	682.9	0
0	HJHEFEJI_03661	family	Archaeplastida; Chlorophyta; Palmophyllophyceae; Prasinococcales; Prasinococcales-Clade-A; Prasinococcus	Prasinococcus	678.3	0
0	HJHEFEJI_03662	class	Stramenopiles; Ochrophyta; Bacillariophyta; Bacillariophyta_X	Bacillariophyta_X	148.3	0
0	HJHEFEJI_03663	order	Alveolata; Ciliophora; Spirotrichea; Tintinnida; Favellidae	Favellidae	93.2	0
0	HJHEFEJI_03666	order	Archaeplastida; Glaucophyta; Glaucocystophyceae; Glaucocystophytes; Cyanoptycaceae	Cyanoptycaceae	224.6	0
0	HJHEFEJI_03672	family	Stramenopiles; Ochrophyta; Raphidophyceae; Raphidophyceae_X; Raphidophyceae_XX; Heterosigma	Heterosigma	86.7	0
0	HJHEFEJI_03675	order	Archaeplastida; Glaucophyta; Glaucocystophyceae; Glaucocystophytes; Glaucocystophytes_X	Glaucocystophytes_X	814.7	0
0	HJHEFEJI_03676	class	Stramenopiles; Ochrophyta; Bacillariophyta; Bacillariophyta_X	Bacillariophyta_X	455.7	0
0	HJHEFEJI_03677				284.3	1
0	HJHEFEJI_03681	family	Archaeplastida; Chlorophyta; Picocystophyceae; Picocystales; Picocystaceae; Picocystis	Picocystis	277.3	0
0	HJHEFEJI_03684	class	Stramenopiles; Ochrophyta; Chrysophyceae; Chrysophyceae_X	Chrysophyceae_X	459.5	0
0	HJHEFEJI_03688	class	Stramenopiles; Ochrophyta; Bacillariophyta; Bacillariophyta_X	Bacillariophyta_X	307.0	0
0	HJHEFEJI_03692	class	Stramenopiles; Ochrophyta; Bacillariophyta; Bacillariophyta_X	Bacillariophyta_X	71.2	0
0	HJHEFEJI_03694	family	Stramenopiles; Ochrophyta; Bacillariophyta; Bacillariophyta_X; Polar-centric-Mediophyceae; Chaetoceros	Chaetoceros	108.6	0
0	HJHEFEJI_03695	class	Stramenopiles; Ochrophyta; Bacillariophyta; Bacillariophyta_X	Bacillariophyta_X	94.0	0
0	HJHEFEJI_03696	class	Stramenopiles; Ochrophyta; Bacillariophyta; Bacillariophyta_X	Bacillariophyta_X	284.6	0
0	HJHEFEJI_03697	class	Archaeplastida; Chlorophyta; Mamiellophyceae; Mamiellales	Mamiellales	117.1	0
0	HJHEFEJI_03699	class	Stramenopiles; Ochrophyta; Raphidophyceae; Raphidophyceae_X	Raphidophyceae_X	159.1	0
0	HJHEFEJI_03700	class	Alveolata; Dinoflagellata; Dinophyceae; Peridiniales	Peridiniales	107.8	0
0	HJHEFEJI_03707	order	Hacrobia; Haptophyta; Prymnesiophyceae; Prymnesiales; Chrysochromulinaceae	Chrysochromulinaceae	77.4	0
0	HJHEFEJI_03710	division	Alveolata; Ciliophora; Ciliophora_X	Ciliophora_X	67.8	0
0	HJHEFEJI_03712	class	Archaeplastida; Chlorophyta; Nephroselmidophyceae; Nephroselmidales	Nephroselmidales	331.6	0
0	HJHEFEJI_03715	class	Stramenopiles; Ochrophyta; Bacillariophyta; Bacillariophyta_X	Bacillariophyta_X	200.7	0
0	HJHEFEJI_03717	class	Stramenopiles; Ochrophyta; Bacillariophyta; Bacillariophyta_X	Bacillariophyta_X	334.3	0
0	HJHEFEJI_03719	class	Hacrobia; Haptophyta; Prymnesiophyceae; Prymnesiales	Prymnesiales	181.0	0
0	HJHEFEJI_03725	class	Rhizaria; Cercozoa; Chlorarachniophyceae; Chlorarachnida	Chlorarachnida	142.1	0
0	HJHEFEJI_03728	class	Stramenopiles; Ochrophyta; Raphidophyceae; Raphidophyceae_X	Raphidophyceae_X	148.3	0
0	HJHEFEJI_03732	class	Hacrobia; Haptophyta; Pavlovophyceae; Pavlovales	Pavlovales	281.6	0
0	HJHEFEJI_03734	class	Excavata; Discoba; Heterolobosea; Heterolobosea_X	Heterolobosea_X	326.2	0
0	HJHEFEJI_03736				143.3	1
0	HJHEFEJI_03738	class	Alveolata; Dinoflagellata; Dinophyceae; Gonyaulacales	Gonyaulacales	66.6	0
0	HJHEFEJI_03744	division	Stramenopiles; Ochrophyta; Bacillariophyta	Bacillariophyta	93.6	0
0	HJHEFEJI_03750	division	Hacrobia; Haptophyta; Prymnesiophyceae	Prymnesiophyceae	131.0	0
0	HJHEFEJI_03753	order	Stramenopiles; Ochrophyta; Bacillariophyta; Bacillariophyta_X; Polar-centric-Mediophyceae	Polar-centric-Mediophyceae	228.0	0
0	HJHEFEJI_03754	division	Hacrobia; Haptophyta; Prymnesiophyceae	Prymnesiophyceae	101.3	0
0	HJHEFEJI_03757	division	Alveolata; Dinoflagellata; Dinophyceae	Dinophyceae	117.5	0
0	HJHEFEJI_03758	family	Archaeplastida; Chlorophyta; Nephroselmidophyceae; Nephroselmidales; Nephroselmidales_X; Nephroselmis	Nephroselmis	229.2	0
0	HJHEFEJI_03762	family	Stramenopiles; Ochrophyta; Bacillariophyta; Bacillariophyta_X; Polar-centric-Mediophyceae; Chaetoceros	Chaetoceros	368.2	0
0	HJHEFEJI_03772	class	Hacrobia; Cryptophyta; Cryptophyceae; Cryptomonadales	Cryptomonadales	136.0	0
0	HJHEFEJI_03778	family	Stramenopiles; Ochrophyta; Bacillariophyta; Bacillariophyta_X; Polar-centric-Mediophyceae; Chaetoceros	Chaetoceros	161.0	0
0	HJHEFEJI_03779	order	Stramenopiles; Ochrophyta; Bolidophyceae; Parmales; Bolidomonadaceae	Bolidomonadaceae	56.2	0
0	HJHEFEJI_03784	class	Stramenopiles; Ochrophyta; Bacillariophyta; Bacillariophyta_X	Bacillariophyta_X	347.8	0
0	HJHEFEJI_03786	division	Stramenopiles; Ochrophyta; Bacillariophyta	Bacillariophyta	84.0	0
0	HJHEFEJI_03801	class	Stramenopiles; Ochrophyta; Bacillariophyta; Bacillariophyta_X	Bacillariophyta_X	276.9	0
0	HJHEFEJI_03802	class	Stramenopiles; Ochrophyta; Bacillariophyta; Bacillariophyta_X	Bacillariophyta_X	234.2	0
0	HJHEFEJI_03804	division	Alveolata; Ciliophora; Spirotrichea	Spirotrichea	70.5	0
0	HJHEFEJI_03806	class	Archaeplastida; Rhodophyta; Stylonematophyceae; Porphyridiales-2	Porphyridiales-2	107.1	0
0	HJHEFEJI_03807	division	Stramenopiles; Ochrophyta; Bacillariophyta	Bacillariophyta	72.0	0
0	HJHEFEJI_03813	class	Stramenopiles; Ochrophyta; Dictyochophyceae; Dictyochophyceae_X	Dictyochophyceae_X	255.0	0
0	HJHEFEJI_03815	division	Archaeplastida; Chlorophyta	Chlorophyta	95.1	1
0	HJHEFEJI_03817	order	Archaeplastida; Chlorophyta; Pyramimonadales; Pyramimonadales_X; Pyramimonadales_XX	Pyramimonadales_XX	355.1	0
0	HJHEFEJI_03818	order	Excavata; Discoba; Euglenozoa; Euglenida; Eutreptiales	Eutreptiales	96.3	0
0	HJHEFEJI_03819	class	Alveolata; Ciliophora; Ciliophora_X; Ciliophora_XX	Ciliophora_XX	57.8	0
0	HJHEFEJI_03820	class	Stramenopiles; Ochrophyta; Bacillariophyta; Bacillariophyta_X	Bacillariophyta_X	90.5	0
0	HJHEFEJI_03821	class	Archaeplastida; Chlorophyta; Nephroselmidophyceae; Nephroselmidales	Nephroselmidales	226.5	0
0	HJHEFEJI_03822	order	Stramenopiles; Ochrophyta; Pelagophyceae; Sarcinochrysidales; Sarcinochrysidaceae	Sarcinochrysidaceae	125.9	0
0	HJHEFEJI_03830	class	Stramenopiles; Ochrophyta; Bacillariophyta; Bacillariophyta_X	Bacillariophyta_X	92.0	0
0	HJHEFEJI_03833	class	Alveolata; Dinoflagellata; Dinophyceae; Peridiniales	Peridiniales	117.1	0
0	HJHEFEJI_03836	order	Stramenopiles; Ochrophyta; Bacillariophyta; Bacillariophyta_X; Araphid-pennate	Araphid-pennate	85.1	0
0	HJHEFEJI_03837	order	Stramenopiles; Ochrophyta; Bacillariophyta; Bacillariophyta_X; Polar-centric-Mediophyceae	Polar-centric-Mediophyceae	220.3	0
0	HJHEFEJI_03838	family	Amoebozoa; Lobosa; Discosea-Flabellinia; Dactylopodida; Paramoebidae; Neoparamoeba	Neoparamoeba	105.5	0
0	HJHEFEJI_03839	class	Stramenopiles; Ochrophyta; Bacillariophyta; Bacillariophyta_X	Bacillariophyta_X	77.4	0
0	HJHEFEJI_03845	order	Stramenopiles; Ochrophyta; Dictyochophyceae; Dictyochophyceae_X; Pedinellales	Pedinellales	152.5	0
0	HJHEFEJI_03846	order	Alveolata; Ciliophora; Spirotrichea; Tintinnida; Favellidae	Favellidae	125.9	0
0	HJHEFEJI_03847	family	Alveolata; Ciliophora; Spirotrichea; Tintinnida; Favellidae; Favella	Favella	266.9	0
0	HJHEFEJI_03848	order	Stramenopiles; Ochrophyta; Bacillariophyta; Bacillariophyta_X; Polar-centric-Mediophyceae	Polar-centric-Mediophyceae	112.5	0
0	HJHEFEJI_03849	genus	Archaeplastida; Chlorophyta; Mamiellophyceae; Dolichomastigales; Dolichomastigaceae; Dolichomastix; Dolichomastix tenuilepis	Dolichomastix tenuilepis	215.7	0
0	HJHEFEJI_03850	division	Alveolata; Ciliophora; Ciliophora_X	Ciliophora_X	106.7	0
0	HJHEFEJI_03851	division	Amoebozoa; Discosea; Discosea_X	Discosea_X	159.1	0
0	HJHEFEJI_03854	division	Alveolata; Ciliophora; Litostomatea	Litostomatea	106.7	0
0	HJHEFEJI_03856	class	Amoebozoa; Lobosa; Lobosa_X; Trichosida	Trichosida	92.8	0
0	HJHEFEJI_03858	class	Stramenopiles; Ochrophyta; Raphidophyceae; Raphidophyceae_X	Raphidophyceae_X	65.5	0
0	HJHEFEJI_03859	class	Stramenopiles; Ochrophyta; Raphidophyceae; Raphidophyceae_X	Raphidophyceae_X	69.3	0
0	HJHEFEJI_03867	class	Hacrobia; Cryptophyta; Cryptophyceae; Goniomonadales	Goniomonadales	171.0	0
0	HJHEFEJI_03869	class	Stramenopiles; Ochrophyta; Bacillariophyta; Bacillariophyta_X	Bacillariophyta_X	264.6	0
0	HJHEFEJI_03871	class	Stramenopiles; Ochrophyta; Bacillariophyta; Bacillariophyta_X	Bacillariophyta_X	104.0	0
0	HJHEFEJI_03874	class	Hacrobia; Haptophyta; Prymnesiophyceae; Prymnesiales	Prymnesiales	394.8	0
0	HJHEFEJI_03875	class	Hacrobia; Cryptophyta; Cryptophyceae; Goniomonadales	Goniomonadales	198.4	0
0	HJHEFEJI_03876	division	Amoebozoa; Discosea; Discosea_X	Discosea_X	81.6	0
0	HJHEFEJI_03888	class	Archaeplastida; Glaucophyta; Glaucocystophyceae; Glaucocystophytes	Glaucocystophytes	276.6	0
0	HJHEFEJI_03889	class	Rhizaria; Cercozoa; Chlorarachniophyceae; Chlorarachnida	Chlorarachnida	105.9	0
0	HJHEFEJI_03890	division	Stramenopiles; Ochrophyta; Bacillariophyta	Bacillariophyta	86.3	0
0	HJHEFEJI_03891				96.3	1
0	HJHEFEJI_03892	class	Alveolata; Ciliophora; Ciliophora_X; Ciliophora_XX	Ciliophora_XX	394.4	0
0	HJHEFEJI_03894	class	Opisthokonta; Choanoflagellida; Choanoflagellatea; Acanthoecida	Acanthoecida	146.0	0
0	HJHEFEJI_03900	class	Stramenopiles; Ochrophyta; Pinguiophyceae; Pinguiochrysidales	Pinguiochrysidales	377.5	0
0	HJHEFEJI_03901	order	Stramenopiles; Ochrophyta; Dictyochophyceae; Dictyochophyceae_X; Pedinellales	Pedinellales	95.1	0
0	HJHEFEJI_03902	class	Stramenopiles; Ochrophyta; Bacillariophyta; Bacillariophyta_X	Bacillariophyta_X	253.8	0
0	HJHEFEJI_03905	division	Stramenopiles; Ochrophyta; Bacillariophyta	Bacillariophyta	93.2	0
0	HJHEFEJI_03908	class	Alveolata; Ciliophora; Ciliophora_X; Ciliophora_XX	Ciliophora_XX	398.3	0
0	HJHEFEJI_03919				59.7	1
0	HJHEFEJI_03920	class	Stramenopiles; Ochrophyta; Chrysophyceae; Chrysophyceae_X	Chrysophyceae_X	166.4	0
0	HJHEFEJI_03921	division	Alveolata; Ciliophora; Ciliophora_X	Ciliophora_X	106.7	0
0	HJHEFEJI_03922	order	Stramenopiles; Ochrophyta; Bacillariophyta; Bacillariophyta_X; Araphid-pennate	Araphid-pennate	90.1	0
0	HJHEFEJI_03931	genus	Archaeplastida; Chlorophyta; Trebouxiophyceae; Prasiolales; Prasiolales_X; Stichococcus; Stichococcus sp	Stichococcus sp	528.9	0
0	HJHEFEJI_03932	genus	Archaeplastida; Chlorophyta; Chloropicophyceae; Chloropicales; Chloropicaceae; Chloroparvula; Chloroparvula sp.	Chloroparvula sp.	134.8	0
0	HJHEFEJI_03933	class	Stramenopiles; Ochrophyta; Bacillariophyta; Bacillariophyta_X	Bacillariophyta_X	143.7	0
0	HJHEFEJI_03936	class	Stramenopiles; Ochrophyta; Bacillariophyta; Bacillariophyta_X	Bacillariophyta_X	96.3	0
0	HJHEFEJI_03937	class	Amoebozoa; Lobosa; Discosea-Flabellinia; Dactylopodida	Dactylopodida	126.3	0
0	HJHEFEJI_03939	division	Alveolata; Dinoflagellata; Dinophyceae	Dinophyceae	88.2	0
0	HJHEFEJI_03941	order	Stramenopiles; Ochrophyta; Pelagophyceae; Sarcinochrysidales; Sarcinochrysidaceae	Sarcinochrysidaceae	115.5	0
0	HJHEFEJI_03942	class	Stramenopiles; Ochrophyta; Bacillariophyta; Bacillariophyta_X	Bacillariophyta_X	278.1	0
0	HJHEFEJI_03945	order	Alveolata; Ciliophora; Heterotrichea; Heterotrichea_X; Blepharismidae	Blepharismidae	71.2	0
0	HJHEFEJI_03946	order	Archaeplastida; Chlorophyta; Mamiellophyceae; Dolichomastigales; Dolichomastigaceae	Dolichomastigaceae	102.8	0
0	HJHEFEJI_03947				114.0	1
0	HJHEFEJI_03948	division	Stramenopiles; Ochrophyta; Bacillariophyta	Bacillariophyta	181.8	0
0	HJHEFEJI_03949	family	Archaeplastida; Chlorophyta; Palmophyllophyceae; Prasinococcales; Prasinococcales-Clade-A; Prasinococcus	Prasinococcus	156.0	0
0	HJHEFEJI_03956	order	Rhizaria; Cercozoa; Chlorarachniophyceae; Chlorarachnida; Chlorarachnida_X	Chlorarachnida_X	85.9	0
0	HJHEFEJI_03959	class	Alveolata; Dinoflagellata; Dinophyceae; Peridiniales	Peridiniales	201.1	0
0	HJHEFEJI_03960	class	Hacrobia; Cryptophyta; Cryptophyceae; Goniomonadales	Goniomonadales	70.5	0
0	HJHEFEJI_03961	class	Archaeplastida; Glaucophyta; Glaucocystophyceae; Glaucocystophytes	Glaucocystophytes	70.5	0
0	HJHEFEJI_03963	class	Stramenopiles; Ochrophyta; Bacillariophyta; Bacillariophyta_X	Bacillariophyta_X	79.3	0
0	HJHEFEJI_03965	class	Stramenopiles; Ochrophyta; Bacillariophyta; Bacillariophyta_X	Bacillariophyta_X	364.8	0
0	HJHEFEJI_03968	division	Archaeplastida; Rhodophyta; Porphyridiophyceae	Porphyridiophyceae	178.3	0
0	HJHEFEJI_03969	class	Excavata; Discoba; Euglenozoa; Euglenida	Euglenida	171.8	0
0	HJHEFEJI_03971	class	Stramenopiles; Ochrophyta; Bacillariophyta; Bacillariophyta_X	Bacillariophyta_X	82.0	0
0	HJHEFEJI_03974	class	Archaeplastida; Chlorophyta; Chloropicophyceae; Chloropicales	Chloropicales	123.6	0
0	HJHEFEJI_03976	class	Alveolata; Dinoflagellata; Dinophyceae; Gymnodiniales	Gymnodiniales	145.6	0
0	HJHEFEJI_03979	order	Archaeplastida; Chlorophyta; Chloropicophyceae; Chloropicales; Chloropicaceae	Chloropicaceae	143.3	0
0	HJHEFEJI_03981	order	Archaeplastida; Chlorophyta; Pyramimonadales; Pyramimonadales_X; Pyramimonadales_XX	Pyramimonadales_XX	496.5	0
0	HJHEFEJI_03983	class	Archaeplastida; Chlorophyta; Nephroselmidophyceae; Nephroselmidales	Nephroselmidales	97.1	0
0	HJHEFEJI_03985	class	Stramenopiles; Sagenista; Labyrinthulomycetes; Thraustochytriales	Thraustochytriales	94.0	0
0	HJHEFEJI_03997	order	Stramenopiles; Ochrophyta; Pelagophyceae; Pelagomonadales; Pelagomonadaceae	Pelagomonadaceae	179.9	0
0	HJHEFEJI_04002	class	Alveolata; Dinoflagellata; Dinophyceae; Suessiales	Suessiales	100.1	0
0	HJHEFEJI_04003	class	Archaeplastida; Rhodophyta; Stylonematophyceae; Porphyridiales-2	Porphyridiales-2	214.2	0
0	HJHEFEJI_04004	class	Rhizaria; Cercozoa; Chlorarachniophyceae; Chlorarachnida	Chlorarachnida	152.9	0
0	HJHEFEJI_04006	class	Archaeplastida; Chlorophyta; Trebouxiophyceae; Chlorellales	Chlorellales	139.0	0
0	HJHEFEJI_04009	class	Stramenopiles; Ochrophyta; Chrysophyceae; Chrysophyceae_X	Chrysophyceae_X	216.5	0
0	HJHEFEJI_04010	class	Stramenopiles; Ochrophyta; Bacillariophyta; Bacillariophyta_X	Bacillariophyta_X	115.5	0
0	HJHEFEJI_04011	family	Stramenopiles; Ochrophyta; Pelagophyceae; Sarcinochrysidales; Sarcinochrysidaceae; Aureoumbra	Aureoumbra	273.9	0
0	HJHEFEJI_04019	class	Stramenopiles; Sagenista; Labyrinthulomycetes; Thraustochytriales	Thraustochytriales	83.6	0
0	HJHEFEJI_04021	order	Stramenopiles; Ochrophyta; Raphidophyceae; Raphidophyceae_X; Raphidophyceae_XX	Raphidophyceae_XX	123.2	0
0	HJHEFEJI_04022	division	Amoebozoa; Lobosa; Discosea-Flabellinia	Discosea-Flabellinia	65.1	0
0	HJHEFEJI_04024	division	Alveolata; Dinoflagellata; Dinophyceae	Dinophyceae	62.8	0
0	HJHEFEJI_04025	class	Archaeplastida; Chlorophyta; Pyramimonadales; Pyramimonadales_X	Pyramimonadales_X	349.0	0
0	HJHEFEJI_04026	class	Archaeplastida; Chlorophyta; Picocystophyceae; Picocystales	Picocystales	255.8	0
0	HJHEFEJI_04028	class	Alveolata; Ciliophora; Colpodea; Colpodea_X	Colpodea_X	156.4	0
0	HJHEFEJI_04030	order	Stramenopiles; Ochrophyta; Bacillariophyta; Bacillariophyta_X; Polar-centric-Mediophyceae	Polar-centric-Mediophyceae	212.2	0
0	HJHEFEJI_04034	division	Hacrobia; Cryptophyta; Cryptophyceae	Cryptophyceae	99.4	0
0	HJHEFEJI_04036	class	Stramenopiles; Ochrophyta; Bacillariophyta; Bacillariophyta_X	Bacillariophyta_X	491.1	0
0	HJHEFEJI_04037	class	Stramenopiles; Ochrophyta; Bacillariophyta; Bacillariophyta_X	Bacillariophyta_X	251.1	0
0	HJHEFEJI_04038	class	Stramenopiles; Ochrophyta; Bacillariophyta; Bacillariophyta_X	Bacillariophyta_X	119.4	0
0	HJHEFEJI_04039	class	Stramenopiles; Ochrophyta; Bacillariophyta; Bacillariophyta_X	Bacillariophyta_X	153.3	0
0	HJHEFEJI_04040	family	Stramenopiles; Ochrophyta; Bacillariophyta; Bacillariophyta_X; Araphid-pennate; Thalassionema	Thalassionema	85.5	0
0	HJHEFEJI_04042	class	Stramenopiles; Ochrophyta; Bacillariophyta; Bacillariophyta_X	Bacillariophyta_X	292.7	0
0	HJHEFEJI_04045	class	Stramenopiles; Ochrophyta; Raphidophyceae; Raphidophyceae_X	Raphidophyceae_X	173.7	0
0	HJHEFEJI_04046	class	Stramenopiles; Ochrophyta; Bacillariophyta; Bacillariophyta_X	Bacillariophyta_X	120.6	0
0	HJHEFEJI_04050	class	Stramenopiles; Ochrophyta; Pelagophyceae; Pelagomonadales	Pelagomonadales	73.9	0
0	HJHEFEJI_04051	class	Stramenopiles; Ochrophyta; Bacillariophyta; Bacillariophyta_X	Bacillariophyta_X	117.5	0
0	HJHEFEJI_04055	order	Archaeplastida; Chlorophyta; Mamiellophyceae; Dolichomastigales; Dolichomastigaceae	Dolichomastigaceae	221.9	0
0	HJHEFEJI_04058	order	Alveolata; Ciliophora; Ciliophora_X; Ciliophora_XX; Ciliophora_XXX	Ciliophora_XXX	208.4	0
0	HJHEFEJI_04059	class	Stramenopiles; Ochrophyta; Bacillariophyta; Bacillariophyta_X	Bacillariophyta_X	163.7	0
0	HJHEFEJI_04060	class	Stramenopiles; Ochrophyta; Synchromophyceae; Synchromadales	Synchromadales	144.1	0
0	HJHEFEJI_04061	class	Hacrobia; Cryptophyta; Cryptophyceae; Goniomonadales	Goniomonadales	133.7	0
0	HJHEFEJI_04062	class	Archaeplastida; Chlorophyta; Nephroselmidophyceae; Nephroselmidales	Nephroselmidales	202.6	0
0	HJHEFEJI_04063	class	Stramenopiles; Ochrophyta; Pelagophyceae; Sarcinochrysidales	Sarcinochrysidales	186.8	0
0	HJHEFEJI_04064	class	Stramenopiles; Ochrophyta; Bacillariophyta; Bacillariophyta_X	Bacillariophyta_X	112.8	0
0	HJHEFEJI_04065	division	Archaeplastida; Rhodophyta; Stylonematophyceae	Stylonematophyceae	58.2	0
0	HJHEFEJI_04067	class	Excavata; Discoba; Euglenozoa; Euglenida	Euglenida	158.3	0
0	HJHEFEJI_04068	class	Hacrobia; Haptophyta; Prymnesiophyceae; Isochrysidales	Isochrysidales	79.0	0
0	HJHEFEJI_04069	class	Stramenopiles; Ochrophyta; Bacillariophyta; Bacillariophyta_X	Bacillariophyta_X	95.5	0
0	HJHEFEJI_04070	class	Archaeplastida; Chlorophyta; Mamiellophyceae; Mamiellales	Mamiellales	186.8	0
0	HJHEFEJI_04071	class	Rhizaria; Cercozoa; Thecofilosea; Thecofilosea_X	Thecofilosea_X	329.7	0
0	HJHEFEJI_04072	class	Archaeplastida; Chlorophyta; Chloropicophyceae; Chloropicales	Chloropicales	149.1	0
0	HJHEFEJI_04073	class	Stramenopiles; Opalozoa; Bicoecea; Anoecales	Anoecales	448.4	0
0	HJHEFEJI_04074	class	Stramenopiles; Ochrophyta; Bacillariophyta; Bacillariophyta_X	Bacillariophyta_X	120.6	0
0	HJHEFEJI_04075	class	Archaeplastida; Chlorophyta; Trebouxiophyceae; Chlorellales	Chlorellales	235.7	0
0	HJHEFEJI_04076	class	Archaeplastida; Glaucophyta; Glaucocystophyceae; Glaucocystophytes	Glaucocystophytes	211.8	0
0	HJHEFEJI_04077	class	Amoebozoa; Lobosa; Discosea-Flabellinia; Vannellida	Vannellida	170.2	0
0	HJHEFEJI_04078	class	Stramenopiles; Ochrophyta; Bacillariophyta; Bacillariophyta_X	Bacillariophyta_X	290.8	0
0	HJHEFEJI_04079	division	Stramenopiles; Ochrophyta; Bacillariophyta	Bacillariophyta	118.2	0
0	HJHEFEJI_04080	class	Stramenopiles; Ochrophyta; Raphidophyceae; Raphidophyceae_X	Raphidophyceae_X	110.2	0
0	HJHEFEJI_04082	class	Archaeplastida; Chlorophyta; Prasino-Clade-V; Pseudoscourfieldiales	Pseudoscourfieldiales	63.2	0
0	HJHEFEJI_04083	class	Amoebozoa; Lobosa; Discosea-Flabellinia; Dactylopodida	Dactylopodida	143.3	0
0	HJHEFEJI_04085	class	Stramenopiles; Ochrophyta; Bacillariophyta; Bacillariophyta_X	Bacillariophyta_X	85.9	0
0	HJHEFEJI_04086	order	Alveolata; Ciliophora; Ciliophora_X; Ciliophora_XX; Ciliophora_XXX	Ciliophora_XXX	181.0	0
0	HJHEFEJI_04087	order	Alveolata; Ciliophora; Ciliophora_X; Ciliophora_XX; Ciliophora_XXX	Ciliophora_XXX	85.5	0
0	HJHEFEJI_04093	class	Stramenopiles; Ochrophyta; Bacillariophyta; Bacillariophyta_X	Bacillariophyta_X	198.0	0
0	HJHEFEJI_04094	class	Stramenopiles; Ochrophyta; Bacillariophyta; Bacillariophyta_X	Bacillariophyta_X	216.1	0
0	HJHEFEJI_04095	class	Stramenopiles; Ochrophyta; Bacillariophyta; Bacillariophyta_X	Bacillariophyta_X	142.5	0
0	HJHEFEJI_04096	class	Alveolata; Ciliophora; Ciliophora_X; Ciliophora_XX	Ciliophora_XX	137.1	0
0	HJHEFEJI_04107	class	Rhizaria; Cercozoa; Chlorarachniophyceae; Chlorarachnida	Chlorarachnida	741.5	0
0	HJHEFEJI_04109	order	Stramenopiles; Ochrophyta; Bacillariophyta; Bacillariophyta_X; Polar-centric-Mediophyceae	Polar-centric-Mediophyceae	107.8	0
0	HJHEFEJI_04116	division	Amoebozoa; Lobosa	Lobosa	216.9	1
0	HJHEFEJI_04117	division	Amoebozoa; Lobosa; Discosea-Flabellinia	Discosea-Flabellinia	126.3	0
0	HJHEFEJI_04118	class	Stramenopiles; Ochrophyta; Bacillariophyta; Bacillariophyta_X	Bacillariophyta_X	270.8	0
0	HJHEFEJI_04119	class	Rhizaria; Cercozoa; Thecofilosea; Thecofilosea_X	Thecofilosea_X	181.4	0
0	HJHEFEJI_04131	class	Hacrobia; Cryptophyta; Cryptophyceae; Goniomonadales	Goniomonadales	141.0	0
0	HJHEFEJI_04134	class	Stramenopiles; Ochrophyta; Synchromophyceae; Synchromadales	Synchromadales	58.5	0
0	HJHEFEJI_04135	order	Stramenopiles; Ochrophyta; Raphidophyceae; Raphidophyceae_X; Raphidophyceae_XX	Raphidophyceae_XX	194.1	0
0	HJHEFEJI_04136	class	Stramenopiles; Ochrophyta; Bacillariophyta; Bacillariophyta_X	Bacillariophyta_X	153.3	0
0	HJHEFEJI_04137	class	Stramenopiles; Ochrophyta; Bacillariophyta; Bacillariophyta_X	Bacillariophyta_X	124.0	0
0	HJHEFEJI_04138	class	Stramenopiles; Ochrophyta; Bacillariophyta; Bacillariophyta_X	Bacillariophyta_X	131.0	0
0	HJHEFEJI_04141	class	Opisthokonta; Fungi; Ascomycota; Saccharomycotina	Saccharomycotina	181.8	0
0	HJHEFEJI_04142	class	Stramenopiles; Ochrophyta; Bacillariophyta; Bacillariophyta_X	Bacillariophyta_X	498.8	0
0	HJHEFEJI_04144	division	Stramenopiles; Stramenopiles_X; Stramenopiles_XX	Stramenopiles_XX	85.5	0
0	HJHEFEJI_04148	division	Stramenopiles; Ochrophyta; Bacillariophyta	Bacillariophyta	231.9	0
0	HJHEFEJI_04149	class	Stramenopiles; Ochrophyta; Bacillariophyta; Bacillariophyta_X	Bacillariophyta_X	293.5	0
0	HJHEFEJI_04151	family	Stramenopiles; Ochrophyta; Dictyochophyceae; Dictyochophyceae_X; Dictyochophyceae_XX; Uncertain	Uncertain	65.9	0
0	HJHEFEJI_04153	class	Alveolata; Ciliophora; Ciliophora_X; Ciliophora_XX	Ciliophora_XX	251.5	0
0	HJHEFEJI_04154	class	Hacrobia; Cryptophyta; Cryptophyceae; Goniomonadales	Goniomonadales	104.0	0
0	HJHEFEJI_04156	order	Opisthokonta; Choanoflagellida; Choanoflagellatea; Acanthoecida; Acanthoecida_X	Acanthoecida_X	109.8	0
0	HJHEFEJI_04157	class	Stramenopiles; Ochrophyta; Bacillariophyta; Bacillariophyta_X	Bacillariophyta_X	224.6	0
0	HJHEFEJI_04162	class	Rhizaria; Cercozoa; Chlorarachniophyceae; Chlorarachnida	Chlorarachnida	139.0	0
0	HJHEFEJI_04167	order	Archaeplastida; Glaucophyta; Glaucocystophyceae; Glaucocystophytes; Glaucocystophytes_X	Glaucocystophytes_X	529.6	0
0	HJHEFEJI_04177	order	Hacrobia; Haptophyta; Pavlovophyceae; Pavlovales; Pavlovaceae	Pavlovaceae	388.3	0
0	HJHEFEJI_04181	class	Archaeplastida; Chlorophyta; Chlorodendrophyceae; Chlorodendrales	Chlorodendrales	114.8	0
0	HJHEFEJI_04184	order	Archaeplastida; Chlorophyta; Chlorodendrophyceae; Chlorodendrales; Chlorodendraceae	Chlorodendraceae	970.3	0
0	HJHEFEJI_04186	class	Amoebozoa; Lobosa; Discosea-Flabellinia; Vannellida	Vannellida	58.5	0
0	HJHEFEJI_04189	class	Stramenopiles; Ochrophyta; Bacillariophyta; Bacillariophyta_X	Bacillariophyta_X	204.1	0
0	HJHEFEJI_04191	order	Stramenopiles; Ochrophyta; Bacillariophyta; Bacillariophyta_X; Polar-centric-Mediophyceae	Polar-centric-Mediophyceae	445.3	0
0	HJHEFEJI_04192	class	Hacrobia; Cryptophyta; Cryptophyceae; Goniomonadales	Goniomonadales	166.0	0
0	HJHEFEJI_04194	class	Stramenopiles; Ochrophyta; Bacillariophyta; Bacillariophyta_X	Bacillariophyta_X	166.4	0
0	HJHEFEJI_04198	class	Stramenopiles; Ochrophyta; Bacillariophyta; Bacillariophyta_X	Bacillariophyta_X	149.8	0
0	HJHEFEJI_04209	class	Stramenopiles; Ochrophyta; Dictyochophyceae; Dictyochophyceae_X	Dictyochophyceae_X	189.5	0
0	HJHEFEJI_04210	class	Archaeplastida; Chlorophyta; Trebouxiophyceae; Chlorellales	Chlorellales	114.4	0
0	HJHEFEJI_04211	class	Archaeplastida; Chlorophyta; Chlorophyceae; Chlamydomonadales	Chlamydomonadales	109.0	0
0	HJHEFEJI_04212	order	Stramenopiles; Ochrophyta; Bacillariophyta; Bacillariophyta_X; Polar-centric-Mediophyceae	Polar-centric-Mediophyceae	392.1	0
0	HJHEFEJI_04213	class	Stramenopiles; Ochrophyta; Bacillariophyta; Bacillariophyta_X	Bacillariophyta_X	69.7	0
0	HJHEFEJI_04220	class	Stramenopiles; Ochrophyta; Raphidophyceae; Raphidophyceae_X	Raphidophyceae_X	110.9	0
0	HJHEFEJI_04225	class	Archaeplastida; Chlorophyta; Palmophyllophyceae; Prasinococcales	Prasinococcales	131.7	0
0	HJHEFEJI_04228	order	Hacrobia; Haptophyta; Prymnesiophyceae; Prymnesiales; Chrysochromulinaceae	Chrysochromulinaceae	322.8	0
0	HJHEFEJI_04233	class	Alveolata; Dinoflagellata; Dinophyceae; Gonyaulacales	Gonyaulacales	263.8	0
0	HJHEFEJI_04235	class	Archaeplastida; Chlorophyta; Nephroselmidophyceae; Nephroselmidales	Nephroselmidales	99.8	0
0	HJHEFEJI_04236	order	Amoebozoa; Lobosa; Lobosa_X; Trichosida; Trichosidae	Trichosidae	124.4	0
0	HJHEFEJI_04238	class	Stramenopiles; Ochrophyta; Bacillariophyta; Bacillariophyta_X	Bacillariophyta_X	67.4	0
0	HJHEFEJI_04242	class	Hacrobia; Haptophyta; Prymnesiophyceae; Isochrysidales	Isochrysidales	78.2	0
0	HJHEFEJI_04243	class	Archaeplastida; Rhodophyta; Stylonematophyceae; Porphyridiales-2	Porphyridiales-2	186.0	0
0	HJHEFEJI_04244	class	Stramenopiles; Stramenopiles_X; Stramenopiles_XX; Stramenopiles_XXX	Stramenopiles_XXX	66.6	0
0	HJHEFEJI_04255	order	Archaeplastida; Chlorophyta; Mamiellophyceae; Mamiellales; Bathycoccaceae	Bathycoccaceae	91.7	0
0	HJHEFEJI_04256	class	Stramenopiles; Ochrophyta; Bacillariophyta; Bacillariophyta_X	Bacillariophyta_X	456.8	0
0	HJHEFEJI_04257	division	Alveolata; Ciliophora; Heterotrichea	Heterotrichea	60.1	0
0	HJHEFEJI_04261	class	Archaeplastida; Chlorophyta; Chlorodendrophyceae; Chlorodendrales	Chlorodendrales	176.8	0
0	HJHEFEJI_04262	class	Alveolata; Ciliophora; Heterotrichea; Heterotrichea_X	Heterotrichea_X	150.2	0
0	HJHEFEJI_04263	class	Alveolata; Ciliophora; Ciliophora_X; Ciliophora_XX	Ciliophora_XX	109.8	0
0	HJHEFEJI_04266	class	Archaeplastida; Chlorophyta; Picocystophyceae; Picocystales	Picocystales	159.8	0
0	HJHEFEJI_04270	family	Archaeplastida; Chlorophyta; Palmophyllophyceae; Prasinococcales; Prasinococcales-Clade-A; Prasinococcus	Prasinococcus	205.3	0
0	HJHEFEJI_04276	class	Stramenopiles; Ochrophyta; Raphidophyceae; Raphidophyceae_X	Raphidophyceae_X	177.2	0
0	HJHEFEJI_04277	class	Archaeplastida; Chlorophyta; Mamiellophyceae; Dolichomastigales	Dolichomastigales	107.1	0
0	HJHEFEJI_04278	class	Rhizaria; Cercozoa; Chlorarachniophyceae; Chlorarachnida	Chlorarachnida	84.7	0
0	HJHEFEJI_04279	class	Stramenopiles; Ochrophyta; Bacillariophyta; Bacillariophyta_X	Bacillariophyta_X	221.5	0
0	HJHEFEJI_04280	class	Stramenopiles; Ochrophyta; Bacillariophyta; Bacillariophyta_X	Bacillariophyta_X	83.6	0
0	HJHEFEJI_04281	class	Alveolata; Ciliophora; Ciliophora_X; Ciliophora_XX	Ciliophora_XX	175.3	0
0	HJHEFEJI_04283	order	Archaeplastida; Chlorophyta; Nephroselmidophyceae; Nephroselmidales; Nephroselmidales_X	Nephroselmidales_X	434.1	0
0	HJHEFEJI_04288	order	Archaeplastida; Chlorophyta; Picocystophyceae; Picocystales; Picocystaceae	Picocystaceae	191.4	0
0	HJHEFEJI_04289	class	Hacrobia; Hacrobia_X; Hacrobia_XX; Hacrobia_XXX	Hacrobia_XXX	167.5	0
0	HJHEFEJI_04293	class	Stramenopiles; Ochrophyta; Bacillariophyta; Bacillariophyta_X	Bacillariophyta_X	490.0	0
0	HJHEFEJI_04298	order	Stramenopiles; Ochrophyta; Bacillariophyta; Bacillariophyta_X; Polar-centric-Mediophyceae	Polar-centric-Mediophyceae	70.5	0
0	HJHEFEJI_04300	family	Stramenopiles; Ochrophyta; Dictyochophyceae; Dictyochophyceae_X; Pedinellales; Pseudopedinella	Pseudopedinella	117.5	0
0	HJHEFEJI_04303	order	Stramenopiles; Ochrophyta; Bacillariophyta; Bacillariophyta_X; Raphid-pennate	Raphid-pennate	88.6	0
0	HJHEFEJI_04310	division	Alveolata; Dinoflagellata; Noctilucophyceae	Noctilucophyceae	119.0	0
0	HJHEFEJI_04312	division	Stramenopiles; Ochrophyta; Bacillariophyta	Bacillariophyta	94.4	0
0	HJHEFEJI_04313	class	Stramenopiles; Ochrophyta; Dictyochophyceae; Dictyochophyceae_X	Dictyochophyceae_X	128.6	0
0	HJHEFEJI_04315	class	Alveolata; Dinoflagellata; Dinophyceae; Peridiniales	Peridiniales	166.4	0
0	HJHEFEJI_04317	class	Alveolata; Dinoflagellata; Dinophyceae; Peridiniales	Peridiniales	180.3	0
0	HJHEFEJI_04319	class	Amoebozoa; Conosa; Variosea; Variosea_X	Variosea_X	276.6	0
0	HJHEFEJI_04322	class	Hacrobia; Cryptophyta; Cryptophyceae; Cryptomonadales	Cryptomonadales	326.2	0
0	HJHEFEJI_04323	class	Stramenopiles; Ochrophyta; Bacillariophyta; Bacillariophyta_X	Bacillariophyta_X	152.9	0
0	HJHEFEJI_04327	class	Archaeplastida; Chlorophyta; Pyramimonadales; Pyramimonadales_X	Pyramimonadales_X	399.1	0
0	HJHEFEJI_04328	genus	Archaeplastida; Chlorophyta; Picocystophyceae; Picocystales; Picocystaceae; Picocystis; Picocystis salinarum	Picocystis salinarum	92.0	0
0	HJHEFEJI_04334	class	Archaeplastida; Chlorophyta; Chloropicophyceae; Chloropicales	Chloropicales	73.9	0
0	HJHEFEJI_04335	division	Alveolata; Dinoflagellata; Dinophyceae	Dinophyceae	89.0	0
0	HJHEFEJI_04336	division	Archaeplastida; Chlorophyta; Chlorodendrophyceae	Chlorodendrophyceae	73.9	0
0	HJHEFEJI_04337	class	Amoebozoa; Lobosa; Discosea-Flabellinia; Dactylopodida	Dactylopodida	514.6	0
0	HJHEFEJI_04338	class	Stramenopiles; Ochrophyta; Bacillariophyta; Bacillariophyta_X	Bacillariophyta_X	99.0	0
0	HJHEFEJI_04343	genus	Archaeplastida; Chlorophyta; Nephroselmidophyceae; Nephroselmidales; Nephroselmidales_X; Nephroselmis; Nephroselmis pyriformis	Nephroselmis pyriformis	232.3	0
0	HJHEFEJI_04346	class	Stramenopiles; Ochrophyta; Bacillariophyta; Bacillariophyta_X	Bacillariophyta_X	78.6	0
0	HJHEFEJI_04347	class	Archaeplastida; Chlorophyta; Palmophyllophyceae; Prasinococcales	Prasinococcales	77.4	0
0	HJHEFEJI_04349	class	Archaeplastida; Glaucophyta; Glaucocystophyceae; Glaucocystophytes	Glaucocystophytes	84.7	0
0	HJHEFEJI_04350	division	Archaeplastida; Chlorophyta; Mamiellophyceae	Mamiellophyceae	104.4	0
0	HJHEFEJI_04352	class	Archaeplastida; Glaucophyta; Glaucocystophyceae; Glaucocystophytes	Glaucocystophytes	220.3	0
0	HJHEFEJI_04353	order	Archaeplastida; Chlorophyta; Trebouxiophyceae; Chlorellales; Chlorellales_X	Chlorellales_X	431.8	0
0	HJHEFEJI_04355	class	Alveolata; Ciliophora; Colpodea; Colpodea_X	Colpodea_X	150.6	0
0	HJHEFEJI_04357	class	Stramenopiles; Ochrophyta; Bacillariophyta; Bacillariophyta_X	Bacillariophyta_X	69.3	0
0	HJHEFEJI_04359	order	Stramenopiles; Ochrophyta; Raphidophyceae; Raphidophyceae_X; Raphidophyceae_XX	Raphidophyceae_XX	131.7	0
0	HJHEFEJI_04361	class	Stramenopiles; Ochrophyta; Bacillariophyta; Bacillariophyta_X	Bacillariophyta_X	82.8	0
0	HJHEFEJI_04362	class	Archaeplastida; Chlorophyta; Palmophyllophyceae; Prasinococcales	Prasinococcales	374.4	0
0	HJHEFEJI_04363	class	Stramenopiles; Ochrophyta; Bacillariophyta; Bacillariophyta_X	Bacillariophyta_X	98.6	0
0	HJHEFEJI_04364	order	Archaeplastida; Chlorophyta; Chlorodendrophyceae; Chlorodendrales; Chlorodendraceae	Chlorodendraceae	426.8	0
0	HJHEFEJI_04365	division	Archaeplastida; Chlorophyta; Chlorophyta_X	Chlorophyta_X	97.4	0
0	HJHEFEJI_04366	order	Hacrobia; Haptophyta; Prymnesiophyceae; Prymnesiales; Chrysochromulinaceae	Chrysochromulinaceae	279.6	0
0	HJHEFEJI_04370	division	Hacrobia; Haptophyta; Prymnesiophyceae	Prymnesiophyceae	68.2	0
0	HJHEFEJI_04371	class	Rhizaria; Cercozoa; Chlorarachniophyceae; Chlorarachnida	Chlorarachnida	169.5	0
0	HJHEFEJI_04372	class	Archaeplastida; Chlorophyta; Chlorodendrophyceae; Chlorodendrales	Chlorodendrales	159.1	0
0	HJHEFEJI_04373	class	Rhizaria; Cercozoa; Chlorarachniophyceae; Chlorarachnida	Chlorarachnida	188.0	0
0	HJHEFEJI_04375	division	Stramenopiles; Ochrophyta; Bacillariophyta	Bacillariophyta	60.5	0
0	HJHEFEJI_04379	class	Archaeplastida; Rhodophyta; Porphyridiophyceae; Porphyridiales	Porphyridiales	80.1	0
0	HJHEFEJI_04382	class	Stramenopiles; Sagenista; Labyrinthulomycetes; Labyrinthulales	Labyrinthulales	125.6	0
0	HJHEFEJI_04383	class	Stramenopiles; Ochrophyta; Raphidophyceae; Raphidophyceae_X	Raphidophyceae_X	70.9	0
0	HJHEFEJI_04386	class	Amoebozoa; Lobosa; Lobosa_X; Trichosida	Trichosida	370.2	0
0	HJHEFEJI_04393	division	Stramenopiles; Ochrophyta; Bacillariophyta	Bacillariophyta	84.7	0
0	HJHEFEJI_04401	family	Stramenopiles; Ochrophyta; Bacillariophyta; Bacillariophyta_X; Polar-centric-Mediophyceae; Thalassiosira	Thalassiosira	119.4	0
0	HJHEFEJI_04403	division	Stramenopiles; Ochrophyta; Bacillariophyta	Bacillariophyta	72.4	0
0	HJHEFEJI_04404	class	Stramenopiles; Ochrophyta; Bacillariophyta; Bacillariophyta_X	Bacillariophyta_X	284.3	0
0	HJHEFEJI_04405	class	Archaeplastida; Rhodophyta; Compsopogonophyceae; Compsopogonales	Compsopogonales	334.7	0
0	HJHEFEJI_04406	class	Stramenopiles; Ochrophyta; Raphidophyceae; Raphidophyceae_X	Raphidophyceae_X	111.3	0
0	HJHEFEJI_04407	class	Archaeplastida; Glaucophyta; Glaucocystophyceae; Glaucocystophytes	Glaucocystophytes	544.7	0
0	HJHEFEJI_04408	class	Stramenopiles; Ochrophyta; Bacillariophyta; Bacillariophyta_X	Bacillariophyta_X	468.8	0
0	HJHEFEJI_04409	class	Rhizaria; Cercozoa; Chlorarachniophyceae; Chlorarachnida	Chlorarachnida	176.4	0
0	HJHEFEJI_04410	division	Hacrobia; Cryptophyta; Cryptophyceae	Cryptophyceae	58.5	0
0	HJHEFEJI_04412	class	Amoebozoa; Conosa; Variosea; Variosea_X	Variosea_X	147.1	0
0	HJHEFEJI_04416	order	Hacrobia; Haptophyta; Prymnesiophyceae; Prymnesiales; Prymnesiaceae	Prymnesiaceae	245.4	0
0	HJHEFEJI_04418	class	Amoebozoa; Lobosa; Discosea-Flabellinia; Vannellida	Vannellida	168.7	0
0	HJHEFEJI_04426	order	Stramenopiles; Ochrophyta; Bacillariophyta; Bacillariophyta_X; Polar-centric-Mediophyceae	Polar-centric-Mediophyceae	92.0	0
0	HJHEFEJI_04431	class	Stramenopiles; Ochrophyta; Bacillariophyta; Bacillariophyta_X	Bacillariophyta_X	105.5	0
0	HJHEFEJI_04433	class	Rhizaria; Cercozoa; Chlorarachniophyceae; Chlorarachnida	Chlorarachnida	83.2	0
0	HJHEFEJI_04442	class	Amoebozoa; Lobosa; Lobosa_X; Trichosida	Trichosida	150.2	0
0	HJHEFEJI_04444	order	Stramenopiles; Ochrophyta; Bacillariophyta; Bacillariophyta_X; Polar-centric-Mediophyceae	Polar-centric-Mediophyceae	1041.2	0
0	HJHEFEJI_04445	order	Stramenopiles; Ochrophyta; Bacillariophyta; Bacillariophyta_X; Polar-centric-Mediophyceae	Polar-centric-Mediophyceae	692.2	0
0	HJHEFEJI_04446	division	Stramenopiles; Ochrophyta; Bacillariophyta	Bacillariophyta	78.2	0
0	HJHEFEJI_04450	division	Archaeplastida; Chlorophyta; Chlorophyceae	Chlorophyceae	96.7	0
0	HJHEFEJI_04451	class	Stramenopiles; Ochrophyta; Bacillariophyta; Bacillariophyta_X	Bacillariophyta_X	252.3	0
0	HJHEFEJI_04452	class	Alveolata; Dinoflagellata; Dinophyceae; Gonyaulacales	Gonyaulacales	202.6	0
0	HJHEFEJI_04457	class	Hacrobia; Haptophyta; Prymnesiophyceae; Prymnesiales	Prymnesiales	376.3	0
0	HJHEFEJI_04458	class	Alveolata; Dinoflagellata; Dinophyceae; Gonyaulacales	Gonyaulacales	72.0	0
0	HJHEFEJI_04461	division	Stramenopiles; Ochrophyta; Raphidophyceae	Raphidophyceae	98.2	0
0	HJHEFEJI_04463	family	Stramenopiles; Ochrophyta; Bacillariophyta; Bacillariophyta_X; Araphid-pennate; Thalassiothrix	Thalassiothrix	121.7	0
0	HJHEFEJI_04465	class	Stramenopiles; Ochrophyta; Bacillariophyta; Bacillariophyta_X	Bacillariophyta_X	72.8	0
0	HJHEFEJI_04469	division	Alveolata; Dinoflagellata; Dinophyceae	Dinophyceae	72.4	0
0	HJHEFEJI_04470	division	Stramenopiles; Ochrophyta; Bacillariophyta	Bacillariophyta	60.5	0
0	HJHEFEJI_04471	division	Stramenopiles; Ochrophyta; Bacillariophyta	Bacillariophyta	63.2	0
0	HJHEFEJI_04472	class	Alveolata; Ciliophora; Ciliophora_X; Ciliophora_XX	Ciliophora_XX	246.9	0
0	HJHEFEJI_04473	class	Stramenopiles; Ochrophyta; Bacillariophyta; Bacillariophyta_X	Bacillariophyta_X	259.6	0
0	HJHEFEJI_04474	class	Alveolata; Dinoflagellata; Dinophyceae	Dinophyceae	229.6	1
0	HJHEFEJI_04476	class	Alveolata; Ciliophora; Ciliophora_X; Ciliophora_XX	Ciliophora_XX	59.7	0
0	HJHEFEJI_04478	class	Stramenopiles; Sagenista; Labyrinthulomycetes; Thraustochytriales	Thraustochytriales	60.8	0
0	HJHEFEJI_04480	class	Stramenopiles; Ochrophyta; Bacillariophyta; Bacillariophyta_X	Bacillariophyta_X	87.8	0
0	HJHEFEJI_04487	order	Archaeplastida; Chlorophyta; Mamiellophyceae; Mamiellales; Bathycoccaceae	Bathycoccaceae	171.4	0
0	HJHEFEJI_04488	class	Stramenopiles; Ochrophyta; Bacillariophyta; Bacillariophyta_X	Bacillariophyta_X	63.5	0
0	HJHEFEJI_04492	family	Archaeplastida; Chlorophyta; Mamiellophyceae; Mamiellales; Mamiellaceae; Micromonas	Micromonas	806.2	0
0	HJHEFEJI_04494	class	Archaeplastida; Chlorophyta; Chlorophyceae; Chlamydomonadales	Chlamydomonadales	681.0	0
0	HJHEFEJI_04497	division	Opisthokonta; Choanoflagellida; Choanoflagellatea	Choanoflagellatea	97.8	0
0	HJHEFEJI_04499	order	Archaeplastida; Chlorophyta; Chloropicophyceae; Chloropicales; Chloropicaceae	Chloropicaceae	95.1	0
0	HJHEFEJI_04502	class	Opisthokonta; Choanoflagellida; Choanoflagellatea; Acanthoecida	Acanthoecida	183.7	0
0	HJHEFEJI_04503	order	Archaeplastida; Chlorophyta; Chlorophyta_X; Chlorophyta_XX; Chlorophyta_XXX	Chlorophyta_XXX	562.8	0
0	HJHEFEJI_04510	class	Stramenopiles; Ochrophyta; Bacillariophyta; Bacillariophyta_X	Bacillariophyta_X	190.3	0
0	HJHEFEJI_04511	class	Alveolata; Ciliophora; Ciliophora_X; Ciliophora_XX	Ciliophora_XX	105.1	0
0	HJHEFEJI_04512	family	Stramenopiles; Ochrophyta; Bacillariophyta; Bacillariophyta_X; Polar-centric-Mediophyceae; Skeletonema	Skeletonema	92.8	0
0	HJHEFEJI_04515	class	Stramenopiles; Ochrophyta; Bacillariophyta; Bacillariophyta_X	Bacillariophyta_X	117.9	0
0	HJHEFEJI_04518	class	Stramenopiles; Ochrophyta; Dictyochophyceae; Dictyochophyceae_X	Dictyochophyceae_X	120.9	0
0	HJHEFEJI_04522	class	Stramenopiles; Sagenista; Labyrinthulomycetes; Thraustochytriales	Thraustochytriales	60.1	0
0	HJHEFEJI_04523	order	Stramenopiles; Ochrophyta; Dictyochophyceae; Dictyochophyceae_X; Pedinellales	Pedinellales	146.4	0
0	HJHEFEJI_04524	class	Archaeplastida; Chlorophyta; Chlorophyta_X; Chlorophyta_XX	Chlorophyta_XX	614.4	0
0	HJHEFEJI_04525	class	Alveolata; Ciliophora; Spirotrichea; Tintinnida	Tintinnida	137.9	0
0	HJHEFEJI_04527	class	Hacrobia; Cryptophyta; Cryptophyceae; Cryptomonadales	Cryptomonadales	115.9	0
0	HJHEFEJI_04529	order	Archaeplastida; Chlorophyta; Chloropicophyceae; Chloropicales; Chloropicaceae	Chloropicaceae	409.5	0
0	HJHEFEJI_04535	class	Amoebozoa; Lobosa; Lobosa_X; Trichosida	Trichosida	228.0	0
0	HJHEFEJI_04536	class	Stramenopiles; Ochrophyta; Bacillariophyta; Bacillariophyta_X	Bacillariophyta_X	94.4	0
0	HJHEFEJI_04537	order	Stramenopiles; Ochrophyta; Bacillariophyta; Bacillariophyta_X; Polar-centric-Mediophyceae	Polar-centric-Mediophyceae	92.8	0
0	HJHEFEJI_04540	family	Archaeplastida; Chlorophyta; Chlorophyceae; Chlamydomonadales; Chlamydomonadales_X; Chlamydomonas	Chlamydomonas	268.1	0
0	HJHEFEJI_04541	class	Archaeplastida; Chlorophyta; Chlorophyceae; Chlamydomonadales	Chlamydomonadales	303.5	0
0	HJHEFEJI_04542	class	Alveolata; Apicomplexa; Colpodellidea; Vitrelladida	Vitrelladida	268.1	0
0	HJHEFEJI_04547	order	Archaeplastida; Chlorophyta; Pyramimonadales; Pyramimonadales_X; Pyramimonadales_XX	Pyramimonadales_XX	404.8	0
0	HJHEFEJI_04548	order	Alveolata; Ciliophora; Ciliophora_X; Ciliophora_XX; Ciliophora_XXX	Ciliophora_XXX	658.7	0
0	HJHEFEJI_04549	class	Stramenopiles; Ochrophyta; Raphidophyceae; Raphidophyceae_X	Raphidophyceae_X	365.2	0
0	HJHEFEJI_04552	division	Alveolata; Dinoflagellata; Dinophyceae	Dinophyceae	69.7	0
0	HJHEFEJI_04555	class	Stramenopiles; Ochrophyta; Bacillariophyta; Bacillariophyta_X	Bacillariophyta_X	223.4	0
0	HJHEFEJI_04557	order	Stramenopiles; Ochrophyta; Bacillariophyta; Bacillariophyta_X; Polar-centric-Mediophyceae	Polar-centric-Mediophyceae	240.7	0
0	HJHEFEJI_04558	division	Alveolata; Ciliophora; Colpodea	Colpodea	79.3	0
0	HJHEFEJI_04559	class	Stramenopiles; Ochrophyta; Raphidophyceae; Raphidophyceae_X	Raphidophyceae_X	66.6	0
0	HJHEFEJI_04560	class	Stramenopiles; Ochrophyta; Dictyochophyceae; Dictyochophyceae_X	Dictyochophyceae_X	56.2	0
0	HJHEFEJI_04565	class	Archaeplastida; Chlorophyta; Palmophyllophyceae; Prasinococcales	Prasinococcales	167.9	0
0	HJHEFEJI_04568	class	Archaeplastida; Chlorophyta; Pyramimonadales; Pyramimonadales_X	Pyramimonadales_X	141.4	0
0	HJHEFEJI_04569	class	Archaeplastida; Chlorophyta; Chloropicophyceae; Chloropicales	Chloropicales	180.6	0
0	HJHEFEJI_04570	order	Archaeplastida; Chlorophyta; Chloropicophyceae; Chloropicales; Chloropicaceae	Chloropicaceae	341.7	0
0	HJHEFEJI_04571	class	Hacrobia; Cryptophyta; Cryptophyceae; Goniomonadales	Goniomonadales	95.9	0
0	HJHEFEJI_04572	division	Archaeplastida; Chlorophyta; Mamiellophyceae	Mamiellophyceae	104.8	0
0	HJHEFEJI_04573	class	Archaeplastida; Rhodophyta; Stylonematophyceae; Porphyridiales-2	Porphyridiales-2	202.6	0
0	HJHEFEJI_04578	order	Archaeplastida; Glaucophyta; Glaucocystophyceae; Glaucocystophytes; Glaucocystophytes_X	Glaucocystophytes_X	216.5	0
0	HJHEFEJI_04579	class	Stramenopiles; Ochrophyta; Bacillariophyta; Bacillariophyta_X	Bacillariophyta_X	268.9	0
0	HJHEFEJI_04580	class	Hacrobia; Cryptophyta; Cryptophyceae; Cryptomonadales	Cryptomonadales	82.8	0
0	HJHEFEJI_04583	class	Archaeplastida; Glaucophyta; Glaucocystophyceae; Glaucocystophytes	Glaucocystophytes	176.8	0
0	HJHEFEJI_04584	division	Alveolata; Dinoflagellata; Dinophyceae	Dinophyceae	67.0	0
0	HJHEFEJI_04587	class	Stramenopiles; Ochrophyta; Bacillariophyta; Bacillariophyta_X	Bacillariophyta_X	352.4	0
0	HJHEFEJI_04589	division	Hacrobia; Haptophyta; Prymnesiophyceae	Prymnesiophyceae	100.9	0
0	HJHEFEJI_04594	class	Stramenopiles; Ochrophyta; Xanthophyceae; Xanthophyceae_X	Xanthophyceae_X	209.1	0
0	HJHEFEJI_04597	class	Archaeplastida; Chlorophyta; Chlorophyceae; Chlamydomonadales	Chlamydomonadales	158.7	0
0	HJHEFEJI_04598	class	Archaeplastida; Chlorophyta; Mamiellophyceae; Mamiellales	Mamiellales	211.1	0
0	HJHEFEJI_04603	class	Stramenopiles; Ochrophyta; Bacillariophyta; Bacillariophyta_X	Bacillariophyta_X	62.8	0
0	HJHEFEJI_04607	class	Stramenopiles; Ochrophyta; Bacillariophyta; Bacillariophyta_X	Bacillariophyta_X	70.1	0
0	HJHEFEJI_04608	class	Archaeplastida; Chlorophyta; Chlorodendrophyceae; Chlorodendrales	Chlorodendrales	100.5	0
0	HJHEFEJI_04616	division	Archaeplastida; Chlorophyta; Chlorophyta_X	Chlorophyta_X	194.1	0
0	HJHEFEJI_04619	class	Archaeplastida; Chlorophyta; Picocystophyceae; Picocystales	Picocystales	234.6	0
0	HJHEFEJI_04624	class	Stramenopiles; Ochrophyta; Bacillariophyta; Bacillariophyta_X	Bacillariophyta_X	209.1	0
0	HJHEFEJI_04625	order	Opisthokonta; Choanoflagellida; Choanoflagellatea; Acanthoecida; Acanthoecida_X	Acanthoecida_X	205.7	0
0	HJHEFEJI_04633	class	Alveolata; Ciliophora; Ciliophora_X; Ciliophora_XX	Ciliophora_XX	94.4	0
0	HJHEFEJI_04636	class	Hacrobia; Haptophyta; Pavlovophyceae; Pavlovales	Pavlovales	59.7	0
0	HJHEFEJI_04643	class	Alveolata; Dinoflagellata; Dinophyceae; Peridiniales	Peridiniales	78.2	0
0	HJHEFEJI_04646	class	Stramenopiles; Ochrophyta; Bacillariophyta; Bacillariophyta_X	Bacillariophyta_X	135.2	0
0	HJHEFEJI_04649	class	Stramenopiles; Ochrophyta; Raphidophyceae; Raphidophyceae_X	Raphidophyceae_X	75.9	0
0	HJHEFEJI_04651	class	Stramenopiles; Ochrophyta; Raphidophyceae; Raphidophyceae_X	Raphidophyceae_X	196.4	0
0	HJHEFEJI_04657	division	Archaeplastida; Chlorophyta; Mamiellophyceae	Mamiellophyceae	153.7	0
0	HJHEFEJI_04659	class	Stramenopiles; Ochrophyta; Bacillariophyta; Bacillariophyta_X	Bacillariophyta_X	111.7	0
0	HJHEFEJI_04660	division	Amoebozoa; Lobosa	Lobosa	284.6	1
0	HJHEFEJI_04667	class	Stramenopiles; Ochrophyta; Raphidophyceae; Raphidophyceae_X	Raphidophyceae_X	271.2	0
0	HJHEFEJI_04671	class	Stramenopiles; Ochrophyta; Bacillariophyta; Bacillariophyta_X	Bacillariophyta_X	71.6	0
0	HJHEFEJI_04675	class	Archaeplastida; Chlorophyta; Chlorodendrophyceae; Chlorodendrales	Chlorodendrales	133.3	0
0	HJHEFEJI_04676	class	Hacrobia; Haptophyta; Prymnesiophyceae; Isochrysidales	Isochrysidales	80.9	0
0	HJHEFEJI_04678	order	Archaeplastida; Chlorophyta; Chlorodendrophyceae; Chlorodendrales; Chlorodendraceae	Chlorodendraceae	945.3	0
0	HJHEFEJI_04682	order	Stramenopiles; Ochrophyta; Bacillariophyta; Bacillariophyta_X; Polar-centric-Mediophyceae	Polar-centric-Mediophyceae	82.0	0
0	HJHEFEJI_04685	class	Hacrobia; Haptophyta; Pavlovophyceae; Pavlovales	Pavlovales	164.5	0
0	HJHEFEJI_04687	class	Archaeplastida; Chlorophyta; Pyramimonadales; Pyramimonadales_X	Pyramimonadales_X	113.2	0
0	HJHEFEJI_04688	class	Stramenopiles; Ochrophyta; Bacillariophyta; Bacillariophyta_X	Bacillariophyta_X	315.5	0
0	HJHEFEJI_04691	class	Stramenopiles; Ochrophyta; Pinguiophyceae; Pinguiochrysidales	Pinguiochrysidales	170.6	0
0	HJHEFEJI_04692	class	Stramenopiles; Ochrophyta; Bacillariophyta; Bacillariophyta_X	Bacillariophyta_X	356.7	0
0	HJHEFEJI_04693	family	Stramenopiles; Ochrophyta; Bacillariophyta; Bacillariophyta_X; Araphid-pennate; Thalassionema	Thalassionema	129.8	0
0	HJHEFEJI_04695	class	Amoebozoa; Conosa; Variosea; Variosea_X	Variosea_X	239.2	0
0	HJHEFEJI_04696	class	Stramenopiles; Ochrophyta; Bacillariophyta; Bacillariophyta_X	Bacillariophyta_X	233.8	0
0	HJHEFEJI_04700	order	Archaeplastida; Chlorophyta; Chlorophyceae; Chlamydomonadales; Chlamydomonadales_X	Chlamydomonadales_X	176.8	0
0	HJHEFEJI_04702	division	Alveolata; Ciliophora; Spirotrichea	Spirotrichea	91.3	0
0	HJHEFEJI_04704	order	Stramenopiles; Ochrophyta; Bacillariophyta; Bacillariophyta_X; Polar-centric-Mediophyceae	Polar-centric-Mediophyceae	225.3	0
0	HJHEFEJI_04705	family	Stramenopiles; Ochrophyta; Dictyochophyceae; Dictyochophyceae_X; Pedinellales; Pseudopedinella	Pseudopedinella	471.1	0
0	HJHEFEJI_04708	class	Archaeplastida; Chlorophyta; Chloropicophyceae; Chloropicales	Chloropicales	59.7	0
0	HJHEFEJI_04709	class	Archaeplastida; Chlorophyta; Chlorophyceae; Chlamydomonadales	Chlamydomonadales	124.4	0
0	HJHEFEJI_04711	class	Alveolata; Ciliophora; Ciliophora_X; Ciliophora_XX	Ciliophora_XX	416.0	0
0	HJHEFEJI_04713	division	Stramenopiles; Opalozoa; Bicoecea	Bicoecea	64.3	0
0	HJHEFEJI_04714	class	Stramenopiles; Ochrophyta; Bacillariophyta; Bacillariophyta_X	Bacillariophyta_X	105.9	0
0	HJHEFEJI_04716	class	Archaeplastida; Rhodophyta; Stylonematophyceae; Porphyridiales-2	Porphyridiales-2	100.9	0
0	HJHEFEJI_04717	order	Stramenopiles; Ochrophyta; Bacillariophyta; Bacillariophyta_X	Bacillariophyta_X	416.8	1
0	HJHEFEJI_04718	class	Stramenopiles; Ochrophyta; Bacillariophyta; Bacillariophyta_X	Bacillariophyta_X	368.2	0
0	HJHEFEJI_04719	division	Hacrobia; Cryptophyta; Cryptophyceae	Cryptophyceae	99.8	0
0	HJHEFEJI_04720	class	Archaeplastida; Chlorophyta; Mamiellophyceae; Mamiellales	Mamiellales	117.1	0
0	HJHEFEJI_04721	order	Stramenopiles; Ochrophyta; Bacillariophyta; Bacillariophyta_X; Polar-centric-Mediophyceae	Polar-centric-Mediophyceae	318.9	0
0	HJHEFEJI_04724	class	Alveolata; Ciliophora; Ciliophora_X; Ciliophora_XX	Ciliophora_XX	212.2	0
0	HJHEFEJI_04725	order	Stramenopiles; Ochrophyta; Bacillariophyta; Bacillariophyta_X; Polar-centric-Mediophyceae	Polar-centric-Mediophyceae	245.0	0
0	HJHEFEJI_04731	class	Stramenopiles; Ochrophyta; Raphidophyceae; Raphidophyceae_X	Raphidophyceae_X	150.6	0
0	HJHEFEJI_04738	division	Alveolata; Dinoflagellata; Dinophyceae	Dinophyceae	67.4	0
0	HJHEFEJI_04740	division	Stramenopiles; Opalozoa; Bicoecea	Bicoecea	67.0	0
0	HJHEFEJI_04748	division	Archaeplastida; Chlorophyta; Chlorodendrophyceae	Chlorodendrophyceae	105.1	0
0	HJHEFEJI_04750	order	Alveolata; Dinoflagellata; Oxyrrhea; Oxyrrhinales; Oxyrrhinaceae	Oxyrrhinaceae	256.5	0
0	HJHEFEJI_04752	division	Stramenopiles; Ochrophyta; Bacillariophyta	Bacillariophyta	117.5	0
0	HJHEFEJI_04753	class	Archaeplastida; Chlorophyta; Chlorodendrophyceae; Chlorodendrales	Chlorodendrales	403.7	0
0	HJHEFEJI_04754	family	Archaeplastida; Chlorophyta; Palmophyllophyceae; Prasinococcales; Prasinococcales-Clade-B; Prasinoderma	Prasinoderma	160.2	0
0	HJHEFEJI_04757	class	Stramenopiles; Ochrophyta; Xanthophyceae; Xanthophyceae_X	Xanthophyceae_X	92.8	0
0	HJHEFEJI_04760	order	Stramenopiles; Ochrophyta; Bacillariophyta; Bacillariophyta_X; Polar-centric-Mediophyceae	Polar-centric-Mediophyceae	105.5	0
0	HJHEFEJI_04769	class	Hacrobia; Cryptophyta; Cryptophyceae; Cryptomonadales	Cryptomonadales	114.0	0
0	HJHEFEJI_04770	division	Archaeplastida; Chlorophyta	Chlorophyta	142.1	1
0	HJHEFEJI_04775	order	Hacrobia; Hacrobia_X; Hacrobia_XX; Hacrobia_XXX; Hacrobia_XXXX	Hacrobia_XXXX	375.6	0
0	HJHEFEJI_04777	class	Amoebozoa; Conosa; Variosea; Variosea_X	Variosea_X	158.7	0
0	HJHEFEJI_04778	class	Rhizaria; Cercozoa; Chlorarachniophyceae; Chlorarachnida	Chlorarachnida	128.3	0
0	HJHEFEJI_04783	class	Stramenopiles; Ochrophyta; Raphidophyceae; Raphidophyceae_X	Raphidophyceae_X	62.8	0
0	HJHEFEJI_04784	division	Alveolata; Ciliophora; Ciliophora_X	Ciliophora_X	130.2	0
0	HJHEFEJI_04785	class	Alveolata; Dinoflagellata; Dinophyceae; Suessiales	Suessiales	190.7	0
0	HJHEFEJI_04787	division	Archaeplastida; Chlorophyta	Chlorophyta	160.2	1
0	HJHEFEJI_04790	order	Archaeplastida; Chlorophyta; Nephroselmidophyceae; Nephroselmidales; Nephroselmidales_X	Nephroselmidales_X	160.6	0
0	HJHEFEJI_04791	class	Stramenopiles; Ochrophyta; Bacillariophyta; Bacillariophyta_X	Bacillariophyta_X	80.5	0
0	HJHEFEJI_04792	order	Stramenopiles; Ochrophyta; Raphidophyceae; Raphidophyceae_X; Raphidophyceae_XX	Raphidophyceae_XX	124.8	0
0	HJHEFEJI_04798	class	Hacrobia; Cryptophyta; Cryptophyceae; Cryptomonadales	Cryptomonadales	90.1	0
0	HJHEFEJI_04800	class	Stramenopiles; Ochrophyta; Bacillariophyta; Bacillariophyta_X	Bacillariophyta_X	305.1	0
0	HJHEFEJI_04801	division	Stramenopiles; Ochrophyta; Bacillariophyta	Bacillariophyta	143.3	0
0	HJHEFEJI_04807	class	Stramenopiles; Ochrophyta; Chrysophyceae; Chrysophyceae_X	Chrysophyceae_X	291.2	0
0	HJHEFEJI_04810	class	Stramenopiles; Ochrophyta; Bacillariophyta; Bacillariophyta_X	Bacillariophyta_X	79.7	0
0	HJHEFEJI_04811	class	Alveolata; Dinoflagellata; Dinophyceae; Gymnodiniales	Gymnodiniales	58.9	0
0	HJHEFEJI_04813	genus	Archaeplastida; Chlorophyta; Palmophyllophyceae; Prasinococcales; Prasinococcales-Clade-B; Prasinoderma; Prasinoderma coloniale	Prasinoderma coloniale	288.5	0
0	HJHEFEJI_04821	class	Archaeplastida; Chlorophyta; Mamiellophyceae; Mamiellales	Mamiellales	214.9	0
0	HJHEFEJI_04824	class	Stramenopiles; Ochrophyta; Bacillariophyta; Bacillariophyta_X	Bacillariophyta_X	126.7	0
0	HJHEFEJI_04825	class	Stramenopiles; Ochrophyta; Bacillariophyta; Bacillariophyta_X	Bacillariophyta_X	225.3	0
0	HJHEFEJI_04826	class	Stramenopiles; Ochrophyta; Bacillariophyta; Bacillariophyta_X	Bacillariophyta_X	231.5	0
0	HJHEFEJI_04828	division	Stramenopiles; Ochrophyta; Bacillariophyta	Bacillariophyta	147.5	0
0	HJHEFEJI_04829	order	Archaeplastida; Chlorophyta; Trebouxiophyceae; Chlorellales; Chlorellales_X	Chlorellales_X	301.2	0
0	HJHEFEJI_04832	class	Archaeplastida; Chlorophyta; Pyramimonadales; Pyramimonadales_X	Pyramimonadales_X	121.7	0
0	HJHEFEJI_04834	class	Rhizaria; Cercozoa; Chlorarachniophyceae; Chlorarachnida	Chlorarachnida	750.0	0
0	HJHEFEJI_04838	class	Stramenopiles; Ochrophyta; Bacillariophyta; Bacillariophyta_X	Bacillariophyta_X	113.2	0
0	HJHEFEJI_04840	class	Alveolata; Ciliophora; Ciliophora_X; Ciliophora_XX	Ciliophora_XX	426.4	0
0	HJHEFEJI_04844	class	Archaeplastida; Chlorophyta; Pyramimonadales; Pyramimonadales_X	Pyramimonadales_X	488.4	0
0	HJHEFEJI_04845	class	Stramenopiles; Ochrophyta; Pinguiophyceae; Pinguiochrysidales	Pinguiochrysidales	168.3	0
0	HJHEFEJI_04846	division	Stramenopiles; Ochrophyta; Bacillariophyta	Bacillariophyta	87.8	0
0	HJHEFEJI_04847	class	Archaeplastida; Chlorophyta; Chlorophyceae; Chlamydomonadales	Chlamydomonadales	81.6	0
0	HJHEFEJI_04864	class	Stramenopiles; Ochrophyta; Bacillariophyta; Bacillariophyta_X	Bacillariophyta_X	128.6	0
0	HJHEFEJI_04866	class	Stramenopiles; Ochrophyta; Bacillariophyta; Bacillariophyta_X	Bacillariophyta_X	74.7	0
0	HJHEFEJI_04867	order	Stramenopiles; Ochrophyta; Bacillariophyta; Bacillariophyta_X; Araphid-pennate	Araphid-pennate	166.4	0
0	HJHEFEJI_04875	order	Stramenopiles; Ochrophyta; Bacillariophyta; Bacillariophyta_X; Araphid-pennate	Araphid-pennate	97.1	0
0	HJHEFEJI_04876	order	Amoebozoa; Discosea; Discosea_X; Discosea_XX; Discosea_XXX	Discosea_XXX	153.3	0
0	HJHEFEJI_04881	class	Rhizaria; Foraminifera; Globothalamea; Rotaliida	Rotaliida	131.3	0
0	HJHEFEJI_04887	class	Stramenopiles; Ochrophyta; Bacillariophyta; Bacillariophyta_X	Bacillariophyta_X	150.6	0
0	HJHEFEJI_04888	class	Stramenopiles; Ochrophyta; Bacillariophyta; Bacillariophyta_X	Bacillariophyta_X	76.3	0
0	HJHEFEJI_04889	family	Archaeplastida; Chlorophyta; Chlorophyceae; Chlamydomonadales; Chlamydomonadales_X; Chlamydomonas	Chlamydomonas	227.3	0
0	HJHEFEJI_04892	class	Alveolata; Apicomplexa; Colpodellidea; Vitrelladida	Vitrelladida	100.1	0
0	HJHEFEJI_04896	class	Stramenopiles; Ochrophyta; Bacillariophyta; Bacillariophyta_X	Bacillariophyta_X	431.0	0
0	HJHEFEJI_04899	division	Archaeplastida; Chlorophyta; Mamiellophyceae	Mamiellophyceae	107.5	0
0	HJHEFEJI_04900	class	Alveolata; Dinoflagellata; Dinophyceae; Gonyaulacales	Gonyaulacales	170.6	0
0	HJHEFEJI_04901	order	Stramenopiles; Ochrophyta; Bacillariophyta; Bacillariophyta_X; Polar-centric-Mediophyceae	Polar-centric-Mediophyceae	459.1	0
0	HJHEFEJI_04902	class	Archaeplastida; Chlorophyta; Prasino-Clade-V; Pseudoscourfieldiales	Pseudoscourfieldiales	142.1	0
0	HJHEFEJI_04903	class	Hacrobia; Haptophyta; Prymnesiophyceae; Phaeocystales	Phaeocystales	454.9	0
0	HJHEFEJI_04904	class	Archaeplastida; Chlorophyta; Chlorodendrophyceae; Chlorodendrales	Chlorodendrales	184.9	0
0	HJHEFEJI_04906	class	Archaeplastida; Chlorophyta; Chloropicophyceae; Chloropicales	Chloropicales	192.6	0
0	HJHEFEJI_04908	order	Stramenopiles; Ochrophyta; Bacillariophyta; Bacillariophyta_X; Raphid-pennate	Raphid-pennate	63.2	0
0	HJHEFEJI_04912	division	Stramenopiles; Ochrophyta; Pelagophyceae	Pelagophyceae	74.3	0
0	HJHEFEJI_04913	class	Stramenopiles; Ochrophyta; Bacillariophyta; Bacillariophyta_X	Bacillariophyta_X	152.5	0
0	HJHEFEJI_04918	class	Alveolata; Dinoflagellata; Dinophyceae; Peridiniales	Peridiniales	127.1	0
0	HJHEFEJI_04920	class	Hacrobia; Cryptophyta; Cryptophyceae; Cryptomonadales	Cryptomonadales	240.4	0
0	HJHEFEJI_04926	family	Stramenopiles; Ochrophyta; Bacillariophyta; Bacillariophyta_X; Polar-centric-Mediophyceae; Thalassiosira	Thalassiosira	223.4	0
0	HJHEFEJI_04928	class	Stramenopiles; Ochrophyta; Dictyochophyceae; Dictyochophyceae_X	Dictyochophyceae_X	59.7	0
0	HJHEFEJI_04929	class	Stramenopiles; Ochrophyta; Bacillariophyta; Bacillariophyta_X	Bacillariophyta_X	71.6	0
0	HJHEFEJI_04930	class	Stramenopiles; Ochrophyta; Bacillariophyta; Bacillariophyta_X	Bacillariophyta_X	97.1	0
0	HJHEFEJI_04931	class	Stramenopiles; Ochrophyta; Pinguiophyceae; Pinguiochrysidales	Pinguiochrysidales	131.3	0
0	HJHEFEJI_04933	order	Archaeplastida; Chlorophyta; Palmophyllophyceae; Prasinococcales; Prasinococcales-Clade-A	Prasinococcales-Clade-A	342.0	0
0	HJHEFEJI_04934	class	Archaeplastida; Chlorophyta; Chlorophyta_X; Chlorophyta_XX	Chlorophyta_XX	203.8	0
0	HJHEFEJI_04938	class	Stramenopiles; Ochrophyta; Bacillariophyta; Bacillariophyta_X	Bacillariophyta_X	285.4	0
0	HJHEFEJI_04939	class	Stramenopiles; Ochrophyta; Bacillariophyta; Bacillariophyta_X	Bacillariophyta_X	219.2	0
0	HJHEFEJI_04940	division	Hacrobia; Cryptophyta; Cryptophyceae	Cryptophyceae	80.5	0
0	HJHEFEJI_04942	order	Stramenopiles; Ochrophyta; Bacillariophyta; Bacillariophyta_X; Polar-centric-Mediophyceae	Polar-centric-Mediophyceae	332.8	0
0	HJHEFEJI_04954	class	Stramenopiles; Ochrophyta; Raphidophyceae; Raphidophyceae_X	Raphidophyceae_X	92.0	0
0	HJHEFEJI_04955	class	Hacrobia; Haptophyta; Prymnesiophyceae; Phaeocystales	Phaeocystales	97.4	0
0	HJHEFEJI_04956	class	Stramenopiles; Ochrophyta; Dictyochophyceae; Dictyochophyceae_X	Dictyochophyceae_X	176.8	0
0	HJHEFEJI_04957	family	Archaeplastida; Chlorophyta; Mamiellophyceae; Dolichomastigales; Crustomastigaceae; Crustomastix	Crustomastix	335.5	0
0	HJHEFEJI_04961	class	Archaeplastida; Chlorophyta; Nephroselmidophyceae; Nephroselmidales	Nephroselmidales	72.8	0
0	HJHEFEJI_04963	order	Stramenopiles; Ochrophyta; Bacillariophyta; Bacillariophyta_X; Polar-centric-Mediophyceae	Polar-centric-Mediophyceae	55.8	0
0	HJHEFEJI_04964	family	Archaeplastida; Chlorophyta; Palmophyllophyceae; Prasinococcales; Prasinococcales-Clade-B; Prasinoderma	Prasinoderma	77.0	0
0	HJHEFEJI_04965	class	Stramenopiles; Ochrophyta; Bacillariophyta; Bacillariophyta_X	Bacillariophyta_X	184.1	0
0	HJHEFEJI_04966	order	Stramenopiles; Ochrophyta; Bacillariophyta; Bacillariophyta_X; Araphid-pennate	Araphid-pennate	500.0	0
0	HJHEFEJI_04967	class	Archaeplastida; Glaucophyta; Glaucocystophyceae; Glaucocystophytes	Glaucocystophytes	144.1	0
0	HJHEFEJI_04968	class	Stramenopiles; Ochrophyta; Dictyochophyceae; Dictyochophyceae_X	Dictyochophyceae_X	57.8	0
0	HJHEFEJI_04969	order	Archaeplastida; Chlorophyta; Mamiellophyceae; Mamiellales; Mamiellaceae	Mamiellaceae	163.3	0
0	HJHEFEJI_04971	class	Alveolata; Ciliophora; Spirotrichea; Tintinnida	Tintinnida	149.1	0
0	HJHEFEJI_04973	class	Stramenopiles; Ochrophyta; Raphidophyceae; Raphidophyceae_X	Raphidophyceae_X	88.2	0
0	HJHEFEJI_04975	division	Amoebozoa; Lobosa; Lobosa_X	Lobosa_X	58.2	0
0	HJHEFEJI_04976	class	Archaeplastida; Chlorophyta; Chlorophyta_X; Chlorophyta_XX	Chlorophyta_XX	242.3	0
0	HJHEFEJI_04977	class	Stramenopiles; Ochrophyta; Bacillariophyta; Bacillariophyta_X	Bacillariophyta_X	134.0	0
0	HJHEFEJI_04978	order	Stramenopiles; Ochrophyta; Bacillariophyta; Bacillariophyta_X; Polar-centric-Mediophyceae	Polar-centric-Mediophyceae	273.1	0
0	HJHEFEJI_04982	class	Alveolata; Dinoflagellata; Dinophyceae; Peridiniales	Peridiniales	146.7	0
0	HJHEFEJI_04983	division	Amoebozoa; Lobosa	Lobosa	259.6	1
0	HJHEFEJI_04984	order	Stramenopiles; Ochrophyta; Dictyochophyceae; Dictyochophyceae_X; Pedinellales	Pedinellales	503.8	0
0	HJHEFEJI_04985	division	Stramenopiles; Ochrophyta; Bacillariophyta	Bacillariophyta	131.3	0
0	HJHEFEJI_04986	order	Archaeplastida; Rhodophyta; Compsopogonophyceae; Erythropeltidales; Erythropeltidales_X	Erythropeltidales_X	105.5	0
0	HJHEFEJI_04991	order	Stramenopiles; Ochrophyta; Bacillariophyta; Bacillariophyta_X; Raphid-pennate	Raphid-pennate	107.1	0
0	HJHEFEJI_04993	class	Archaeplastida; Chlorophyta; Nephroselmidophyceae; Nephroselmidales	Nephroselmidales	105.1	0
0	HJHEFEJI_04997	division	Stramenopiles; Stramenopiles_X; Stramenopiles_XX	Stramenopiles_XX	62.0	0
0	HJHEFEJI_05001	family	Stramenopiles; Ochrophyta; Bacillariophyta; Bacillariophyta_X; Araphid-pennate; Asterionellopsis	Asterionellopsis	59.3	0
0	HJHEFEJI_05003	class	Stramenopiles; Ochrophyta; Bacillariophyta; Bacillariophyta_X	Bacillariophyta_X	79.3	0
0	HJHEFEJI_05004	class	Stramenopiles; Ochrophyta; Bacillariophyta; Bacillariophyta_X	Bacillariophyta_X	173.7	0
0	HJHEFEJI_05008	order	Stramenopiles; Ochrophyta; Raphidophyceae; Raphidophyceae_X; Raphidophyceae_XX	Raphidophyceae_XX	92.8	0
0	HJHEFEJI_05011	order	Rhizaria; Cercozoa; Chlorarachniophyceae; Chlorarachnida; Chlorarachnida_X	Chlorarachnida_X	157.1	0
0	HJHEFEJI_05028	division	Stramenopiles; Ochrophyta; Bacillariophyta	Bacillariophyta	77.8	0
0	HJHEFEJI_05029	class	Archaeplastida; Chlorophyta; Chloropicophyceae; Chloropicales	Chloropicales	160.6	0
0	HJHEFEJI_05033	class	Stramenopiles; Ochrophyta; Pelagophyceae; Sarcinochrysidales	Sarcinochrysidales	111.7	0
0	HJHEFEJI_05035	class	Stramenopiles; Ochrophyta; Raphidophyceae; Raphidophyceae_X	Raphidophyceae_X	231.5	0
0	HJHEFEJI_05036	class	Hacrobia; Cryptophyta; Cryptophyceae; Goniomonadales	Goniomonadales	164.1	0
0	HJHEFEJI_05037	division	Alveolata; Dinoflagellata; Dinophyceae	Dinophyceae	114.8	0
0	HJHEFEJI_05038	order	Amoebozoa; Discosea; Discosea_X; Discosea_XX; Discosea_XXX	Discosea_XXX	505.4	0
0	HJHEFEJI_05039	division	Stramenopiles; Ochrophyta; Pelagophyceae	Pelagophyceae	97.1	0
0	HJHEFEJI_05040	class	Archaeplastida; Chlorophyta; Chlorophyta_X; Chlorophyta_XX	Chlorophyta_XX	83.2	0
0	HJHEFEJI_05043	class	Hacrobia; Cryptophyta; Cryptophyceae; Cryptomonadales	Cryptomonadales	67.4	0
0	HJHEFEJI_05047	order	Opisthokonta; Choanoflagellida; Choanoflagellatea; Acanthoecida; Acanthoecida_X	Acanthoecida_X	90.9	0
0	HJHEFEJI_05048	class	Stramenopiles; Ochrophyta; Bacillariophyta; Bacillariophyta_X	Bacillariophyta_X	361.7	0
0	HJHEFEJI_05049	division	Hacrobia; Cryptophyta; Cryptophyceae	Cryptophyceae	71.6	0
0	HJHEFEJI_05051	class	Archaeplastida; Chlorophyta; Pyramimonadales; Pyramimonadales_X	Pyramimonadales_X	344.4	0
0	HJHEFEJI_05052	class	Hacrobia; Cryptophyta; Cryptophyceae; Cryptomonadales	Cryptomonadales	149.1	0
0	HJHEFEJI_05059	class	Archaeplastida; Glaucophyta; Glaucocystophyceae; Glaucocystophytes	Glaucocystophytes	437.6	0
0	HJHEFEJI_05060	order	Archaeplastida; Glaucophyta; Glaucocystophyceae; Glaucocystophytes; Glaucocystophytes_X	Glaucocystophytes_X	342.8	0
0	HJHEFEJI_05061	class	Archaeplastida; Glaucophyta; Glaucocystophyceae; Glaucocystophytes	Glaucocystophytes	366.7	0
0	HJHEFEJI_05065	class	Stramenopiles; Ochrophyta; Bacillariophyta; Bacillariophyta_X	Bacillariophyta_X	80.1	0
0	HJHEFEJI_05068	division	Stramenopiles; Ochrophyta; Bacillariophyta	Bacillariophyta	85.9	0
0	HJHEFEJI_05071	order	Stramenopiles; Ochrophyta; Bacillariophyta; Bacillariophyta_X; Araphid-pennate	Araphid-pennate	88.6	0
0	HJHEFEJI_05077	class	Alveolata; Ciliophora; Colpodea; Colpodea_X	Colpodea_X	92.0	0
0	HJHEFEJI_05080	class	Archaeplastida; Chlorophyta; Chlorophyceae; Chlamydomonadales	Chlamydomonadales	195.7	0
0	HJHEFEJI_05082	division	Archaeplastida; Glaucophyta; Glaucocystophyceae	Glaucocystophyceae	69.3	0
0	HJHEFEJI_05083	class	Stramenopiles; Ochrophyta; Bacillariophyta; Bacillariophyta_X	Bacillariophyta_X	120.9	0
0	HJHEFEJI_05086	class	Stramenopiles; Ochrophyta; Bacillariophyta; Bacillariophyta_X	Bacillariophyta_X	241.9	0
0	HJHEFEJI_05092	family	Stramenopiles; Ochrophyta; Bacillariophyta; Bacillariophyta_X; Polar-centric-Mediophyceae; Chaetoceros	Chaetoceros	110.5	0
0	HJHEFEJI_05093	order	Archaeplastida; Chlorophyta; Mamiellophyceae; Dolichomastigales; Dolichomastigaceae	Dolichomastigaceae	112.1	0
0	HJHEFEJI_05094	family	Hacrobia; Haptophyta; Pavlovophyceae; Pavlovales; Pavlovaceae; Pavlova	Pavlova	178.7	0
0	HJHEFEJI_05095	family	Stramenopiles; Ochrophyta; Dictyochophyceae; Dictyochophyceae_X; Pedinellales; Pseudopedinella	Pseudopedinella	202.6	0
0	HJHEFEJI_05096	order	Stramenopiles; Ochrophyta; Dictyochophyceae; Dictyochophyceae_X; Pedinellales	Pedinellales	266.5	0
0	HJHEFEJI_05099	class	Opisthokonta; Fungi; Ascomycota; Saccharomycotina	Saccharomycotina	315.1	0
0	HJHEFEJI_05101	class	Archaeplastida; Chlorophyta; Chlorophyceae; Chlamydomonadales	Chlamydomonadales	98.6	0
0	HJHEFEJI_05102	class	Archaeplastida; Chlorophyta; Chlorophyceae; Chlamydomonadales	Chlamydomonadales	119.0	0
0	HJHEFEJI_05107	class	Stramenopiles; Ochrophyta; Bacillariophyta; Bacillariophyta_X	Bacillariophyta_X	314.7	0
0	HJHEFEJI_05109	class	Stramenopiles; Ochrophyta; Bacillariophyta; Bacillariophyta_X	Bacillariophyta_X	408.7	0
0	HJHEFEJI_05110	class	Stramenopiles; Ochrophyta; Pelagophyceae; Pelagomonadales	Pelagomonadales	103.6	0
0	HJHEFEJI_05112	class	Alveolata; Ciliophora; Colpodea; Colpodea_X	Colpodea_X	269.2	0
0	HJHEFEJI_05115	class	Stramenopiles; Ochrophyta; Bacillariophyta; Bacillariophyta_X	Bacillariophyta_X	151.8	0
0	HJHEFEJI_05117	class	Hacrobia; Cryptophyta; Cryptophyceae; Goniomonadales	Goniomonadales	185.3	0
0	HJHEFEJI_05118	class	Alveolata; Apicomplexa; Colpodellidea; Colpodellida	Colpodellida	239.6	0
0	HJHEFEJI_05126	class	Hacrobia; Hacrobia_X; Hacrobia_XX; Hacrobia_XXX	Hacrobia_XXX	250.4	0
0	HJHEFEJI_05129	order	Stramenopiles; Ochrophyta; Bacillariophyta; Bacillariophyta_X; Polar-centric-Mediophyceae	Polar-centric-Mediophyceae	320.1	0
0	HJHEFEJI_05132	class	Stramenopiles; Ochrophyta; Bacillariophyta; Bacillariophyta_X	Bacillariophyta_X	92.8	0
0	HJHEFEJI_05133	class	Stramenopiles; Ochrophyta; Bacillariophyta; Bacillariophyta_X	Bacillariophyta_X	160.2	0
0	HJHEFEJI_05135	class	Stramenopiles; Ochrophyta; Bacillariophyta; Bacillariophyta_X	Bacillariophyta_X	236.5	0
0	HJHEFEJI_05137	division	Alveolata; Ciliophora; Spirotrichea	Spirotrichea	58.2	0
0	HJHEFEJI_05139	class	Archaeplastida; Glaucophyta; Glaucocystophyceae; Glaucocystophytes	Glaucocystophytes	110.2	0
0	HJHEFEJI_05140	order	Stramenopiles; Ochrophyta; Bacillariophyta; Bacillariophyta_X; Polar-centric-Mediophyceae	Polar-centric-Mediophyceae	411.8	0
0	HJHEFEJI_05141	class	Stramenopiles; Ochrophyta; Raphidophyceae; Raphidophyceae_X	Raphidophyceae_X	156.8	0
0	HJHEFEJI_05148	class	Archaeplastida; Chlorophyta; Nephroselmidophyceae; Nephroselmidales	Nephroselmidales	136.3	0
0	HJHEFEJI_05149	genus	Archaeplastida; Chlorophyta; Pyramimonadales; Pyramimonadales_X; Pyramimonadales_XX; Pyramimonas; Pyramimonas obovata	Pyramimonas obovata	718.0	0
0	HJHEFEJI_05150	family	Stramenopiles; Ochrophyta; Bacillariophyta; Bacillariophyta_X; Polar-centric-Mediophyceae; Thalassiosira	Thalassiosira	183.0	0
0	HJHEFEJI_05151	order	Hacrobia; Cryptophyta; Cryptophyceae; Goniomonadales; Goniomonadales_X	Goniomonadales_X	64.7	0
0	HJHEFEJI_05154	class	Archaeplastida; Chlorophyta; Trebouxiophyceae; Prasiolales	Prasiolales	182.6	0
0	HJHEFEJI_05157	class	Archaeplastida; Rhodophyta; Stylonematophyceae; Porphyridiales-2	Porphyridiales-2	166.0	0
0	HJHEFEJI_05158	class	Archaeplastida; Chlorophyta; Nephroselmidophyceae; Nephroselmidales	Nephroselmidales	161.8	0
0	HJHEFEJI_05161	class	Archaeplastida; Chlorophyta; Mamiellophyceae; Dolichomastigales	Dolichomastigales	230.3	0
0	HJHEFEJI_05163	class	Stramenopiles; Stramenopiles_X; Stramenopiles_XX; Stramenopiles_XXX	Stramenopiles_XXX	85.9	0
0	HJHEFEJI_05164	class	Rhizaria; Cercozoa; Chlorarachniophyceae; Chlorarachnida	Chlorarachnida	119.0	0
0	HJHEFEJI_05165	class	Stramenopiles; Ochrophyta; Bacillariophyta; Bacillariophyta_X	Bacillariophyta_X	389.4	0
0	HJHEFEJI_05166	class	Alveolata; Dinoflagellata; Dinophyceae; Peridiniales	Peridiniales	142.1	0
0	HJHEFEJI_05169	class	Hacrobia; Cryptophyta; Cryptophyceae; Cryptomonadales	Cryptomonadales	149.8	0
0	HJHEFEJI_05170	class	Hacrobia; Hacrobia_X; Hacrobia_XX; Hacrobia_XXX	Hacrobia_XXX	114.0	0
0	HJHEFEJI_05173	class	Stramenopiles; Ochrophyta; Bacillariophyta; Bacillariophyta_X	Bacillariophyta_X	262.7	0
0	HJHEFEJI_05174	class	Archaeplastida; Rhodophyta; Stylonematophyceae; Porphyridiales-2	Porphyridiales-2	332.4	0
0	HJHEFEJI_05177	class	Hacrobia; Cryptophyta; Cryptophyceae; Cryptomonadales	Cryptomonadales	253.4	0
0	HJHEFEJI_05184	family	Archaeplastida; Chlorophyta; Picocystophyceae; Picocystales; Picocystaceae; Picocystis	Picocystis	101.3	0
0	HJHEFEJI_05186	class	Archaeplastida; Chlorophyta; Nephroselmidophyceae; Nephroselmidales	Nephroselmidales	102.4	0
0	HJHEFEJI_05188	class	Archaeplastida; Chlorophyta; Mamiellophyceae; Dolichomastigales	Dolichomastigales	201.8	0
0	HJHEFEJI_05191	division	Archaeplastida; Chlorophyta; Palmophyllophyceae	Palmophyllophyceae	76.6	0
0	HJHEFEJI_05197	order	Stramenopiles; Ochrophyta; Bacillariophyta; Bacillariophyta_X; Polar-centric-Mediophyceae	Polar-centric-Mediophyceae	174.9	0
0	HJHEFEJI_05198	order	Archaeplastida; Glaucophyta; Glaucocystophyceae; Glaucocystophytes; Glaucocystophytes_X	Glaucocystophytes_X	491.1	0
0	HJHEFEJI_05200	class	Stramenopiles; Ochrophyta; Bacillariophyta; Bacillariophyta_X	Bacillariophyta_X	165.6	0
0	HJHEFEJI_05201	order	Alveolata; Ciliophora; Ciliophora_X; Ciliophora_XX; Ciliophora_XXX	Ciliophora_XXX	609.4	0
0	HJHEFEJI_05202	division	Hacrobia; Cryptophyta; Cryptophyceae	Cryptophyceae	71.6	0
0	HJHEFEJI_05204	order	Archaeplastida; Chlorophyta; Mamiellophyceae; Dolichomastigales; Dolichomastigaceae	Dolichomastigaceae	63.9	0
0	HJHEFEJI_05207	class	Archaeplastida; Chlorophyta; Chloropicophyceae; Chloropicales	Chloropicales	205.7	0
0	HJHEFEJI_05210	family	Archaeplastida; Chlorophyta; Chlorophyceae; Chlamydomonadales; Chlamydomonadales_X; Chlamydomonas	Chlamydomonas	151.8	0
0	HJHEFEJI_05211	class	Alveolata; Dinoflagellata; Dinophyceae; Peridiniales	Peridiniales	60.1	0
0	HJHEFEJI_05212	class	Archaeplastida; Rhodophyta; Rhodellophyceae; Rhodellales	Rhodellales	485.0	0
0	HJHEFEJI_05214	order	Excavata; Discoba; Heterolobosea; Heterolobosea_X; Vahlkampfiidae	Vahlkampfiidae	319.3	0
0	HJHEFEJI_05221	class	Alveolata; Ciliophora; Spirotrichea; Tintinnida	Tintinnida	65.1	0
0	HJHEFEJI_05225	order	Stramenopiles; Ochrophyta; Bacillariophyta; Bacillariophyta_X; Polar-centric-Mediophyceae	Polar-centric-Mediophyceae	152.9	0
0	HJHEFEJI_05238	division	Hacrobia; Haptophyta	Haptophyta	136.3	1
0	HJHEFEJI_05239	order	Stramenopiles; Ochrophyta; Chrysophyceae; Chrysophyceae_X; Chrysophyceae_Clade-C	Chrysophyceae_Clade-C	126.3	0
0	HJHEFEJI_05240	class	Archaeplastida; Rhodophyta; Rhodellophyceae; Rhodellales	Rhodellales	62.4	0
0	HJHEFEJI_05244	division	Rhizaria; Cercozoa; Chlorarachniophyceae	Chlorarachniophyceae	78.6	0
0	HJHEFEJI_05245	class	Stramenopiles; Ochrophyta; Raphidophyceae; Raphidophyceae_X	Raphidophyceae_X	143.7	0
0	HJHEFEJI_05251	class	Stramenopiles; Ochrophyta; Bacillariophyta; Bacillariophyta_X	Bacillariophyta_X	293.9	0
0	HJHEFEJI_05258	class	Stramenopiles; Ochrophyta; Pelagophyceae; Pelagomonadales	Pelagomonadales	104.4	0
0	HJHEFEJI_05259	class	Stramenopiles; Ochrophyta; Bacillariophyta; Bacillariophyta_X	Bacillariophyta_X	140.2	0
0	HJHEFEJI_05260	class	Amoebozoa; Conosa; Variosea; Variosea_X	Variosea_X	327.0	0
0	HJHEFEJI_05265				168.7	1
0	HJHEFEJI_05268	species	Archaeplastida; Chlorophyta; Nephroselmidophyceae; Nephroselmidales; Nephroselmidales_X; Nephroselmis; Nephroselmis pyriformis	Nephroselmis pyriformis	432.2	0
0	HJHEFEJI_05270	class	Alveolata; Ciliophora; Ciliophora_X; Ciliophora_XX	Ciliophora_XX	166.0	0
0	HJHEFEJI_05271	class	Alveolata; Apicomplexa; Colpodellidea; Colpodellida	Colpodellida	286.2	0
0	HJHEFEJI_05272	class	Stramenopiles; Ochrophyta; Bacillariophyta; Bacillariophyta_X	Bacillariophyta_X	220.3	0
0	HJHEFEJI_05277	order	Archaeplastida; Chlorophyta; Nephroselmidophyceae; Nephroselmidales; Nephroselmidales_X	Nephroselmidales_X	178.7	0
0	HJHEFEJI_05285	class	Stramenopiles; Ochrophyta; Bacillariophyta; Bacillariophyta_X	Bacillariophyta_X	109.0	0
0	HJHEFEJI_05286	family	Stramenopiles; Ochrophyta; Raphidophyceae; Raphidophyceae_X; Raphidophyceae_XX; Heterosigma	Heterosigma	284.6	0
0	HJHEFEJI_05289	class	Archaeplastida; Chlorophyta; Pyramimonadales; Pyramimonadales_X	Pyramimonadales_X	152.9	0
0	HJHEFEJI_05291	order	Archaeplastida; Chlorophyta; Nephroselmidophyceae; Nephroselmidales; Nephroselmidales_X	Nephroselmidales_X	276.9	0
0	HJHEFEJI_05292	class	Stramenopiles; Ochrophyta; Pelagophyceae; Pelagomonadales	Pelagomonadales	80.1	0
0	HJHEFEJI_05295	class	Stramenopiles; Ochrophyta; Dictyochophyceae; Dictyochophyceae_X	Dictyochophyceae_X	262.3	0
0	HJHEFEJI_05299	class	Alveolata; Apicomplexa; Colpodellidea; Vitrelladida	Vitrelladida	169.1	0
0	HJHEFEJI_05300	class	Hacrobia; Haptophyta; Prymnesiophyceae; Phaeocystales	Phaeocystales	100.1	0
0	HJHEFEJI_05301	class	Stramenopiles; Ochrophyta; Raphidophyceae; Raphidophyceae_X	Raphidophyceae_X	86.3	0
0	HJHEFEJI_05303	order	Stramenopiles; Ochrophyta; Bacillariophyta; Bacillariophyta_X; Polar-centric-Mediophyceae	Polar-centric-Mediophyceae	96.3	0
0	HJHEFEJI_05312	genus	Stramenopiles; Ochrophyta; Dictyochophyceae; Dictyochophyceae_X; Pedinellales; Pseudopedinella; Pseudopedinella elastica	Pseudopedinella elastica	190.7	0
0	HJHEFEJI_05314	division	Stramenopiles; Ochrophyta; Bacillariophyta	Bacillariophyta	62.8	0
0	HJHEFEJI_05319	division	Stramenopiles; Ochrophyta; Bacillariophyta	Bacillariophyta	88.6	0
0	HJHEFEJI_05325	family	Archaeplastida; Chlorophyta; Nephroselmidophyceae; Nephroselmidales; Nephroselmidales_X; Nephroselmis	Nephroselmis	161.8	0
0	HJHEFEJI_05326	class	Stramenopiles; Ochrophyta; Bacillariophyta; Bacillariophyta_X	Bacillariophyta_X	212.2	0
0	HJHEFEJI_05327	class	Hacrobia; Cryptophyta; Cryptophyceae; Goniomonadales	Goniomonadales	96.7	0
0	HJHEFEJI_05329	class	Amoebozoa; Lobosa; Discosea-Flabellinia; Dactylopodida	Dactylopodida	245.7	0
0	HJHEFEJI_05332	class	Amoebozoa; Conosa; Variosea; Variosea_X	Variosea_X	152.9	0
0	HJHEFEJI_05335	family	Archaeplastida; Chlorophyta; Prasino-Clade-V; Pseudoscourfieldiales; Pycnococcaceae; Pycnococcus	Pycnococcus	236.1	0
0	HJHEFEJI_05343	division	Amoebozoa; Conosa; Variosea	Variosea	184.1	0
0	HJHEFEJI_05344	division	Stramenopiles; Ochrophyta; Bacillariophyta	Bacillariophyta	57.4	0
0	HJHEFEJI_05346	class	Archaeplastida; Glaucophyta; Glaucocystophyceae; Glaucocystophytes	Glaucocystophytes	71.6	0
0	HJHEFEJI_05348	class	Archaeplastida; Chlorophyta; Palmophyllophyceae; Prasinococcales	Prasinococcales	80.9	0
0	HJHEFEJI_05349	class	Hacrobia; Cryptophyta; Cryptophyceae; Goniomonadales	Goniomonadales	354.8	0
0	HJHEFEJI_05350	family	Archaeplastida; Chlorophyta; Chlorodendrophyceae; Chlorodendrales; Chlorodendraceae; Tetraselmis	Tetraselmis	63.5	0
0	HJHEFEJI_05352	family	Stramenopiles; Ochrophyta; Dictyochophyceae; Dictyochophyceae_X; Pedinellales; Pseudopedinella	Pseudopedinella	171.0	0
0	HJHEFEJI_05353	class	Hacrobia; Haptophyta; Pavlovophyceae; Pavlovales	Pavlovales	101.7	0
0	HJHEFEJI_05354	class	Stramenopiles; Ochrophyta; Bacillariophyta; Bacillariophyta_X	Bacillariophyta_X	85.1	0
0	HJHEFEJI_05358	order	Stramenopiles; Ochrophyta; Bacillariophyta; Bacillariophyta_X; Polar-centric-Mediophyceae	Polar-centric-Mediophyceae	164.1	0
0	HJHEFEJI_05359	order	Stramenopiles; Opalozoa; Bicoecea; Bicoecales; Bicoecaceae	Bicoecaceae	120.9	0
0	HJHEFEJI_05360	division	Archaeplastida; Chlorophyta; Chlorodendrophyceae	Chlorodendrophyceae	60.1	0
0	HJHEFEJI_05361	class	Alveolata; Dinoflagellata; Dinophyceae; Gymnodiniales	Gymnodiniales	70.9	0
0	HJHEFEJI_05364	class	Stramenopiles; Ochrophyta; Bacillariophyta; Bacillariophyta_X	Bacillariophyta_X	82.4	0
0	HJHEFEJI_05365	class	Amoebozoa; Discosea; Discosea_X; Discosea_XX	Discosea_XX	209.9	0
0	HJHEFEJI_05366	class	Stramenopiles; Ochrophyta; Bacillariophyta; Bacillariophyta_X	Bacillariophyta_X	313.9	0
0	HJHEFEJI_05367	order	Amoebozoa; Lobosa; Lobosa_X; Stygamoebida; Stygamoebida_X	Stygamoebida_X	174.5	0
0	HJHEFEJI_05383	division	Alveolata; Dinoflagellata; Dinophyceae	Dinophyceae	95.5	0
0	HJHEFEJI_05386	family	Archaeplastida; Chlorophyta; Chlorophyceae; Chlamydomonadales; Chlamydomonadales_X; Polytomella	Polytomella	58.9	0
0	HJHEFEJI_05387	class	Stramenopiles; Ochrophyta; Raphidophyceae; Raphidophyceae_X	Raphidophyceae_X	148.7	0
0	HJHEFEJI_05393	class	Stramenopiles; Ochrophyta; Bacillariophyta; Bacillariophyta_X	Bacillariophyta_X	264.6	0
0	HJHEFEJI_05398	class	Hacrobia; Haptophyta; Prymnesiophyceae; Calcihaptophycidae	Calcihaptophycidae	119.8	0
0	HJHEFEJI_05400	class	Rhizaria; Foraminifera; Globothalamea; Rotaliida	Rotaliida	78.2	0
0	HJHEFEJI_05402	division	Archaeplastida; Chlorophyta; Picocystophyceae	Picocystophyceae	129.0	0
0	HJHEFEJI_05403	division	Alveolata; Ciliophora; Spirotrichea	Spirotrichea	105.5	0
0	HJHEFEJI_05410	family	Amoebozoa; Lobosa; Discosea-Flabellinia; Dactylopodida; Vexilliferidae; Vexillifera	Vexillifera	95.9	0
0	HJHEFEJI_05411	family	Stramenopiles; Ochrophyta; Dictyochophyceae; Dictyochophyceae_X; Pedinellales; Pseudopedinella	Pseudopedinella	152.1	0
0	HJHEFEJI_05412	family	Archaeplastida; Chlorophyta; Mamiellophyceae; Dolichomastigales; Dolichomastigaceae; Dolichomastix	Dolichomastix	332.8	0
0	HJHEFEJI_05413	genus	Stramenopiles; Ochrophyta; Dictyochophyceae; Dictyochophyceae_X; Pedinellales; Pseudopedinella; Pseudopedinella elastica	Pseudopedinella elastica	224.2	0
0	HJHEFEJI_05419				320.9	1
0	HJHEFEJI_05420	class	Stramenopiles; Ochrophyta; Dictyochophyceae; Dictyochophyceae_X	Dictyochophyceae_X	379.0	0
0	HJHEFEJI_05425	class	Stramenopiles; Ochrophyta; Raphidophyceae; Raphidophyceae_X	Raphidophyceae_X	117.1	0
0	HJHEFEJI_05427	class	Stramenopiles; Ochrophyta; Bacillariophyta; Bacillariophyta_X	Bacillariophyta_X	98.6	0
0	HJHEFEJI_05428	class	Stramenopiles; Ochrophyta; Bacillariophyta; Bacillariophyta_X	Bacillariophyta_X	115.9	0
0	HJHEFEJI_05431	division	Stramenopiles; Ochrophyta; Bacillariophyta	Bacillariophyta	66.2	0
0	HJHEFEJI_05432	division	Hacrobia; Cryptophyta; Cryptophyceae	Cryptophyceae	65.9	0
0	HJHEFEJI_05433	division	Stramenopiles; Ochrophyta; Bacillariophyta	Bacillariophyta	186.4	0
0	HJHEFEJI_05438	family	Stramenopiles; Ochrophyta; Dictyochophyceae; Dictyochophyceae_X; Pedinellales; Pseudopedinella	Pseudopedinella	226.5	0
0	HJHEFEJI_05445	division	Stramenopiles; Ochrophyta; Bacillariophyta	Bacillariophyta	85.1	0
0	HJHEFEJI_05447	class	Rhizaria; Cercozoa; Chlorarachniophyceae; Chlorarachnida	Chlorarachnida	113.2	0
0	HJHEFEJI_05448	class	Stramenopiles; Ochrophyta; Bacillariophyta; Bacillariophyta_X	Bacillariophyta_X	109.0	0
0	HJHEFEJI_05449	class	Amoebozoa; Lobosa; Discosea-Flabellinia; Dactylopodida	Dactylopodida	284.6	0
0	HJHEFEJI_05451	class	Alveolata; Dinoflagellata; Dinophyceae; Peridiniales	Peridiniales	58.2	0
0	HJHEFEJI_05452	order	Stramenopiles; Ochrophyta; Bacillariophyta; Bacillariophyta_X; Polar-centric-Mediophyceae	Polar-centric-Mediophyceae	81.3	0
0	HJHEFEJI_05454	division	Opisthokonta; Choanoflagellida; Choanoflagellatea	Choanoflagellatea	87.4	0
0	HJHEFEJI_05455	class	Stramenopiles; Ochrophyta; Bacillariophyta; Bacillariophyta_X	Bacillariophyta_X	248.1	0
0	HJHEFEJI_05456	order	Excavata; Discoba; Euglenozoa; Kinetoplastida; Neobodonid	Neobodonid	346.3	0
0	HJHEFEJI_05458	class	Excavata; Discoba; Euglenozoa; Euglenida	Euglenida	231.9	0
0	HJHEFEJI_05459	order	Alveolata; Ciliophora; Oligohymenophorea; Scuticociliatia_1; Philasterida	Philasterida	90.9	0
0	HJHEFEJI_05461	class	Rhizaria; Cercozoa; Chlorarachniophyceae; Chlorarachnida	Chlorarachnida	95.9	0
0	HJHEFEJI_05462	class	Alveolata; Ciliophora; Ciliophora_X; Ciliophora_XX	Ciliophora_XX	135.6	0
0	HJHEFEJI_05469	class	Alveolata; Dinoflagellata; Dinophyceae; Gymnodiniales	Gymnodiniales	59.7	0
0	HJHEFEJI_05470	class	Archaeplastida; Chlorophyta; Chlorodendrophyceae; Chlorodendrales	Chlorodendrales	106.3	0
0	HJHEFEJI_05473	class	Stramenopiles; Sagenista; Labyrinthulomycetes; Thraustochytriales	Thraustochytriales	97.1	0
0	HJHEFEJI_05476	class	Stramenopiles; Ochrophyta; Bacillariophyta; Bacillariophyta_X	Bacillariophyta_X	245.0	0
0	HJHEFEJI_05481	class	Stramenopiles; Stramenopiles_X; Stramenopiles_XX; Stramenopiles_XXX	Stramenopiles_XXX	141.4	0
0	HJHEFEJI_05482	class	Archaeplastida; Chlorophyta; Chlorophyceae; Chlamydomonadales	Chlamydomonadales	75.9	0
0	HJHEFEJI_05484	order	Amoebozoa; Lobosa; Lobosa_X; Stygamoebida; Stygamoebida_X	Stygamoebida_X	211.1	0
0	HJHEFEJI_05485	order	Stramenopiles; Ochrophyta; Bacillariophyta; Bacillariophyta_X; Polar-centric-Mediophyceae	Polar-centric-Mediophyceae	149.1	0
0	HJHEFEJI_05486	division	Amoebozoa; Lobosa	Lobosa	252.7	1
0	HJHEFEJI_05487	class	Stramenopiles; Ochrophyta; Bacillariophyta; Bacillariophyta_X	Bacillariophyta_X	177.2	0
0	HJHEFEJI_05489	order	Stramenopiles; Ochrophyta; Bacillariophyta; Bacillariophyta_X; Araphid-pennate	Araphid-pennate	237.3	0
0	HJHEFEJI_05490	class	Stramenopiles; Ochrophyta; Bacillariophyta; Bacillariophyta_X	Bacillariophyta_X	547.4	0
0	HJHEFEJI_05491	class	Archaeplastida; Chlorophyta; Nephroselmidophyceae; Nephroselmidales	Nephroselmidales	171.0	0
0	HJHEFEJI_05494	order	Archaeplastida; Chlorophyta; Chloropicophyceae; Chloropicales; Chloropicaceae	Chloropicaceae	117.1	0
0	HJHEFEJI_05496	division	Archaeplastida; Rhodophyta; Compsopogonophyceae	Compsopogonophyceae	140.6	0
0	HJHEFEJI_05498	genus	Archaeplastida; Chlorophyta; Palmophyllophyceae; Prasinococcales; Prasinococcales-Clade-B; Prasinoderma; Prasinoderma coloniale	Prasinoderma coloniale	193.7	0
0	HJHEFEJI_05504	class	Archaeplastida; Chlorophyta; Picocystophyceae; Picocystales	Picocystales	241.1	0
0	HJHEFEJI_05505	class	Archaeplastida; Glaucophyta; Glaucocystophyceae; Glaucocystophytes	Glaucocystophytes	151.0	0
0	HJHEFEJI_05515	class	Archaeplastida; Chlorophyta; Trebouxiophyceae; Chlorellales	Chlorellales	170.2	0
0	HJHEFEJI_05519	division	Archaeplastida; Chlorophyta; Chloropicophyceae	Chloropicophyceae	64.3	0
0	HJHEFEJI_05520	class	Stramenopiles; Ochrophyta; Xanthophyceae; Xanthophyceae_X	Xanthophyceae_X	163.3	0
0	HJHEFEJI_05521	class	Stramenopiles; Ochrophyta; Bacillariophyta; Bacillariophyta_X	Bacillariophyta_X	146.0	0
0	HJHEFEJI_05523	class	Stramenopiles; Sagenista; Labyrinthulomycetes; Thraustochytriales	Thraustochytriales	162.2	0
0	HJHEFEJI_05535	class	Hacrobia; Cryptophyta; Cryptophyceae; Cryptomonadales	Cryptomonadales	60.1	0
0	HJHEFEJI_05536	division	Amoebozoa; Lobosa	Lobosa	280.4	1
0	HJHEFEJI_05542	division	Rhizaria; Cercozoa; Chlorarachniophyceae	Chlorarachniophyceae	89.7	0
0	HJHEFEJI_05544	class	Alveolata; Ciliophora; Ciliophora_X; Ciliophora_XX	Ciliophora_XX	76.3	0
0	HJHEFEJI_05545	division	Hacrobia; Haptophyta; Pavlovophyceae	Pavlovophyceae	64.7	0
0	HJHEFEJI_05546	class	Stramenopiles; Ochrophyta; Bacillariophyta; Bacillariophyta_X	Bacillariophyta_X	67.0	0
0	HJHEFEJI_05547	class	Alveolata; Dinoflagellata; Dinophyceae; Gymnodiniales	Gymnodiniales	62.0	0
0	HJHEFEJI_05549				76.6	1
0	HJHEFEJI_05557	class	Rhizaria; Cercozoa; Chlorarachniophyceae; Chlorarachnida	Chlorarachnida	62.0	0
0	HJHEFEJI_05558	division	Archaeplastida; Chlorophyta; Chloropicophyceae	Chloropicophyceae	151.0	0
0	HJHEFEJI_05559	division	Alveolata; Dinoflagellata; Dinophyceae	Dinophyceae	152.1	0
0	HJHEFEJI_05560	class	Stramenopiles; Ochrophyta; Bacillariophyta; Bacillariophyta_X	Bacillariophyta_X	240.7	0
0	HJHEFEJI_05562	supergroup	Archaeplastida	Archaeplastida	73.2	1
0	HJHEFEJI_05564	class	Stramenopiles; Ochrophyta; Bacillariophyta; Bacillariophyta_X	Bacillariophyta_X	229.2	0
0	HJHEFEJI_05567	class	Archaeplastida; Chlorophyta; Chloropicophyceae; Chloropicales	Chloropicales	131.3	0
0	HJHEFEJI_05572	family	Archaeplastida; Chlorophyta; Mamiellophyceae; Mamiellales; Mamiellaceae; Micromonas	Micromonas	89.4	0
0	HJHEFEJI_05576	order	Stramenopiles; Ochrophyta; Bacillariophyta; Bacillariophyta_X; Polar-centric-Mediophyceae	Polar-centric-Mediophyceae	230.7	0
0	HJHEFEJI_05591	class	Stramenopiles; Ochrophyta; Bacillariophyta; Bacillariophyta_X	Bacillariophyta_X	74.3	0
0	HJHEFEJI_05592	class	Stramenopiles; Ochrophyta; Raphidophyceae; Raphidophyceae_X	Raphidophyceae_X	372.9	0
0	HJHEFEJI_05593	class	Stramenopiles; Ochrophyta; Chrysophyceae; Chrysophyceae_X	Chrysophyceae_X	117.5	0
0	HJHEFEJI_05594	class	Stramenopiles; Ochrophyta; Bacillariophyta; Bacillariophyta_X	Bacillariophyta_X	55.8	0
0	HJHEFEJI_05595	class	Stramenopiles; Ochrophyta; Raphidophyceae; Raphidophyceae_X	Raphidophyceae_X	57.8	0
0	HJHEFEJI_05599	class	Stramenopiles; Ochrophyta; Bacillariophyta; Bacillariophyta_X	Bacillariophyta_X	216.5	0
0	HJHEFEJI_05600	class	Stramenopiles; Ochrophyta; Bacillariophyta; Bacillariophyta_X	Bacillariophyta_X	76.3	0
0	HJHEFEJI_05601	class	Stramenopiles; Ochrophyta; Bacillariophyta; Bacillariophyta_X	Bacillariophyta_X	273.1	0
0	HJHEFEJI_05602	class	Hacrobia; Cryptophyta; Cryptophyceae; Goniomonadales	Goniomonadales	166.4	0
0	HJHEFEJI_05603	family	Archaeplastida; Rhodophyta; Porphyridiophyceae; Porphyridiales; Porphyridiaceae; Erythrolobus	Erythrolobus	110.9	0
0	HJHEFEJI_05604	genus	Hacrobia; Cryptophyta; Cryptophyceae; Goniomonadales; Goniomonadales_X; Goniomonas; Goniomonas Pacifica	Goniomonas Pacifica	64.7	0
0	HJHEFEJI_05605	order	Stramenopiles; Ochrophyta; Dictyochophyceae; Dictyochophyceae_X; Pedinellales	Pedinellales	134.8	0
0	HJHEFEJI_05606	family	Stramenopiles; Ochrophyta; Bacillariophyta; Bacillariophyta_X; Polar-centric-Mediophyceae; Thalassiosira	Thalassiosira	173.3	0
0	HJHEFEJI_05607	order	Archaeplastida; Chlorophyta; Chloropicophyceae; Chloropicales; Chloropicaceae	Chloropicaceae	261.9	0
0	HJHEFEJI_05610	class	Archaeplastida; Chlorophyta; Chlorodendrophyceae; Chlorodendrales	Chlorodendrales	166.8	0
0	HJHEFEJI_05611	class	Alveolata; Dinoflagellata; Dinophyceae; Gymnodiniales	Gymnodiniales	57.0	0
0	HJHEFEJI_05612	class	Archaeplastida; Chlorophyta; Pyramimonadales; Pyramimonadales_X	Pyramimonadales_X	145.2	0
0	HJHEFEJI_05615	division	Alveolata; Dinoflagellata; Dinophyceae	Dinophyceae	88.2	0
0	HJHEFEJI_05616	class	Amoebozoa; Conosa; Variosea; Variosea_X	Variosea_X	157.9	0
0	HJHEFEJI_05617	class	Stramenopiles; Ochrophyta; Raphidophyceae; Raphidophyceae_X	Raphidophyceae_X	416.4	0
0	HJHEFEJI_05619	class	Archaeplastida; Chlorophyta; Mamiellophyceae; Mamiellales	Mamiellales	119.4	0
0	HJHEFEJI_05625	class	Alveolata; Dinoflagellata; Dinophyceae; Gymnodiniales	Gymnodiniales	227.3	0
0	HJHEFEJI_05629	class	Stramenopiles; Ochrophyta; Bacillariophyta; Bacillariophyta_X	Bacillariophyta_X	309.3	0
0	HJHEFEJI_05631	class	Hacrobia; Cryptophyta; Cryptophyceae; Cryptomonadales	Cryptomonadales	176.4	0
0	HJHEFEJI_05636	class	Stramenopiles; Ochrophyta; Bacillariophyta; Bacillariophyta_X	Bacillariophyta_X	265.8	0
0	HJHEFEJI_05637	order	Stramenopiles; Ochrophyta; Bacillariophyta; Bacillariophyta_X; Raphid-pennate	Raphid-pennate	66.6	0
0	HJHEFEJI_05639	class	Archaeplastida; Chlorophyta; Palmophyllophyceae; Prasinococcales	Prasinococcales	66.6	0
0	HJHEFEJI_05641	class	Hacrobia; Cryptophyta; Cryptophyceae; Cryptophyceae_XXX	Cryptophyceae_XXX	128.3	0
0	HJHEFEJI_05643	division	Archaeplastida; Chlorophyta; Palmophyllophyceae	Palmophyllophyceae	184.9	0
0	HJHEFEJI_05644	class	Opisthokonta; Choanoflagellida; Choanoflagellatea; Acanthoecida	Acanthoecida	158.3	0
0	HJHEFEJI_05648	order	Stramenopiles; Ochrophyta; Pelagophyceae; Pelagomonadales; Pelagomonadaceae	Pelagomonadaceae	106.3	0
0	HJHEFEJI_05650	class	Stramenopiles; Ochrophyta; Bacillariophyta; Bacillariophyta_X	Bacillariophyta_X	360.9	0
0	HJHEFEJI_05651	class	Alveolata; Dinoflagellata; Dinophyceae; Gonyaulacales	Gonyaulacales	186.0	0
0	HJHEFEJI_05656	class	Stramenopiles; Ochrophyta; Dictyochophyceae; Dictyochophyceae_X	Dictyochophyceae_X	127.5	0
0	HJHEFEJI_05657	class	Hacrobia; Haptophyta; Pavlovophyceae; Pavlovales	Pavlovales	74.3	0
0	HJHEFEJI_05663	order	Stramenopiles; Ochrophyta; Bacillariophyta; Bacillariophyta_X; Polar-centric-Mediophyceae	Polar-centric-Mediophyceae	230.7	0
0	HJHEFEJI_05664	order	Archaeplastida; Chlorophyta; Nephroselmidophyceae; Nephroselmidales; Nephroselmidales_X	Nephroselmidales_X	154.5	0
0	HJHEFEJI_05666	class	Archaeplastida; Glaucophyta; Glaucocystophyceae; Glaucocystophytes	Glaucocystophytes	85.9	0
0	HJHEFEJI_05668	class	Archaeplastida; Chlorophyta; Chlorophyta_X; Chlorophyta_XX	Chlorophyta_XX	67.0	0
0	HJHEFEJI_05674	class	Stramenopiles; Ochrophyta; Raphidophyceae; Raphidophyceae_X	Raphidophyceae_X	134.8	0
0	HJHEFEJI_05681	class	Stramenopiles; Ochrophyta; Bacillariophyta; Bacillariophyta_X	Bacillariophyta_X	145.2	0
0	HJHEFEJI_05684	class	Stramenopiles; Ochrophyta; Dictyochophyceae; Dictyochophyceae_X	Dictyochophyceae_X	69.7	0
0	HJHEFEJI_05685	order	Archaeplastida; Chlorophyta; Mamiellophyceae; Mamiellales; Bathycoccaceae	Bathycoccaceae	86.3	0
0	HJHEFEJI_05688	class	Hacrobia; Haptophyta; Pavlovophyceae; Pavlovales	Pavlovales	129.8	0
0	HJHEFEJI_05689	class	Archaeplastida; Rhodophyta; Stylonematophyceae; Porphyridiales-2	Porphyridiales-2	107.1	0
0	HJHEFEJI_05691	class	Hacrobia; Haptophyta; Pavlovophyceae; Pavlovales	Pavlovales	116.7	0
0	HJHEFEJI_05692	class	Stramenopiles; Ochrophyta; Bacillariophyta; Bacillariophyta_X	Bacillariophyta_X	156.8	0
0	HJHEFEJI_05693	class	Archaeplastida; Chlorophyta; Pyramimonadales; Pyramimonadales_X	Pyramimonadales_X	86.3	0
0	HJHEFEJI_05694	division	Alveolata; Ciliophora; Spirotrichea	Spirotrichea	63.5	0
0	HJHEFEJI_05695				282.0	1
0	HJHEFEJI_05697	division	Archaeplastida; Rhodophyta; Porphyridiophyceae	Porphyridiophyceae	122.5	0
0	HJHEFEJI_05698	class	Alveolata; Dinoflagellata; Dinophyceae; Gymnodiniales	Gymnodiniales	167.9	0
0	HJHEFEJI_05699	class	Stramenopiles; Ochrophyta; Bacillariophyta; Bacillariophyta_X	Bacillariophyta_X	116.3	0
0	HJHEFEJI_05702	class	Alveolata; Dinoflagellata; Dinophyceae; Prorocentrales	Prorocentrales	68.2	0
0	HJHEFEJI_05705	class	Archaeplastida; Chlorophyta; Nephroselmidophyceae; Nephroselmidales	Nephroselmidales	98.6	0
0	HJHEFEJI_05708	class	Stramenopiles; Ochrophyta; Bacillariophyta; Bacillariophyta_X	Bacillariophyta_X	202.2	0
0	HJHEFEJI_05710	class	Stramenopiles; Ochrophyta; Raphidophyceae; Raphidophyceae_X	Raphidophyceae_X	123.2	0
0	HJHEFEJI_05711	division	Alveolata; Dinoflagellata; Dinophyceae	Dinophyceae	73.2	0
0	HJHEFEJI_05715				119.0	1
0	HJHEFEJI_05716	division	Stramenopiles; Ochrophyta; Raphidophyceae	Raphidophyceae	75.5	0
0	HJHEFEJI_05720	class	Archaeplastida; Chlorophyta; Chlorodendrophyceae; Chlorodendrales	Chlorodendrales	80.5	0
0	HJHEFEJI_05721	order	Stramenopiles; Ochrophyta; Dictyochophyceae; Dictyochophyceae_X; Pedinellales	Pedinellales	110.5	0
0	HJHEFEJI_05722	order	Stramenopiles; Ochrophyta; Bacillariophyta; Bacillariophyta_X; Polar-centric-Mediophyceae	Polar-centric-Mediophyceae	131.7	0
0	HJHEFEJI_05724	class	Excavata; Discoba; Euglenozoa; Euglenida	Euglenida	148.7	0
0	HJHEFEJI_05729	class	Amoebozoa; Lobosa; Discosea-Flabellinia; Vannellida	Vannellida	61.2	0
0	HJHEFEJI_05730	class	Opisthokonta; Fungi; Ascomycota; Saccharomycotina	Saccharomycotina	318.5	0
0	HJHEFEJI_05734	division	Amoebozoa; Conosa; Variosea	Variosea	135.2	0
0	HJHEFEJI_05736	class	Stramenopiles; Ochrophyta; Bacillariophyta; Bacillariophyta_X	Bacillariophyta_X	117.9	0
0	HJHEFEJI_05737	class	Stramenopiles; Ochrophyta; Bolidophyceae; Parmales	Parmales	81.6	0
0	HJHEFEJI_05743	class	Alveolata; Ciliophora; Prostomatea_1; Prostomatea_1_X	Prostomatea_1_X	64.3	0
0	HJHEFEJI_05746	family	Stramenopiles; Ochrophyta; Dictyochophyceae; Dictyochophyceae_X; Pedinellales; Pseudopedinella	Pseudopedinella	85.5	0
0	HJHEFEJI_05749	class	Stramenopiles; Ochrophyta; Bacillariophyta; Bacillariophyta_X	Bacillariophyta_X	64.7	0
0	HJHEFEJI_05750	class	Stramenopiles; Ochrophyta; Bacillariophyta; Bacillariophyta_X	Bacillariophyta_X	73.2	0
0	HJHEFEJI_05752	class	Alveolata; Ciliophora; Ciliophora_X; Ciliophora_XX	Ciliophora_XX	511.9	0
0	HJHEFEJI_05755	class	Archaeplastida; Chlorophyta; Chlorodendrophyceae; Chlorodendrales	Chlorodendrales	116.3	0
0	HJHEFEJI_05756	class	Rhizaria; Cercozoa; Chlorarachniophyceae; Chlorarachnida	Chlorarachnida	157.9	0
0	HJHEFEJI_05757	division	Archaeplastida; Rhodophyta; Stylonematophyceae	Stylonematophyceae	214.5	0
0	HJHEFEJI_05758	class	Alveolata; Dinoflagellata; Dinophyceae; Suessiales	Suessiales	106.3	0
0	HJHEFEJI_05759	division	Alveolata; Dinoflagellata; Dinophyceae	Dinophyceae	70.9	0
0	HJHEFEJI_05761	class	Hacrobia; Cryptophyta; Cryptophyceae; Cryptophyceae_XXX	Cryptophyceae_XXX	166.4	0
0	HJHEFEJI_05762	class	Stramenopiles; Ochrophyta; Bacillariophyta; Bacillariophyta_X	Bacillariophyta_X	101.7	0
0	HJHEFEJI_05764	class	Stramenopiles; Ochrophyta; Bacillariophyta; Bacillariophyta_X	Bacillariophyta_X	173.3	0
0	HJHEFEJI_05768	class	Stramenopiles; Ochrophyta; Bacillariophyta; Bacillariophyta_X	Bacillariophyta_X	146.4	0
0	HJHEFEJI_05770	class	Alveolata; Dinoflagellata; Dinophyceae; Suessiales	Suessiales	116.3	0
0	HJHEFEJI_05772	division	Hacrobia; Cryptophyta; Cryptophyceae	Cryptophyceae	66.2	0
0	HJHEFEJI_05774	division	Alveolata; Dinoflagellata	Dinoflagellata	144.8	1
0	HJHEFEJI_05775	division	Amoebozoa; Conosa; Variosea	Variosea	164.9	0
0	HJHEFEJI_05776	order	Hacrobia; Hacrobia_X; Hacrobia_XX; Hacrobia_XXX; Hacrobia_XXXX	Hacrobia_XXXX	436.0	0
0	HJHEFEJI_05779	class	Archaeplastida; Rhodophyta; Porphyridiophyceae; Porphyridiales	Porphyridiales	142.1	0
0	HJHEFEJI_05781	class	Archaeplastida; Chlorophyta; Nephroselmidophyceae; Nephroselmidales	Nephroselmidales	217.2	0
0	HJHEFEJI_05793	class	Rhizaria; Cercozoa; Chlorarachniophyceae; Chlorarachnida	Chlorarachnida	202.2	0
0	HJHEFEJI_05796	division	Stramenopiles; Ochrophyta; Bacillariophyta	Bacillariophyta	65.5	0
0	HJHEFEJI_05797	class	Stramenopiles; Ochrophyta; Raphidophyceae; Raphidophyceae_X	Raphidophyceae_X	211.1	0
0	HJHEFEJI_05798	class	Stramenopiles; Ochrophyta; Pinguiophyceae; Pinguiochrysidales	Pinguiochrysidales	195.7	0
0	HJHEFEJI_05799	division	Archaeplastida; Chlorophyta	Chlorophyta	500.0	1
0	HJHEFEJI_05801	division	Amoebozoa; Lobosa	Lobosa	115.2	1
0	HJHEFEJI_05810	order	Stramenopiles; Ochrophyta; Bacillariophyta; Bacillariophyta_X; Polar-centric-Mediophyceae	Polar-centric-Mediophyceae	100.1	0
0	HJHEFEJI_05811	class	Stramenopiles; Ochrophyta; Dictyochophyceae; Dictyochophyceae_X	Dictyochophyceae_X	55.8	0
0	HJHEFEJI_05812	class	Stramenopiles; Ochrophyta; Raphidophyceae; Raphidophyceae_X	Raphidophyceae_X	213.0	0
0	HJHEFEJI_05814	family	Stramenopiles; Ochrophyta; Bacillariophyta; Bacillariophyta_X; Polar-centric-Mediophyceae; Thalassiosira	Thalassiosira	97.1	0
0	HJHEFEJI_05819				74.3	1
0	HJHEFEJI_05822	class	Archaeplastida; Rhodophyta; Stylonematophyceae; Porphyridiales-2	Porphyridiales-2	97.1	0
0	HJHEFEJI_05823	class	Excavata; Discoba; Euglenozoa; Euglenida	Euglenida	505.4	0
0	HJHEFEJI_05826	class	Amoebozoa; Lobosa; Lobosa_X; Trichosida	Trichosida	91.3	0
0	HJHEFEJI_05828	order	Archaeplastida; Glaucophyta; Glaucocystophyceae; Glaucocystophytes; Glaucocystophytes_X	Glaucocystophytes_X	117.9	0
0	HJHEFEJI_05835	class	Stramenopiles; Ochrophyta; Bacillariophyta; Bacillariophyta_X	Bacillariophyta_X	216.9	0
0	HJHEFEJI_05836	class	Stramenopiles; Ochrophyta; Bacillariophyta; Bacillariophyta_X	Bacillariophyta_X	178.7	0
0	HJHEFEJI_05842	class	Alveolata; Ciliophora; Ciliophora_X; Ciliophora_XX	Ciliophora_XX	132.5	0
0	HJHEFEJI_05843				75.5	1
0	HJHEFEJI_05848	division	Hacrobia; Cryptophyta; Cryptophyceae	Cryptophyceae	67.8	0
0	HJHEFEJI_05853	division	Alveolata; Dinoflagellata; Dinophyceae	Dinophyceae	122.1	0
0	HJHEFEJI_05858	order	Stramenopiles; Ochrophyta; Bacillariophyta; Bacillariophyta_X; Polar-centric-Mediophyceae	Polar-centric-Mediophyceae	128.6	0
0	HJHEFEJI_05864	species	Alveolata; Ciliophora; Oligohymenophorea; Scuticociliatia_1; Philasterida; Anophryoides; Anophryoides haemophila	Anophryoides haemophila	131.0	0
0	HJHEFEJI_05867	class	Stramenopiles; Ochrophyta; Bacillariophyta; Bacillariophyta_X	Bacillariophyta_X	223.8	0
0	HJHEFEJI_05868	division	Stramenopiles; Ochrophyta; Bacillariophyta	Bacillariophyta	72.4	0
0	HJHEFEJI_05869	class	Archaeplastida; Chlorophyta; Nephroselmidophyceae; Nephroselmidales	Nephroselmidales	133.7	0
0	HJHEFEJI_05870	order	Stramenopiles; Ochrophyta; Bacillariophyta; Bacillariophyta_X; Polar-centric-Mediophyceae	Polar-centric-Mediophyceae	265.8	0
0	HJHEFEJI_05871				164.1	1
0	HJHEFEJI_05874	order	Stramenopiles; Ochrophyta; Bacillariophyta; Bacillariophyta_X; Polar-centric-Mediophyceae	Polar-centric-Mediophyceae	164.9	0
0	HJHEFEJI_05876	class	Archaeplastida; Chlorophyta; Nephroselmidophyceae; Nephroselmidales	Nephroselmidales	226.1	0
0	HJHEFEJI_05878	order	Archaeplastida; Chlorophyta; Nephroselmidophyceae; Nephroselmidales; Nephroselmidales_X	Nephroselmidales_X	104.0	0
0	HJHEFEJI_05879	class	Opisthokonta; Choanoflagellida; Choanoflagellatea; Acanthoecida	Acanthoecida	90.5	0
0	HJHEFEJI_05882	class	Stramenopiles; Ochrophyta; Raphidophyceae; Raphidophyceae_X	Raphidophyceae_X	60.1	0
0	HJHEFEJI_05886	class	Stramenopiles; Ochrophyta; Dictyochophyceae; Dictyochophyceae_X	Dictyochophyceae_X	319.7	0
0	HJHEFEJI_05887	order	Stramenopiles; Ochrophyta; Bacillariophyta; Bacillariophyta_X; Araphid-pennate	Araphid-pennate	277.7	0
0	HJHEFEJI_05888	class	Stramenopiles; Ochrophyta; Raphidophyceae; Raphidophyceae_X	Raphidophyceae_X	180.6	0
0	HJHEFEJI_05889	division	Alveolata; Ciliophora; Ciliophora_X	Ciliophora_X	177.6	0
0	HJHEFEJI_05890	class	Stramenopiles; Ochrophyta; Bacillariophyta; Bacillariophyta_X	Bacillariophyta_X	305.4	0
0	HJHEFEJI_05891	class	Archaeplastida; Rhodophyta; Rhodellophyceae; Rhodellales	Rhodellales	192.6	0
0	HJHEFEJI_05895	class	Stramenopiles; Ochrophyta; Bacillariophyta; Bacillariophyta_X	Bacillariophyta_X	94.4	0
0	HJHEFEJI_05896	class	Hacrobia; Cryptophyta; Cryptophyceae; Cryptophyceae_XXX	Cryptophyceae_XXX	158.7	0
0	HJHEFEJI_05900	order	Stramenopiles; Ochrophyta; Raphidophyceae; Raphidophyceae_X; Raphidophyceae_XX	Raphidophyceae_XX	151.0	0
0	HJHEFEJI_05901	class	Stramenopiles; Ochrophyta; Raphidophyceae; Raphidophyceae_X	Raphidophyceae_X	172.2	0
0	HJHEFEJI_05906	class	Alveolata; Ciliophora; Ciliophora_X; Ciliophora_XX	Ciliophora_XX	261.5	0
0	HJHEFEJI_05920	order	Stramenopiles; Ochrophyta; Bacillariophyta; Bacillariophyta_X; Polar-centric-Mediophyceae	Polar-centric-Mediophyceae	469.9	0
0	HJHEFEJI_05921	class	Stramenopiles; Ochrophyta; Raphidophyceae; Raphidophyceae_X	Raphidophyceae_X	418.7	0
0	HJHEFEJI_05922	class	Archaeplastida; Chlorophyta; Nephroselmidophyceae; Nephroselmidales	Nephroselmidales	156.0	0
0	HJHEFEJI_05923	class	Stramenopiles; Ochrophyta; Bacillariophyta; Bacillariophyta_X	Bacillariophyta_X	327.4	0
0	HJHEFEJI_05924	class	Archaeplastida; Rhodophyta; Compsopogonophyceae; Compsopogonales	Compsopogonales	119.8	0
0	HJHEFEJI_05925	class	Stramenopiles; Ochrophyta; Dictyochophyceae; Dictyochophyceae_X	Dictyochophyceae_X	167.5	0
0	HJHEFEJI_05928	class	Stramenopiles; Ochrophyta; Bacillariophyta; Bacillariophyta_X	Bacillariophyta_X	238.4	0
0	HJHEFEJI_05931	order	Stramenopiles; Sagenista; Labyrinthulomycetes; Labyrinthulales; Labyrinthulaceae	Labyrinthulaceae	93.2	0
0	HJHEFEJI_05934	class	Archaeplastida; Chlorophyta; Nephroselmidophyceae; Nephroselmidales	Nephroselmidales	124.8	0
0	HJHEFEJI_05935	division	Stramenopiles; Ochrophyta; Dictyochophyceae	Dictyochophyceae	66.6	0
0	HJHEFEJI_05937	division	Stramenopiles; Ochrophyta; Raphidophyceae	Raphidophyceae	282.0	0
0	HJHEFEJI_05944	order	Amoebozoa; Conosa; Variosea; Variosea_X; Filamoebidae	Filamoebidae	63.9	0
0	HJHEFEJI_05946	class	Stramenopiles; Ochrophyta; Bacillariophyta; Bacillariophyta_X	Bacillariophyta_X	178.7	0
0	HJHEFEJI_05947	division	Archaeplastida; Chlorophyta; Palmophyllophyceae	Palmophyllophyceae	59.7	0
0	HJHEFEJI_05949	order	Opisthokonta; Choanoflagellida; Choanoflagellatea; Acanthoecida; Acanthoecida_X	Acanthoecida_X	214.2	0
0	HJHEFEJI_05952	order	Stramenopiles; Ochrophyta; Bacillariophyta; Bacillariophyta_X; Polar-centric-Mediophyceae	Polar-centric-Mediophyceae	130.2	0
0	HJHEFEJI_05958	order	Stramenopiles; Ochrophyta; Bacillariophyta; Bacillariophyta_X; Raphid-pennate	Raphid-pennate	103.6	0
0	HJHEFEJI_05959	family	Stramenopiles; Ochrophyta; Dictyochophyceae; Dictyochophyceae_X; Pedinellales; Pseudopedinella	Pseudopedinella	219.5	0
0	HJHEFEJI_05960	genus	Stramenopiles; Ochrophyta; Dictyochophyceae; Dictyochophyceae_X; Pedinellales; Pseudopedinella; Pseudopedinella elastica	Pseudopedinella elastica	210.3	0
0	HJHEFEJI_05963	class	Stramenopiles; Ochrophyta; Raphidophyceae; Raphidophyceae_X	Raphidophyceae_X	214.2	0
0	HJHEFEJI_05968	class	Excavata; Discoba; Heterolobosea; Heterolobosea_X	Heterolobosea_X	99.0	0
0	HJHEFEJI_05972	genus	Stramenopiles; Ochrophyta; Bacillariophyta; Bacillariophyta_X; Araphid-pennate; Thalassionema; Thalassionema nitzschioides	Thalassionema nitzschioides	138.3	0
0	HJHEFEJI_05973	class	Stramenopiles; Ochrophyta; Bacillariophyta; Bacillariophyta_X	Bacillariophyta_X	329.3	0
0	HJHEFEJI_05975	class	Hacrobia; Cryptophyta; Cryptophyceae; Goniomonadales	Goniomonadales	155.6	0
0	HJHEFEJI_05976	order	Stramenopiles; Opalozoa; Bicoecea; Anoecales; Cafeteriaceae	Cafeteriaceae	372.9	0
0	HJHEFEJI_05986	class	Archaeplastida; Glaucophyta; Glaucocystophyceae; Glaucocystophytes	Glaucocystophytes	177.2	0
0	HJHEFEJI_05988	class	Alveolata; Dinoflagellata; Dinophyceae; Gonyaulacales	Gonyaulacales	120.6	0
0	HJHEFEJI_05990	order	Archaeplastida; Chlorophyta; Trebouxiophyceae; Prasiolales; Prasiolales_X	Prasiolales_X	218.8	0
0	HJHEFEJI_05998	division	Archaeplastida; Glaucophyta; Glaucocystophyceae	Glaucocystophyceae	90.5	0
0	HJHEFEJI_06001	class	Stramenopiles; Ochrophyta; Bacillariophyta; Bacillariophyta_X	Bacillariophyta_X	275.4	0
0	HJHEFEJI_06002	class	Stramenopiles; Ochrophyta; Bacillariophyta; Bacillariophyta_X	Bacillariophyta_X	324.3	0
0	HJHEFEJI_06003	class	Stramenopiles; Ochrophyta; Bacillariophyta; Bacillariophyta_X	Bacillariophyta_X	85.9	0
0	HJHEFEJI_06004	class	Archaeplastida; Chlorophyta; Chlorophyceae; Chlamydomonadales	Chlamydomonadales	143.3	0
0	HJHEFEJI_06005	class	Alveolata; Dinoflagellata; Dinophyceae; Peridiniales	Peridiniales	131.3	0
0	HJHEFEJI_06006	class	Stramenopiles; Ochrophyta; Bacillariophyta; Bacillariophyta_X	Bacillariophyta_X	271.2	0
0	HJHEFEJI_06007	class	Stramenopiles; Ochrophyta; Bacillariophyta; Bacillariophyta_X	Bacillariophyta_X	493.8	0
0	HJHEFEJI_06008	class	Stramenopiles; Ochrophyta; Bacillariophyta; Bacillariophyta_X	Bacillariophyta_X	198.4	0
0	HJHEFEJI_06011	order	Stramenopiles; Ochrophyta; Dictyochophyceae; Dictyochophyceae_X; Pedinellales	Pedinellales	95.9	0
0	HJHEFEJI_06012	class	Archaeplastida; Chlorophyta; Pyramimonadales; Pyramimonadales_X	Pyramimonadales_X	104.4	0
0	HJHEFEJI_06014	class	Alveolata; Ciliophora; Ciliophora_X; Ciliophora_XX	Ciliophora_XX	88.6	0
0	HJHEFEJI_06019	class	Alveolata; Apicomplexa; Colpodellidea; Vitrelladida	Vitrelladida	87.4	0
0	HJHEFEJI_06020	class	Hacrobia; Cryptophyta; Cryptophyceae; Goniomonadales	Goniomonadales	209.9	0
0	HJHEFEJI_06021	class	Stramenopiles; Sagenista; Labyrinthulomycetes; Labyrinthulales	Labyrinthulales	241.5	0
0	HJHEFEJI_06023	order	Stramenopiles; Ochrophyta; Bacillariophyta; Bacillariophyta_X; Polar-centric-Mediophyceae	Polar-centric-Mediophyceae	146.0	0
0	HJHEFEJI_06028	class	Archaeplastida; Chlorophyta; Chlorophyceae; Chlamydomonadales	Chlamydomonadales	182.2	0
0	HJHEFEJI_06035	class	Hacrobia; Cryptophyta; Cryptophyceae; Cryptomonadales	Cryptomonadales	270.0	0
0	HJHEFEJI_06039	class	Stramenopiles; Ochrophyta; Bacillariophyta; Bacillariophyta_X	Bacillariophyta_X	67.4	0
0	HJHEFEJI_06044	class	Alveolata; Ciliophora; Ciliophora_X; Ciliophora_XX	Ciliophora_XX	164.9	0
0	HJHEFEJI_06045	genus	Archaeplastida; Chlorophyta; Pyramimonadales; Pyramimonadales_X; Pyramimonadales_XX; Pyramimonas; Pyramimonas parkeae	Pyramimonas parkeae	196.4	0
0	HJHEFEJI_06046	division	Archaeplastida; Chlorophyta; Pyramimonadales	Pyramimonadales	60.5	0
0	HJHEFEJI_06048	class	Rhizaria; Cercozoa; Chlorarachniophyceae; Chlorarachnida	Chlorarachnida	128.6	0
0	HJHEFEJI_06054	class	Stramenopiles; Stramenopiles_X; Stramenopiles_XX; Stramenopiles_XXX	Stramenopiles_XXX	127.9	0
0	HJHEFEJI_06056	division	Stramenopiles; Ochrophyta; Bacillariophyta	Bacillariophyta	81.3	0
0	HJHEFEJI_06057	class	Stramenopiles; Ochrophyta; Bacillariophyta; Bacillariophyta_X	Bacillariophyta_X	107.8	0
0	HJHEFEJI_06058	class	Stramenopiles; Ochrophyta; Bacillariophyta; Bacillariophyta_X	Bacillariophyta_X	134.8	0
0	HJHEFEJI_06059	class	Stramenopiles; Ochrophyta; Bacillariophyta; Bacillariophyta_X	Bacillariophyta_X	246.9	0
0	HJHEFEJI_06060	class	Stramenopiles; Ochrophyta; Bacillariophyta; Bacillariophyta_X	Bacillariophyta_X	205.3	0
0	HJHEFEJI_06063	class	Stramenopiles; Ochrophyta; Dictyochophyceae; Dictyochophyceae_X	Dictyochophyceae_X	191.0	0
0	HJHEFEJI_06066	class	Stramenopiles; Ochrophyta; Raphidophyceae; Raphidophyceae_X	Raphidophyceae_X	117.1	0
0	HJHEFEJI_06067	class	Stramenopiles; Ochrophyta; Bacillariophyta; Bacillariophyta_X	Bacillariophyta_X	159.8	0
0	HJHEFEJI_06068	division	Stramenopiles; Ochrophyta	Ochrophyta	85.1	1
0	HJHEFEJI_06069	class	Alveolata; Dinoflagellata; Dinophyceae; Suessiales	Suessiales	72.0	0
0	HJHEFEJI_06070	class	Stramenopiles; Ochrophyta; Pelagophyceae; Pelagomonadales	Pelagomonadales	107.5	0
0	HJHEFEJI_06071	division	Alveolata; Dinoflagellata; Dinophyceae	Dinophyceae	62.0	0
0	HJHEFEJI_06078	class	Stramenopiles; Stramenopiles_X; Stramenopiles_XX; Stramenopiles_XXX	Stramenopiles_XXX	140.6	0
0	HJHEFEJI_06079	class	Archaeplastida; Rhodophyta; Stylonematophyceae; Porphyridiales-2	Porphyridiales-2	166.0	0
0	HJHEFEJI_06085	class	Hacrobia; Cryptophyta; Cryptophyceae; Cryptophyceae_XXX	Cryptophyceae_XXX	65.9	0
0	HJHEFEJI_06088	class	Hacrobia; Cryptophyta; Cryptophyceae; Cryptomonadales	Cryptomonadales	169.5	0
0	HJHEFEJI_06097	class	Stramenopiles; Ochrophyta; Bacillariophyta; Bacillariophyta_X	Bacillariophyta_X	201.1	0
0	HJHEFEJI_06099	order	Hacrobia; Haptophyta; Prymnesiophyceae; Prymnesiales; Prymnesiaceae	Prymnesiaceae	351.7	0
0	HJHEFEJI_06100	class	Stramenopiles; Ochrophyta; Bacillariophyta; Bacillariophyta_X	Bacillariophyta_X	184.9	0
0	HJHEFEJI_06104	class	Rhizaria; Cercozoa; Chlorarachniophyceae; Chlorarachnida	Chlorarachnida	106.3	0
0	HJHEFEJI_06108	class	Alveolata; Dinoflagellata; Syndiniales; Dino-Group-II	Dino-Group-II	359.4	0
0	HJHEFEJI_06110	class	Stramenopiles; Ochrophyta; Bacillariophyta; Bacillariophyta_X	Bacillariophyta_X	305.1	0
0	HJHEFEJI_06111	class	Opisthokonta; Fungi; Ascomycota; Saccharomycotina	Saccharomycotina	104.0	0
0	HJHEFEJI_06112	class	Hacrobia; Cryptophyta; Cryptophyceae; Cryptophyceae_XXX	Cryptophyceae_XXX	70.9	0
0	HJHEFEJI_06114	family	Archaeplastida; Chlorophyta; Chloropicophyceae; Chloropicales; Chloropicaceae; Chloroparvula	Chloroparvula	424.1	0
0	HJHEFEJI_06115	class	Stramenopiles; Ochrophyta; Bacillariophyta; Bacillariophyta_X	Bacillariophyta_X	102.4	0
0	HJHEFEJI_06116	division	Archaeplastida; Chlorophyta; Chlorodendrophyceae	Chlorodendrophyceae	141.4	0
0	HJHEFEJI_06117	order	Rhizaria; Cercozoa; Chlorarachniophyceae; Chlorarachnida; Chlorarachnida_X	Chlorarachnida_X	157.1	0
0	HJHEFEJI_06120	class	Amoebozoa; Lobosa; Discosea-Flabellinia; Dactylopodida	Dactylopodida	179.9	0
0	HJHEFEJI_06121	class	Archaeplastida; Chlorophyta; Chlorodendrophyceae; Chlorodendrales	Chlorodendrales	111.3	0
0	HJHEFEJI_06122	class	Hacrobia; Haptophyta; Pavlovophyceae; Pavlovales	Pavlovales	150.6	0
0	HJHEFEJI_06124	class	Amoebozoa; Lobosa; Discosea-Flabellinia; Dactylopodida	Dactylopodida	66.2	0
0	HJHEFEJI_06128	class	Stramenopiles; Ochrophyta; Raphidophyceae; Raphidophyceae_X	Raphidophyceae_X	60.8	0
0	HJHEFEJI_06130	class	Archaeplastida; Glaucophyta; Glaucocystophyceae; Glaucocystophytes	Glaucocystophytes	325.5	0
0	HJHEFEJI_06131	order	Archaeplastida; Rhodophyta; Porphyridiophyceae; Porphyridiales; Porphyridiales_X	Porphyridiales_X	95.9	0
0	HJHEFEJI_06132	class	Archaeplastida; Chlorophyta; Chlorophyceae; Chlamydomonadales	Chlamydomonadales	120.6	0
0	HJHEFEJI_06133	class	Archaeplastida; Chlorophyta; Chlorodendrophyceae; Chlorodendrales	Chlorodendrales	99.0	0
0	HJHEFEJI_06136	division	Alveolata; Dinoflagellata; Dinophyceae	Dinophyceae	69.3	0
0	HJHEFEJI_06140	class	Stramenopiles; Ochrophyta; Bacillariophyta; Bacillariophyta_X	Bacillariophyta_X	80.5	0
0	HJHEFEJI_06142	class	Stramenopiles; Ochrophyta; Bacillariophyta; Bacillariophyta_X	Bacillariophyta_X	65.9	0
0	HJHEFEJI_06143	order	Stramenopiles; Ochrophyta; Bacillariophyta; Bacillariophyta_X; Polar-centric-Mediophyceae	Polar-centric-Mediophyceae	128.6	0
0	HJHEFEJI_06144	class	Hacrobia; Cryptophyta; Cryptophyceae; Cryptomonadales	Cryptomonadales	548.9	0
0	HJHEFEJI_06151	class	Archaeplastida; Chlorophyta; Chlorophyceae; Chlamydomonadales	Chlamydomonadales	293.9	0
0	HJHEFEJI_06152	class	Stramenopiles; Ochrophyta; Bacillariophyta; Bacillariophyta_X	Bacillariophyta_X	334.3	0
0	HJHEFEJI_06153	class	Stramenopiles; Ochrophyta; Bacillariophyta; Bacillariophyta_X	Bacillariophyta_X	209.5	0
0	HJHEFEJI_06154	class	Hacrobia; Cryptophyta; Cryptophyceae; Cryptophyceae_XXX	Cryptophyceae_XXX	160.6	0
0	HJHEFEJI_06155	class	Alveolata; Ciliophora; Ciliophora_X; Ciliophora_XX	Ciliophora_XX	65.5	0
0	HJHEFEJI_06156	class	Hacrobia; Cryptophyta; Cryptophyceae; Goniomonadales	Goniomonadales	144.8	0
0	HJHEFEJI_06157	class	Stramenopiles; Ochrophyta; Bacillariophyta; Bacillariophyta_X	Bacillariophyta_X	149.8	0
0	HJHEFEJI_06158	order	Archaeplastida; Chlorophyta; Trebouxiophyceae; Prasiolales; Prasiolales_X	Prasiolales_X	204.5	0
0	HJHEFEJI_06164	class	Hacrobia; Haptophyta; Prymnesiophyceae; Prymnesiales	Prymnesiales	339.3	0
0	HJHEFEJI_06165	class	Stramenopiles; Ochrophyta; Bacillariophyta; Bacillariophyta_X	Bacillariophyta_X	79.3	0
0	HJHEFEJI_06166	class	Stramenopiles; Ochrophyta; Bacillariophyta; Bacillariophyta_X	Bacillariophyta_X	120.2	0
0	HJHEFEJI_06167	class	Stramenopiles; Ochrophyta; Raphidophyceae; Raphidophyceae_X	Raphidophyceae_X	98.6	0
0	HJHEFEJI_06169	class	Stramenopiles; Ochrophyta; Bacillariophyta; Bacillariophyta_X	Bacillariophyta_X	126.7	0
0	HJHEFEJI_06173	division	Alveolata; Dinoflagellata; Dinophyceae	Dinophyceae	148.3	0
0	HJHEFEJI_06174	class	Stramenopiles; Ochrophyta; Bacillariophyta; Bacillariophyta_X	Bacillariophyta_X	87.4	0
0	HJHEFEJI_06175	class	Stramenopiles; Ochrophyta; Bacillariophyta; Bacillariophyta_X	Bacillariophyta_X	102.1	0
0	HJHEFEJI_06176	order	Hacrobia; Cryptophyta; Cryptophyceae; Cryptomonadales; Cryptomonadales_X	Cryptomonadales_X	349.4	0
0	HJHEFEJI_06177	class	Stramenopiles; Ochrophyta; Bacillariophyta; Bacillariophyta_X	Bacillariophyta_X	660.2	0
0	HJHEFEJI_06178	class	Stramenopiles; Ochrophyta; Bacillariophyta; Bacillariophyta_X	Bacillariophyta_X	317.8	0
0	HJHEFEJI_06180	class	Hacrobia; Cryptophyta; Cryptophyceae; Cryptomonadales	Cryptomonadales	418.3	0
0	HJHEFEJI_06184	class	Stramenopiles; Ochrophyta; Bacillariophyta; Bacillariophyta_X	Bacillariophyta_X	289.7	0
0	HJHEFEJI_06186	class	Archaeplastida; Chlorophyta; Trebouxiophyceae; Chlorellales	Chlorellales	176.8	0
0	HJHEFEJI_06187	class	Opisthokonta; Fungi; Ascomycota; Saccharomycotina	Saccharomycotina	184.5	0
0	HJHEFEJI_06188	class	Stramenopiles; Ochrophyta; Bacillariophyta; Bacillariophyta_X	Bacillariophyta_X	63.9	0
0	HJHEFEJI_06191	division	Stramenopiles; Ochrophyta	Ochrophyta	74.7	1
0	HJHEFEJI_06195	class	Stramenopiles; Ochrophyta; Bacillariophyta; Bacillariophyta_X	Bacillariophyta_X	124.0	0
0	HJHEFEJI_06196	class	Stramenopiles; Ochrophyta; Bacillariophyta; Bacillariophyta_X	Bacillariophyta_X	108.2	0
0	HJHEFEJI_06198	class	Hacrobia; Haptophyta; Prymnesiophyceae; Zygodiscales	Zygodiscales	79.7	0
0	HJHEFEJI_06206	order	Stramenopiles; Ochrophyta; Raphidophyceae; Raphidophyceae_X; Raphidophyceae_XX	Raphidophyceae_XX	88.2	0
0	HJHEFEJI_06207	division	Archaeplastida; Chlorophyta	Chlorophyta	721.5	1
0	HJHEFEJI_06208	order	Stramenopiles; Ochrophyta; Pelagophyceae; Pelagomonadales; Pelagomonadaceae	Pelagomonadaceae	134.4	0
0	HJHEFEJI_06209	class	Archaeplastida; Rhodophyta; Porphyridiophyceae; Porphyridiales	Porphyridiales	95.9	0
0	HJHEFEJI_06210	class	Alveolata; Ciliophora; Ciliophora_X; Ciliophora_XX	Ciliophora_XX	136.3	0
0	HJHEFEJI_06214	class	Stramenopiles; Ochrophyta; Bacillariophyta; Bacillariophyta_X	Bacillariophyta_X	266.2	0
0	HJHEFEJI_06215	division	Amoebozoa; Lobosa; Discosea-Flabellinia	Discosea-Flabellinia	256.5	0
0	HJHEFEJI_06218	class	Alveolata; Ciliophora; Ciliophora_X; Ciliophora_XX	Ciliophora_XX	378.3	0
0	HJHEFEJI_06221	class	Hacrobia; Cryptophyta; Cryptophyceae; Goniomonadales	Goniomonadales	225.7	0
0	HJHEFEJI_06222	class	Hacrobia; Cryptophyta; Cryptophyceae; Goniomonadales	Goniomonadales	222.2	0
0	HJHEFEJI_06226	class	Amoebozoa; Lobosa; Discosea-Flabellinia; Vannellida	Vannellida	229.2	0
0	HJHEFEJI_06227	order	Hacrobia; Cryptophyta; Cryptophyceae; Goniomonadales; Goniomonadales_X	Goniomonadales_X	66.6	0
0	HJHEFEJI_06228	division	Excavata; Discoba; Heterolobosea	Heterolobosea	101.3	0
0	HJHEFEJI_06231	order	Alveolata; Dinoflagellata; Dinophyceae; Peridiniales; Kryptoperidiniaceae	Kryptoperidiniaceae	119.8	0
0	HJHEFEJI_06232	division	Hacrobia; Haptophyta; Prymnesiophyceae	Prymnesiophyceae	109.4	0
0	HJHEFEJI_06233	class	Archaeplastida; Chlorophyta; Chlorodendrophyceae; Chlorodendrales	Chlorodendrales	159.8	0
0	HJHEFEJI_06234	class	Rhizaria; Cercozoa; Chlorarachniophyceae; Chlorarachnida	Chlorarachnida	70.9	0
0	HJHEFEJI_06235	class	Stramenopiles; Ochrophyta; Raphidophyceae; Raphidophyceae_X	Raphidophyceae_X	150.6	0
0	HJHEFEJI_06237	class	Stramenopiles; Ochrophyta; Xanthophyceae; Xanthophyceae_X	Xanthophyceae_X	117.9	0
0	HJHEFEJI_06248	class	Stramenopiles; Ochrophyta; Dictyochophyceae; Dictyochophyceae_X	Dictyochophyceae_X	188.7	0
0	HJHEFEJI_06249	class	Archaeplastida; Chlorophyta; Picocystophyceae; Picocystales	Picocystales	213.4	0
0	HJHEFEJI_06252	class	Opisthokonta; Fungi; Ascomycota; Saccharomycotina	Saccharomycotina	87.4	0
0	HJHEFEJI_06254	division	Archaeplastida; Glaucophyta; Glaucocystophyceae	Glaucocystophyceae	129.4	0
0	HJHEFEJI_06257	order	Stramenopiles; Ochrophyta; Bacillariophyta; Bacillariophyta_X; Polar-centric-Mediophyceae	Polar-centric-Mediophyceae	59.7	0
0	HJHEFEJI_06258	class	Stramenopiles; Ochrophyta; Raphidophyceae; Raphidophyceae_X	Raphidophyceae_X	61.2	0
0	HJHEFEJI_06269	class	Amoebozoa; Lobosa; Discosea-Flabellinia; Dactylopodida	Dactylopodida	70.1	0
0	HJHEFEJI_06271	class	Stramenopiles; Ochrophyta; Raphidophyceae; Raphidophyceae_X	Raphidophyceae_X	181.4	0
0	HJHEFEJI_06272	order	Archaeplastida; Chlorophyta; Palmophyllophyceae; Prasinococcales; Prasinococcales-Clade-B	Prasinococcales-Clade-B	103.2	0
0	HJHEFEJI_06278	class	Hacrobia; Cryptophyta; Cryptophyceae; Cryptomonadales	Cryptomonadales	85.9	0
0	HJHEFEJI_06283	class	Stramenopiles; Ochrophyta; Bacillariophyta; Bacillariophyta_X	Bacillariophyta_X	268.5	0
0	HJHEFEJI_06285	class	Stramenopiles; Ochrophyta; Bacillariophyta; Bacillariophyta_X	Bacillariophyta_X	158.7	0
0	HJHEFEJI_06286	class	Hacrobia; Cryptophyta; Cryptophyceae; Cryptomonadales	Cryptomonadales	137.9	0
0	HJHEFEJI_06287	class	Alveolata; Dinoflagellata; Dinophyceae; Peridiniales	Peridiniales	89.4	0
0	HJHEFEJI_06292	class	Archaeplastida; Chlorophyta; Nephroselmidophyceae; Nephroselmidales	Nephroselmidales	188.0	0
0	HJHEFEJI_06293	order	Stramenopiles; Ochrophyta; Bacillariophyta; Bacillariophyta_X; Polar-centric-Mediophyceae	Polar-centric-Mediophyceae	157.9	0
0	HJHEFEJI_06297	class	Amoebozoa; Conosa; Variosea; Variosea_X	Variosea_X	204.9	0
0	HJHEFEJI_06301	class	Archaeplastida; Chlorophyta; Chlorophyceae; Chlamydomonadales	Chlamydomonadales	103.6	0
0	HJHEFEJI_06303	class	Hacrobia; Haptophyta; Prymnesiophyceae; Isochrysidales	Isochrysidales	122.5	0
0	HJHEFEJI_06306	division	Stramenopiles; Ochrophyta; Bacillariophyta	Bacillariophyta	116.7	0
0	HJHEFEJI_06307	class	Stramenopiles; Ochrophyta; Raphidophyceae; Raphidophyceae_X	Raphidophyceae_X	181.0	0
0	HJHEFEJI_06311	class	Stramenopiles; Ochrophyta; Bacillariophyta; Bacillariophyta_X	Bacillariophyta_X	90.9	0
0	HJHEFEJI_06313	class	Alveolata; Ciliophora; Heterotrichea; Heterotrichea_X	Heterotrichea_X	79.0	0
0	HJHEFEJI_06315	class	Archaeplastida; Glaucophyta; Glaucocystophyceae; Glaucocystophytes	Glaucocystophytes	247.3	0
0	HJHEFEJI_06321	class	Hacrobia; Haptophyta; Pavlovophyceae; Pavlovales	Pavlovales	73.6	0
0	HJHEFEJI_06323	division	Stramenopiles; Ochrophyta; Bacillariophyta	Bacillariophyta	188.0	0
0	HJHEFEJI_06325	class	Opisthokonta; Fungi; Ascomycota; Saccharomycotina	Saccharomycotina	177.9	0
0	HJHEFEJI_06327	class	Stramenopiles; Ochrophyta; Bacillariophyta; Bacillariophyta_X	Bacillariophyta_X	189.9	0
0	HJHEFEJI_06329	class	Stramenopiles; Ochrophyta; Bacillariophyta; Bacillariophyta_X	Bacillariophyta_X	208.8	0
0	HJHEFEJI_06337	class	Stramenopiles; Ochrophyta; Bacillariophyta; Bacillariophyta_X	Bacillariophyta_X	126.7	0
0	HJHEFEJI_06341				58.2	1
0	HJHEFEJI_06343	order	Stramenopiles; Ochrophyta; Bacillariophyta; Bacillariophyta_X; Polar-centric-Mediophyceae	Polar-centric-Mediophyceae	280.8	0
0	HJHEFEJI_06344	class	Stramenopiles; Ochrophyta; Bacillariophyta; Bacillariophyta_X	Bacillariophyta_X	248.8	0
0	HJHEFEJI_06346	class	Stramenopiles; Ochrophyta; Bacillariophyta; Bacillariophyta_X	Bacillariophyta_X	100.9	0
0	HJHEFEJI_06348	class	Stramenopiles; Sagenista; Labyrinthulomycetes; Thraustochytriales	Thraustochytriales	61.2	0
0	HJHEFEJI_06354	class	Amoebozoa; Lobosa; Lobosa_X; Stygamoebida	Stygamoebida	489.6	0
0	HJHEFEJI_06356	class	Archaeplastida; Chlorophyta; Chlorodendrophyceae; Chlorodendrales	Chlorodendrales	547.7	0
0	HJHEFEJI_06358	division	Amoebozoa; Lobosa; Discosea-Flabellinia	Discosea-Flabellinia	85.1	0
0	HJHEFEJI_06359	division	Archaeplastida; Chlorophyta; Chlorophyceae	Chlorophyceae	97.4	0
0	HJHEFEJI_06363	class	Archaeplastida; Chlorophyta; Chlorophyceae; Chlamydomonadales	Chlamydomonadales	96.3	0
0	HJHEFEJI_06366	class	Stramenopiles; Ochrophyta; Bacillariophyta; Bacillariophyta_X	Bacillariophyta_X	256.9	0
0	HJHEFEJI_06369	class	Alveolata; Ciliophora; Ciliophora_X; Ciliophora_XX	Ciliophora_XX	289.3	0
0	HJHEFEJI_06374	class	Stramenopiles; Ochrophyta; Bacillariophyta; Bacillariophyta_X	Bacillariophyta_X	126.7	0
0	HJHEFEJI_06376	class	Stramenopiles; Ochrophyta; Bacillariophyta; Bacillariophyta_X	Bacillariophyta_X	141.4	0
0	HJHEFEJI_06381	division	Stramenopiles; Opalozoa; Bicoecea	Bicoecea	101.7	0
0	HJHEFEJI_06384	division	Stramenopiles; Ochrophyta; Bacillariophyta	Bacillariophyta	87.4	0
0	HJHEFEJI_06396	class	Stramenopiles; Ochrophyta; Bacillariophyta; Bacillariophyta_X	Bacillariophyta_X	209.9	0
0	HJHEFEJI_06399	class	Stramenopiles; Ochrophyta; Bacillariophyta; Bacillariophyta_X	Bacillariophyta_X	70.9	0
0	HJHEFEJI_06402	family	Archaeplastida; Chlorophyta; Mamiellophyceae; Dolichomastigales; Dolichomastigaceae; Dolichomastix	Dolichomastix	102.8	0
0	HJHEFEJI_06404	class	Archaeplastida; Rhodophyta; Compsopogonophyceae; Erythropeltidales	Erythropeltidales	66.2	0
0	HJHEFEJI_06406	class	Hacrobia; Cryptophyta; Cryptophyceae; Goniomonadales	Goniomonadales	144.8	0
0	HJHEFEJI_06409	class	Stramenopiles; Ochrophyta; Bacillariophyta; Bacillariophyta_X	Bacillariophyta_X	58.2	0
0	HJHEFEJI_06414	order	Stramenopiles; Ochrophyta; Dictyochophyceae; Dictyochophyceae_X; Dictyochales	Dictyochales	85.9	0
0	HJHEFEJI_06417	class	Alveolata; Dinoflagellata; Dinophyceae; Peridiniales	Peridiniales	92.4	0
0	HJHEFEJI_06418	class	Hacrobia; Haptophyta; Prymnesiophyceae; Prymnesiales	Prymnesiales	352.8	0
0	HJHEFEJI_06428	division	Stramenopiles; Ochrophyta; Raphidophyceae	Raphidophyceae	67.8	0
0	HJHEFEJI_06431	class	Rhizaria; Cercozoa; Chlorarachniophyceae; Chlorarachnida	Chlorarachnida	214.5	0
0	HJHEFEJI_06433	class	Alveolata; Dinoflagellata; Dinophyceae; Gonyaulacales	Gonyaulacales	58.9	0
0	HJHEFEJI_06434	class	Archaeplastida; Glaucophyta; Glaucocystophyceae; Glaucocystophytes	Glaucocystophytes	107.8	0
0	HJHEFEJI_06437	division	Archaeplastida; Glaucophyta; Glaucocystophyceae	Glaucocystophyceae	58.2	0
0	HJHEFEJI_06439	class	Alveolata; Ciliophora; Ciliophora_X; Ciliophora_XX	Ciliophora_XX	394.8	0
0	HJHEFEJI_06444	division	Alveolata; Dinoflagellata; Dinophyceae	Dinophyceae	89.4	0
0	HJHEFEJI_06445	order	Stramenopiles; Sagenista; Labyrinthulomycetes; Thraustochytriales; Thraustochytriaceae	Thraustochytriaceae	413.7	0
0	HJHEFEJI_06448	division	Archaeplastida; Chlorophyta; Palmophyllophyceae	Palmophyllophyceae	123.6	0
0	HJHEFEJI_06449	class	Stramenopiles; Ochrophyta; Bacillariophyta; Bacillariophyta_X	Bacillariophyta_X	482.3	0
0	HJHEFEJI_06451	class	Stramenopiles; Ochrophyta; Chrysophyceae; Chrysophyceae_X	Chrysophyceae_X	175.3	0
0	HJHEFEJI_06454	class	Stramenopiles; Stramenopiles_X; Stramenopiles_XX; Stramenopiles_XXX	Stramenopiles_XXX	68.2	0
0	HJHEFEJI_06462	class	Stramenopiles; Ochrophyta; Bacillariophyta; Bacillariophyta_X	Bacillariophyta_X	251.5	0
0	HJHEFEJI_06463	order	Opisthokonta; Fungi; Ascomycota; Saccharomycotina; Saccharomycetales	Saccharomycetales	553.5	0
0	HJHEFEJI_06467	division	Stramenopiles; Ochrophyta; Raphidophyceae	Raphidophyceae	104.4	0
0	HJHEFEJI_06469	class	Excavata; Discoba; Euglenozoa; Euglenida	Euglenida	177.2	0
0	HJHEFEJI_06470	division	Alveolata; Dinoflagellata; Dinophyceae	Dinophyceae	146.0	0
0	HJHEFEJI_06471	division	Archaeplastida; Rhodophyta; Stylonematophyceae	Stylonematophyceae	74.7	0
0	HJHEFEJI_06479	class	Archaeplastida; Chlorophyta; Chlorodendrophyceae; Chlorodendrales	Chlorodendrales	212.2	0
0	HJHEFEJI_06480	class	Hacrobia; Cryptophyta; Cryptophyceae; Cryptophyceae_XXX	Cryptophyceae_XXX	72.4	0
0	HJHEFEJI_06481	class	Stramenopiles; Ochrophyta; Dictyochophyceae; Dictyochophyceae_X	Dictyochophyceae_X	68.6	0
0	HJHEFEJI_06483	class	Alveolata; Apicomplexa; Colpodellidea; Vitrelladida	Vitrelladida	129.8	0
0	HJHEFEJI_06485	class	Hacrobia; Haptophyta; Prymnesiophyceae; Phaeocystales	Phaeocystales	92.8	0
0	HJHEFEJI_06486	division	Stramenopiles; Ochrophyta; Bacillariophyta	Bacillariophyta	65.5	0
0	HJHEFEJI_06489	class	Stramenopiles; Ochrophyta; Raphidophyceae; Raphidophyceae_X	Raphidophyceae_X	327.0	0
0	HJHEFEJI_06492	class	Stramenopiles; Ochrophyta; Bacillariophyta; Bacillariophyta_X	Bacillariophyta_X	326.6	0
0	HJHEFEJI_06497	class	Hacrobia; Cryptophyta; Cryptophyceae; Cryptomonadales	Cryptomonadales	62.8	0
0	HJHEFEJI_06498	class	Alveolata; Ciliophora; Spirotrichea; Tintinnida	Tintinnida	298.5	0
0	HJHEFEJI_06499	class	Hacrobia; Haptophyta; Pavlovophyceae; Pavlovales	Pavlovales	79.0	0
0	HJHEFEJI_06500	order	Stramenopiles; Ochrophyta; Dictyochophyceae; Dictyochophyceae_X; Pedinellales	Pedinellales	88.6	0
0	HJHEFEJI_06501	class	Alveolata; Dinoflagellata; Syndiniales; Dino-Group-II	Dino-Group-II	345.1	0
0	HJHEFEJI_06505	class	Archaeplastida; Chlorophyta; Mamiellophyceae; Dolichomastigales	Dolichomastigales	70.1	0
0	HJHEFEJI_06506	class	Alveolata; Dinoflagellata; Dinophyceae; Peridiniales	Peridiniales	315.1	0
0	HJHEFEJI_06507	family	Stramenopiles; Ochrophyta; Bacillariophyta; Bacillariophyta_X; Polar-centric-Mediophyceae; Thalassiosira	Thalassiosira	322.8	0
0	HJHEFEJI_06510	class	Archaeplastida; Chlorophyta; Chlorodendrophyceae; Chlorodendrales	Chlorodendrales	142.1	0
0	HJHEFEJI_06511	class	Stramenopiles; Ochrophyta; Bacillariophyta; Bacillariophyta_X	Bacillariophyta_X	101.7	0
0	HJHEFEJI_06513	class	Archaeplastida; Chlorophyta; Prasino-Clade-V; Pseudoscourfieldiales	Pseudoscourfieldiales	60.1	0
0	HJHEFEJI_06514	class	Alveolata; Dinoflagellata; Dinophyceae; Gonyaulacales	Gonyaulacales	77.4	0
0	HJHEFEJI_06522	division	Stramenopiles; Ochrophyta; Bacillariophyta	Bacillariophyta	67.0	0
0	HJHEFEJI_06528	family	Stramenopiles; Ochrophyta; Bacillariophyta; Bacillariophyta_X; Polar-centric-Mediophyceae; Thalassiosira	Thalassiosira	203.8	0
0	HJHEFEJI_06529	class	Stramenopiles; Ochrophyta; Bacillariophyta; Bacillariophyta_X	Bacillariophyta_X	242.7	0
0	HJHEFEJI_06533	order	Stramenopiles; Ochrophyta; Bacillariophyta; Bacillariophyta_X; Polar-centric-Mediophyceae	Polar-centric-Mediophyceae	401.4	0
0	HJHEFEJI_06538	class	Archaeplastida; Chlorophyta; Chlorophyta_X; Chlorophyta_XX	Chlorophyta_XX	454.5	0
0	HJHEFEJI_06539	class	Stramenopiles; Ochrophyta; Bacillariophyta; Bacillariophyta_X	Bacillariophyta_X	235.7	0
0	HJHEFEJI_06541	class	Hacrobia; Cryptophyta; Cryptophyceae; Goniomonadales	Goniomonadales	58.9	0
0	HJHEFEJI_06543	class	Rhizaria; Cercozoa; Chlorarachniophyceae; Chlorarachnida	Chlorarachnida	84.7	0
0	HJHEFEJI_06545	class	Amoebozoa; Lobosa; Discosea-Flabellinia; Dactylopodida	Dactylopodida	198.4	0
0	HJHEFEJI_06553	class	Amoebozoa; Conosa; Variosea; Variosea_X	Variosea_X	246.1	0
0	HJHEFEJI_06556	class	Archaeplastida; Chlorophyta; Chlorophyceae; Chlamydomonadales	Chlamydomonadales	320.5	0
0	HJHEFEJI_06557	class	Excavata; Discoba; Euglenozoa; Kinetoplastida	Kinetoplastida	287.3	0
0	HJHEFEJI_06558	class	Archaeplastida; Rhodophyta; Porphyridiophyceae; Porphyridiales	Porphyridiales	441.8	0
0	HJHEFEJI_06561	class	Archaeplastida; Chlorophyta; Chlorodendrophyceae; Chlorodendrales	Chlorodendrales	75.1	0
0	HJHEFEJI_06563	order	Stramenopiles; Ochrophyta; Bacillariophyta; Bacillariophyta_X; Polar-centric-Mediophyceae	Polar-centric-Mediophyceae	177.2	0
0	HJHEFEJI_06564	class	Hacrobia; Cryptophyta; Cryptophyceae; Cryptomonadales	Cryptomonadales	73.6	0
0	HJHEFEJI_06566	class	Archaeplastida; Chlorophyta; Chlorophyceae; Chlamydomonadales	Chlamydomonadales	176.4	0
0	HJHEFEJI_06573	class	Hacrobia; Hacrobia_X; Hacrobia_XX; Hacrobia_XXX	Hacrobia_XXX	229.6	0
0	HJHEFEJI_06575	class	Archaeplastida; Chlorophyta; Mamiellophyceae; Mamiellales	Mamiellales	94.4	0
0	HJHEFEJI_06576	order	Alveolata; Ciliophora; Ciliophora_X; Ciliophora_XX; Ciliophora_XXX	Ciliophora_XXX	305.8	0
0	HJHEFEJI_06577	order	Amoebozoa; Lobosa; Lobosa_X; Trichosida; Trichosidae	Trichosidae	135.6	0
0	HJHEFEJI_06579	class	Hacrobia; Cryptophyta; Cryptophyceae; Goniomonadales	Goniomonadales	135.2	0
0	HJHEFEJI_06584	class	Stramenopiles; Ochrophyta; Bacillariophyta; Bacillariophyta_X	Bacillariophyta_X	128.3	0
0	HJHEFEJI_06585	class	Stramenopiles; Ochrophyta; Bacillariophyta; Bacillariophyta_X	Bacillariophyta_X	111.3	0
0	HJHEFEJI_06587	class	Amoebozoa; Lobosa; Lobosa_X; Trichosida	Trichosida	73.9	0
0	HJHEFEJI_06591	class	Stramenopiles; Ochrophyta; Bacillariophyta; Bacillariophyta_X	Bacillariophyta_X	79.3	0
0	HJHEFEJI_06598	class	Alveolata; Dinoflagellata; Dinophyceae; Gymnodiniales	Gymnodiniales	251.5	0
0	HJHEFEJI_06599	order	Stramenopiles; Ochrophyta; Bacillariophyta; Bacillariophyta_X; Araphid-pennate	Araphid-pennate	407.1	0
0	HJHEFEJI_06606	division	Stramenopiles; Ochrophyta; Bacillariophyta	Bacillariophyta	74.3	0
0	HJHEFEJI_06614	class	Archaeplastida; Chlorophyta; Nephroselmidophyceae; Nephroselmidales	Nephroselmidales	122.1	0
0	HJHEFEJI_06616	order	Stramenopiles; Ochrophyta; Bacillariophyta; Bacillariophyta_X; Araphid-pennate	Araphid-pennate	131.0	0
0	HJHEFEJI_06617	order	Stramenopiles; Ochrophyta; Bacillariophyta; Bacillariophyta_X; Polar-centric-Mediophyceae	Polar-centric-Mediophyceae	164.5	0
0	HJHEFEJI_06618	class	Stramenopiles; Ochrophyta; Bacillariophyta; Bacillariophyta_X	Bacillariophyta_X	262.7	0
0	HJHEFEJI_06620	class	Stramenopiles; Ochrophyta; Bacillariophyta; Bacillariophyta_X	Bacillariophyta_X	199.5	0
0	HJHEFEJI_06622	class	Archaeplastida; Chlorophyta; Chlorodendrophyceae; Chlorodendrales	Chlorodendrales	132.5	0
0	HJHEFEJI_06623	class	Rhizaria; Cercozoa; Chlorarachniophyceae; Chlorarachnida	Chlorarachnida	193.0	0
0	HJHEFEJI_06625	division	Stramenopiles; Opalozoa; Bicoecea	Bicoecea	78.6	0
0	HJHEFEJI_06628	class	Stramenopiles; Ochrophyta; Raphidophyceae; Raphidophyceae_X	Raphidophyceae_X	117.1	0
0	HJHEFEJI_06630	division	Stramenopiles; Ochrophyta; Bacillariophyta	Bacillariophyta	106.3	0
0	HJHEFEJI_06631				290.4	1
0	HJHEFEJI_06632	class	Stramenopiles; Sagenista; Labyrinthulomycetes; Thraustochytriales	Thraustochytriales	449.5	0
0	HJHEFEJI_06633	class	Stramenopiles; Ochrophyta; Bacillariophyta; Bacillariophyta_X	Bacillariophyta_X	158.7	0
0	HJHEFEJI_06638	class	Stramenopiles; Ochrophyta; Bacillariophyta; Bacillariophyta_X	Bacillariophyta_X	149.4	0
0	HJHEFEJI_06639	class	Archaeplastida; Chlorophyta; Nephroselmidophyceae; Nephroselmidales	Nephroselmidales	245.0	0
0	HJHEFEJI_06640	class	Alveolata; Ciliophora; Ciliophora_X; Ciliophora_XX	Ciliophora_XX	144.4	0
0	HJHEFEJI_06643	class	Archaeplastida; Chlorophyta; Chloropicophyceae; Chloropicales	Chloropicales	180.3	0
0	HJHEFEJI_06647	class	Amoebozoa; Conosa; Variosea; Variosea_X	Variosea_X	59.7	0
0	HJHEFEJI_06654	order	Stramenopiles; Ochrophyta; Bacillariophyta; Bacillariophyta_X; Radial-centric-basal-Coscinodiscophyceae	Radial-centric-basal-Coscinodiscophyceae	153.3	0
0	HJHEFEJI_06656	division	Stramenopiles; Ochrophyta; Bacillariophyta	Bacillariophyta	204.1	0
0	HJHEFEJI_06663	order	Archaeplastida; Glaucophyta; Glaucocystophyceae; Glaucocystophytes; Cyanoptycaceae	Cyanoptycaceae	123.6	0
0	HJHEFEJI_06669	class	Stramenopiles; Ochrophyta; Bacillariophyta; Bacillariophyta_X	Bacillariophyta_X	95.5	0
0	HJHEFEJI_06670	family	Archaeplastida; Chlorophyta; Mamiellophyceae; Dolichomastigales; Dolichomastigaceae; Dolichomastix	Dolichomastix	113.2	0
0	HJHEFEJI_06672	class	Amoebozoa; Lobosa; Lobosa_X; Stygamoebida	Stygamoebida	135.2	0
0	HJHEFEJI_06674	class	Archaeplastida; Chlorophyta; Chlorodendrophyceae; Chlorodendrales	Chlorodendrales	170.2	0
0	HJHEFEJI_06677	order	Amoebozoa; Lobosa; Lobosa_X; Stygamoebida; Stygamoebida_X	Stygamoebida_X	167.9	0
0	HJHEFEJI_06689	order	Amoebozoa; Lobosa; Discosea-Flabellinia; Vannellida; Vannellidae	Vannellidae	271.9	0
0	HJHEFEJI_06690	class	Archaeplastida; Glaucophyta; Glaucocystophyceae; Glaucocystophytes	Glaucocystophytes	137.5	0
0	HJHEFEJI_06695	class	Stramenopiles; Ochrophyta; Bacillariophyta; Bacillariophyta_X	Bacillariophyta_X	87.8	0
0	HJHEFEJI_06697	class	Alveolata; Dinoflagellata; Dinophyceae; Peridiniales	Peridiniales	169.1	0
0	HJHEFEJI_06703	family	Archaeplastida; Chlorophyta; Nephroselmidophyceae; Nephroselmidales; Nephroselmidales_X; Nephroselmis	Nephroselmis	101.3	0
0	HJHEFEJI_06709	class	Archaeplastida; Chlorophyta; Chlorophyceae; Chlamydomonadales	Chlamydomonadales	158.3	0
0	HJHEFEJI_06717	class	Hacrobia; Cryptophyta; Cryptophyceae; Cryptomonadales	Cryptomonadales	241.5	0
0	HJHEFEJI_06718	class	Archaeplastida; Glaucophyta; Glaucocystophyceae; Glaucocystophytes	Glaucocystophytes	466.5	0
0	HJHEFEJI_06719	class	Archaeplastida; Rhodophyta; Stylonematophyceae; Porphyridiales-2	Porphyridiales-2	114.4	0
0	HJHEFEJI_06721				155.2	1
0	HJHEFEJI_06725	order	Stramenopiles; Ochrophyta; Bacillariophyta; Bacillariophyta_X; Polar-centric-Mediophyceae	Polar-centric-Mediophyceae	65.5	0
0	HJHEFEJI_06733	order	Archaeplastida; Chlorophyta; Picocystophyceae; Picocystales; Picocystaceae	Picocystaceae	164.5	0
0	HJHEFEJI_06736	class	Stramenopiles; Ochrophyta; Bacillariophyta; Bacillariophyta_X	Bacillariophyta_X	478.4	0
0	HJHEFEJI_06738	order	Stramenopiles; Ochrophyta; Dictyochophyceae; Dictyochophyceae_X; Pedinellales	Pedinellales	117.9	0
0	HJHEFEJI_06740	class	Stramenopiles; Ochrophyta; Pelagophyceae; Pelagomonadales	Pelagomonadales	117.1	0
0	HJHEFEJI_06741	order	Stramenopiles; Ochrophyta; Raphidophyceae; Raphidophyceae_X; Raphidophyceae_XX	Raphidophyceae_XX	212.6	0
0	HJHEFEJI_06742	class	Stramenopiles; Ochrophyta; Bacillariophyta; Bacillariophyta_X	Bacillariophyta_X	100.9	0
0	HJHEFEJI_06743	class	Stramenopiles; Ochrophyta; Bacillariophyta; Bacillariophyta_X	Bacillariophyta_X	220.3	0
0	HJHEFEJI_06752	class	Stramenopiles; Ochrophyta; Raphidophyceae; Raphidophyceae_X	Raphidophyceae_X	160.2	0
0	HJHEFEJI_06753	class	Hacrobia; Cryptophyta; Cryptophyceae; Goniomonadales	Goniomonadales	101.3	0
0	HJHEFEJI_06754	class	Archaeplastida; Chlorophyta; Picocystophyceae; Picocystales	Picocystales	123.6	0
0	HJHEFEJI_06759	class	Stramenopiles; Ochrophyta; Bacillariophyta; Bacillariophyta_X	Bacillariophyta_X	163.7	0
0	HJHEFEJI_06761	class	Stramenopiles; Ochrophyta; Chrysophyceae; Chrysophyceae_X	Chrysophyceae_X	196.8	0
0	HJHEFEJI_06762	class	Stramenopiles; Ochrophyta; Bacillariophyta; Bacillariophyta_X	Bacillariophyta_X	68.9	0
0	HJHEFEJI_06769	class	Hacrobia; Haptophyta; Prymnesiophyceae; Prymnesiales	Prymnesiales	273.1	0
0	HJHEFEJI_06772	order	Stramenopiles; Ochrophyta; Bacillariophyta; Bacillariophyta_X; Polar-centric-Mediophyceae	Polar-centric-Mediophyceae	131.0	0
0	HJHEFEJI_06780	division	Amoebozoa; Conosa; Variosea	Variosea	133.7	0
0	HJHEFEJI_06781	class	Alveolata; Ciliophora; Ciliophora_X; Ciliophora_XX	Ciliophora_XX	149.1	0
0	HJHEFEJI_06782	class	Stramenopiles; Ochrophyta; Bacillariophyta; Bacillariophyta_X	Bacillariophyta_X	131.0	0
0	HJHEFEJI_06783	class	Stramenopiles; Ochrophyta; Bacillariophyta; Bacillariophyta_X	Bacillariophyta_X	331.3	0
0	HJHEFEJI_06785	class	Stramenopiles; Ochrophyta; Raphidophyceae; Raphidophyceae_X	Raphidophyceae_X	161.8	0
0	HJHEFEJI_06786	order	Stramenopiles; Ochrophyta; Bacillariophyta; Bacillariophyta_X; Polar-centric-Mediophyceae	Polar-centric-Mediophyceae	156.0	0
0	HJHEFEJI_06791	class	Stramenopiles; Ochrophyta; Bacillariophyta; Bacillariophyta_X	Bacillariophyta_X	57.0	0
0	HJHEFEJI_06793	division	Stramenopiles; Ochrophyta; Bacillariophyta	Bacillariophyta	125.6	0
0	HJHEFEJI_06794	class	Stramenopiles; Ochrophyta; Bacillariophyta; Bacillariophyta_X	Bacillariophyta_X	80.1	0
0	HJHEFEJI_06795	class	Archaeplastida; Chlorophyta; Nephroselmidophyceae; Nephroselmidales	Nephroselmidales	82.4	0
0	HJHEFEJI_06796	class	Stramenopiles; Ochrophyta; Dictyochophyceae; Dictyochophyceae_X	Dictyochophyceae_X	231.1	0
0	HJHEFEJI_06797	division	Amoebozoa; Lobosa; Lobosa_X	Lobosa_X	115.5	0
0	HJHEFEJI_06798	class	Archaeplastida; Rhodophyta; Stylonematophyceae; Porphyridiales-2	Porphyridiales-2	156.0	0
0	HJHEFEJI_06799	class	Archaeplastida; Chlorophyta; Picocystophyceae; Picocystales	Picocystales	214.5	0
0	HJHEFEJI_06800	class	Stramenopiles; Ochrophyta; Bacillariophyta; Bacillariophyta_X	Bacillariophyta_X	335.5	0
0	HJHEFEJI_06801	order	Amoebozoa; Lobosa; Lobosa_X; Stygamoebida; Stygamoebida_X	Stygamoebida_X	174.5	0
0	HJHEFEJI_06802	division	Stramenopiles; Ochrophyta; Bacillariophyta	Bacillariophyta	74.3	0
0	HJHEFEJI_06806	order	Alveolata; Dinoflagellata; Dinophyceae; Gonyaulacales; Goniodomataceae	Goniodomataceae	300.4	0
0	HJHEFEJI_06809	division	Rhizaria; Cercozoa; Chlorarachniophyceae	Chlorarachniophyceae	160.2	0
0	HJHEFEJI_06810	class	Alveolata; Ciliophora; Ciliophora_X; Ciliophora_XX	Ciliophora_XX	60.8	0
0	HJHEFEJI_06811	class	Archaeplastida; Chlorophyta; Mamiellophyceae; Dolichomastigales	Dolichomastigales	67.4	0
0	HJHEFEJI_06812	division	Stramenopiles; Ochrophyta; Bacillariophyta	Bacillariophyta	67.8	0
0	HJHEFEJI_06814	class	Rhizaria; Cercozoa; Chlorarachniophyceae; Chlorarachnida	Chlorarachnida	179.9	0
0	HJHEFEJI_06815	class	Hacrobia; Cryptophyta; Cryptophyceae; Cryptophyceae_XXX	Cryptophyceae_XXX	76.6	0
0	HJHEFEJI_06819	division	Stramenopiles; Ochrophyta; Raphidophyceae	Raphidophyceae	97.4	0
0	HJHEFEJI_06820	class	Archaeplastida; Glaucophyta; Glaucocystophyceae; Glaucocystophytes	Glaucocystophytes	276.6	0
0	HJHEFEJI_06821	class	Alveolata; Dinoflagellata; Dinophyceae; Gonyaulacales	Gonyaulacales	203.0	0
0	HJHEFEJI_06822	class	Archaeplastida; Chlorophyta; Trebouxiophyceae; Prasiolales	Prasiolales	195.7	0
0	HJHEFEJI_06825	family	Archaeplastida; Chlorophyta; Trebouxiophyceae; Prasiolales; Prasiolales_X; Stichococcus	Stichococcus	97.8	0
0	HJHEFEJI_06826	order	Stramenopiles; Ochrophyta; Bacillariophyta; Bacillariophyta_X; Polar-centric-Mediophyceae	Polar-centric-Mediophyceae	223.8	0
0	HJHEFEJI_06827	class	Stramenopiles; Ochrophyta; Bacillariophyta; Bacillariophyta_X	Bacillariophyta_X	506.9	0
0	HJHEFEJI_06830	class	Stramenopiles; Ochrophyta; Dictyochophyceae; Dictyochophyceae_X	Dictyochophyceae_X	141.4	0
0	HJHEFEJI_06836	class	Hacrobia; Haptophyta; Pavlovophyceae; Pavlovales	Pavlovales	80.9	0
0	HJHEFEJI_06840	class	Stramenopiles; Ochrophyta; Bacillariophyta; Bacillariophyta_X	Bacillariophyta_X	249.2	0
0	HJHEFEJI_06842	division	Stramenopiles; Ochrophyta; Pelagophyceae	Pelagophyceae	83.6	0
0	HJHEFEJI_06851	division	Alveolata; Dinoflagellata; Dinophyceae	Dinophyceae	78.2	0
0	HJHEFEJI_06852	class	Stramenopiles; Ochrophyta; Bacillariophyta; Bacillariophyta_X	Bacillariophyta_X	117.1	0
0	HJHEFEJI_06859	class	Stramenopiles; Ochrophyta; Bacillariophyta; Bacillariophyta_X	Bacillariophyta_X	259.6	0
0	HJHEFEJI_06860				141.4	1
0	HJHEFEJI_06861	class	Stramenopiles; Ochrophyta; Bacillariophyta; Bacillariophyta_X	Bacillariophyta_X	281.2	0
0	HJHEFEJI_06863	division	Alveolata; Dinoflagellata; Dinophyceae	Dinophyceae	65.9	0
0	HJHEFEJI_06864	class	Stramenopiles; Ochrophyta; Raphidophyceae; Raphidophyceae_X	Raphidophyceae_X	375.6	0
0	HJHEFEJI_06869	order	Archaeplastida; Chlorophyta; Mamiellophyceae; Dolichomastigales; Dolichomastigaceae	Dolichomastigaceae	55.1	0
0	HJHEFEJI_06873	class	Stramenopiles; Ochrophyta; Raphidophyceae; Raphidophyceae_X	Raphidophyceae_X	64.3	0
0	HJHEFEJI_06879	order	Alveolata; Ciliophora; Ciliophora_X; Ciliophora_XX; Ciliophora_XXX	Ciliophora_XXX	138.3	0
0	HJHEFEJI_06883	order	Stramenopiles; Opalozoa; Bicoecea; Anoecales; Cafeteriaceae	Cafeteriaceae	78.2	0
0	HJHEFEJI_06885	division	Archaeplastida; Chlorophyta; Trebouxiophyceae	Trebouxiophyceae	96.3	0
0	HJHEFEJI_06886	class	Archaeplastida; Chlorophyta; Mamiellophyceae; Dolichomastigales	Dolichomastigales	197.2	0
0	HJHEFEJI_06888	family	Archaeplastida; Chlorophyta; Trebouxiophyceae; Prasiolales; Prasiolales_X; Stichococcus	Stichococcus	154.8	0
0	HJHEFEJI_06890	division	Stramenopiles; Ochrophyta; Raphidophyceae	Raphidophyceae	90.1	0
0	HJHEFEJI_06896	class	Stramenopiles; Ochrophyta; Bacillariophyta; Bacillariophyta_X	Bacillariophyta_X	117.1	0
0	HJHEFEJI_06901	class	Alveolata; Apicomplexa; Colpodellidea; Vitrelladida	Vitrelladida	361.7	0
0	HJHEFEJI_06902	class	Stramenopiles; Ochrophyta; Bacillariophyta; Bacillariophyta_X	Bacillariophyta_X	313.2	0
0	HJHEFEJI_06904	class	Stramenopiles; Ochrophyta; Bacillariophyta; Bacillariophyta_X	Bacillariophyta_X	93.2	0
0	HJHEFEJI_06908	family	Archaeplastida; Chlorophyta; Pyramimonadales; Pyramimonadales_X; Pyramimonadales_XX; Pyramimonas	Pyramimonas	244.2	0
0	HJHEFEJI_06914	class	Stramenopiles; Ochrophyta; Bacillariophyta; Bacillariophyta_X	Bacillariophyta_X	84.3	0
0	HJHEFEJI_06915	division	Stramenopiles; Ochrophyta; Dictyochophyceae	Dictyochophyceae	131.7	0
0	HJHEFEJI_06917	class	Stramenopiles; Ochrophyta; Bacillariophyta; Bacillariophyta_X	Bacillariophyta_X	159.1	0
0	HJHEFEJI_06918	class	Archaeplastida; Chlorophyta; Trebouxiophyceae; Chlorellales	Chlorellales	187.2	0
0	HJHEFEJI_06929	class	Stramenopiles; Ochrophyta; Bacillariophyta; Bacillariophyta_X	Bacillariophyta_X	123.2	0
0	HJHEFEJI_06930	class	Stramenopiles; Ochrophyta; Bacillariophyta; Bacillariophyta_X	Bacillariophyta_X	173.3	0
0	HJHEFEJI_06931	class	Hacrobia; Haptophyta; Prymnesiophyceae; Prymnesiales	Prymnesiales	144.8	0
0	HJHEFEJI_06932	class	Stramenopiles; Ochrophyta; Bacillariophyta; Bacillariophyta_X	Bacillariophyta_X	734.6	0
0	HJHEFEJI_06933	class	Stramenopiles; Ochrophyta; Bacillariophyta; Bacillariophyta_X	Bacillariophyta_X	104.0	0
0	HJHEFEJI_06937	class	Stramenopiles; Ochrophyta; Bacillariophyta; Bacillariophyta_X	Bacillariophyta_X	469.2	0
0	HJHEFEJI_06943	order	Stramenopiles; Ochrophyta; Bacillariophyta; Bacillariophyta_X; Polar-centric-Mediophyceae	Polar-centric-Mediophyceae	72.8	0
0	HJHEFEJI_06944	order	Stramenopiles; Ochrophyta; Bacillariophyta; Bacillariophyta_X; Araphid-pennate	Araphid-pennate	284.3	0
0	HJHEFEJI_06945	class	Stramenopiles; Ochrophyta; Dictyochophyceae; Dictyochophyceae_X	Dictyochophyceae_X	306.6	0
0	HJHEFEJI_06947	class	Stramenopiles; Ochrophyta; Pelagophyceae; Pelagomonadales	Pelagomonadales	67.4	0
0	HJHEFEJI_06953	class	Archaeplastida; Chlorophyta; Chlorophyceae; Chlamydomonadales	Chlamydomonadales	228.8	0
0	HJHEFEJI_06957	class	Alveolata; Ciliophora; Heterotrichea; Heterotrichea_X	Heterotrichea_X	148.7	0
0	HJHEFEJI_06967	class	Opisthokonta; Choanoflagellida; Choanoflagellatea; Acanthoecida	Acanthoecida	106.3	0
0	HJHEFEJI_06968	order	Archaeplastida; Chlorophyta; Trebouxiophyceae; Chlorellales; Chlorellales_X	Chlorellales_X	151.8	0
0	HJHEFEJI_06969	class	Archaeplastida; Glaucophyta; Glaucocystophyceae; Glaucocystophytes	Glaucocystophytes	162.2	0
0	HJHEFEJI_06970	division	Stramenopiles; Ochrophyta; Raphidophyceae	Raphidophyceae	89.4	0
0	HJHEFEJI_06972	order	Hacrobia; Haptophyta; Prymnesiophyceae; Phaeocystales; Phaeocystaceae	Phaeocystaceae	60.5	0
0	HJHEFEJI_06976	class	Archaeplastida; Rhodophyta; Rhodellophyceae; Rhodellales	Rhodellales	222.6	0
0	HJHEFEJI_06977	order	Archaeplastida; Chlorophyta; Mamiellophyceae; Dolichomastigales; Dolichomastigaceae	Dolichomastigaceae	968.0	0
0	HJHEFEJI_06982	genus	Archaeplastida; Chlorophyta; Pyramimonadales; Pyramimonadales_X; Pyramimonadales_XX; Pyramimonas; Pyramimonas amylifera	Pyramimonas amylifera	194.9	0
0	HJHEFEJI_06988	division	Archaeplastida; Chlorophyta	Chlorophyta	76.3	1
0	HJHEFEJI_06993	class	Archaeplastida; Chlorophyta; Chloropicophyceae; Chloropicales	Chloropicales	166.8	0
0	HJHEFEJI_06994	class	Hacrobia; Cryptophyta; Cryptophyceae; Goniomonadales	Goniomonadales	105.5	0
0	HJHEFEJI_06997	class	Archaeplastida; Chlorophyta; Chloropicophyceae; Chloropicales	Chloropicales	203.8	0
0	HJHEFEJI_06998	class	Stramenopiles; Ochrophyta; Bacillariophyta; Bacillariophyta_X	Bacillariophyta_X	230.7	0
0	HJHEFEJI_06999	class	Archaeplastida; Chlorophyta; Chlorodendrophyceae; Chlorodendrales	Chlorodendrales	130.6	0
0	HJHEFEJI_07000	division	Hacrobia; Haptophyta; Prymnesiophyceae	Prymnesiophyceae	65.1	0
0	HJHEFEJI_07001	division	Rhizaria; Cercozoa; Chlorarachniophyceae	Chlorarachniophyceae	58.2	0
0	HJHEFEJI_07005	order	Amoebozoa; Lobosa; Lobosa_X; Trichosida; Trichosidae	Trichosidae	115.9	0
0	HJHEFEJI_07008	order	Stramenopiles; Ochrophyta; Bacillariophyta; Bacillariophyta_X; Polar-centric-Mediophyceae	Polar-centric-Mediophyceae	172.6	0
0	HJHEFEJI_07010	class	Archaeplastida; Chlorophyta; Chlorophyceae; Chlamydomonadales	Chlamydomonadales	97.4	0
0	HJHEFEJI_07012	order	Stramenopiles; Ochrophyta; Bacillariophyta; Bacillariophyta_X; Raphid-pennate	Raphid-pennate	191.4	0
0	HJHEFEJI_07022	class	Stramenopiles; Sagenista; Labyrinthulomycetes; Thraustochytriales	Thraustochytriales	96.7	0
0	HJHEFEJI_07023	class	Archaeplastida; Chlorophyta; Chlorophyceae; Chlamydomonadales	Chlamydomonadales	92.0	0
0	HJHEFEJI_07024	division	Archaeplastida; Rhodophyta; Porphyridiophyceae	Porphyridiophyceae	111.3	0
0	HJHEFEJI_07027	division	Archaeplastida; Chlorophyta; Pyramimonadales	Pyramimonadales	123.2	0
0	HJHEFEJI_07034	division	Hacrobia; Haptophyta; Prymnesiophyceae	Prymnesiophyceae	73.9	0
0	HJHEFEJI_07035	order	Stramenopiles; Ochrophyta; Bacillariophyta; Bacillariophyta_X; Polar-centric-Mediophyceae	Polar-centric-Mediophyceae	92.8	0
0	HJHEFEJI_07036	class	Stramenopiles; Ochrophyta; Bacillariophyta; Bacillariophyta_X	Bacillariophyta_X	317.0	0
0	HJHEFEJI_07037	class	Archaeplastida; Chlorophyta; Pyramimonadales; Pyramimonadales_X	Pyramimonadales_X	74.3	0
0	HJHEFEJI_07042	order	Archaeplastida; Glaucophyta; Glaucocystophyceae; Glaucocystophytes; Glaucocystophytes_X	Glaucocystophytes_X	475.3	0
0	HJHEFEJI_07043	class	Alveolata; Ciliophora; Ciliophora_X; Ciliophora_XX	Ciliophora_XX	63.5	0
0	HJHEFEJI_07044	class	Archaeplastida; Chlorophyta; Mamiellophyceae; Mamiellales	Mamiellales	87.0	0
0	HJHEFEJI_07045	class	Archaeplastida; Rhodophyta; Compsopogonophyceae; Compsopogonales	Compsopogonales	107.8	0
0	HJHEFEJI_07047	order	Archaeplastida; Chlorophyta; Palmophyllophyceae; Prasinococcales; Prasinococcales-Clade-A	Prasinococcales-Clade-A	95.1	0
0	HJHEFEJI_07049	class	Alveolata; Dinoflagellata; Dinophyceae; Peridiniales	Peridiniales	235.3	0
0	HJHEFEJI_07051	division	Archaeplastida; Chlorophyta; Chloropicophyceae	Chloropicophyceae	67.8	0
0	HJHEFEJI_07052	class	Alveolata; Ciliophora; Ciliophora_X; Ciliophora_XX	Ciliophora_XX	125.9	0
0	HJHEFEJI_07055	class	Stramenopiles; Ochrophyta; Bacillariophyta; Bacillariophyta_X	Bacillariophyta_X	105.5	0
0	HJHEFEJI_07057	division	Alveolata; Ciliophora; Spirotrichea	Spirotrichea	90.5	0
0	HJHEFEJI_07071	class	Stramenopiles; Ochrophyta; Bacillariophyta; Bacillariophyta_X	Bacillariophyta_X	70.1	0
0	HJHEFEJI_07073	class	Alveolata; Dinoflagellata; Dinophyceae; Gonyaulacales	Gonyaulacales	58.2	0
0	HJHEFEJI_07077	order	Stramenopiles; Ochrophyta; Bacillariophyta; Bacillariophyta_X; Polar-centric-Mediophyceae	Polar-centric-Mediophyceae	137.1	0
0	HJHEFEJI_07080	order	Alveolata; Dinoflagellata; Oxyrrhea; Oxyrrhinales; Oxyrrhinaceae	Oxyrrhinaceae	90.5	0
0	HJHEFEJI_07087	class	Archaeplastida; Glaucophyta; Glaucocystophyceae; Glaucocystophytes	Glaucocystophytes	149.4	0
0	HJHEFEJI_07089	division	Stramenopiles; Stramenopiles_X; Stramenopiles_XX	Stramenopiles_XX	86.3	0
0	HJHEFEJI_07091	class	Stramenopiles; Ochrophyta; Pelagophyceae; Pelagomonadales	Pelagomonadales	112.8	0
0	HJHEFEJI_07095	division	Alveolata; Dinoflagellata; Dinophyceae	Dinophyceae	60.5	0
0	HJHEFEJI_07100	class	Hacrobia; Cryptophyta; Cryptophyceae; Goniomonadales	Goniomonadales	411.4	0
0	HJHEFEJI_07101	class	Archaeplastida; Rhodophyta; Stylonematophyceae; Porphyridiales-2	Porphyridiales-2	146.4	0
0	HJHEFEJI_07104	class	Alveolata; Ciliophora; Heterotrichea; Heterotrichea_X	Heterotrichea_X	70.9	0
0	HJHEFEJI_07106	class	Stramenopiles; Ochrophyta; Raphidophyceae; Raphidophyceae_X	Raphidophyceae_X	58.5	0
0	HJHEFEJI_07107				249.6	1
0	HJHEFEJI_07112	class	Amoebozoa; Conosa; Variosea; Variosea_X	Variosea_X	91.3	0
0	HJHEFEJI_07124	class	Amoebozoa; Lobosa; Discosea-Flabellinia; Dactylopodida	Dactylopodida	380.6	0
0	HJHEFEJI_07127	class	Alveolata; Ciliophora; Spirotrichea; Choreotrichida	Choreotrichida	282.0	0
0	HJHEFEJI_07129	class	Stramenopiles; Ochrophyta; Raphidophyceae; Raphidophyceae_X	Raphidophyceae_X	85.1	0
0	HJHEFEJI_07132	class	Stramenopiles; Ochrophyta; Dictyochophyceae; Dictyochophyceae_X	Dictyochophyceae_X	181.8	0
0	HJHEFEJI_07133	class	Stramenopiles; Ochrophyta; Dictyochophyceae; Dictyochophyceae_X	Dictyochophyceae_X	60.1	0
0	HJHEFEJI_07134	class	Alveolata; Ciliophora; Ciliophora_X; Ciliophora_XX	Ciliophora_XX	344.0	0
0	HJHEFEJI_07135	class	Stramenopiles; Ochrophyta; Bacillariophyta; Bacillariophyta_X	Bacillariophyta_X	96.7	0
0	HJHEFEJI_07139	class	Alveolata; Ciliophora; Ciliophora_X; Ciliophora_XX	Ciliophora_XX	256.1	0
0	HJHEFEJI_07140	class	Stramenopiles; Ochrophyta; Bacillariophyta; Bacillariophyta_X	Bacillariophyta_X	73.6	0
0	HJHEFEJI_07141	class	Archaeplastida; Chlorophyta; Mamiellophyceae; Mamiellales	Mamiellales	88.2	0
0	HJHEFEJI_07142	class	Stramenopiles; Ochrophyta; Bacillariophyta; Bacillariophyta_X	Bacillariophyta_X	58.2	0
0	HJHEFEJI_07143	class	Archaeplastida; Chlorophyta; Trebouxiophyceae; Chlorellales	Chlorellales	60.5	0
0	HJHEFEJI_07145				75.5	1
0	HJHEFEJI_07146	class	Amoebozoa; Lobosa; Discosea-Longamoebia; Dermamoebida	Dermamoebida	123.6	0
0	HJHEFEJI_07150	class	Alveolata; Dinoflagellata; Dinophyceae; Peridiniales	Peridiniales	105.9	0
0	HJHEFEJI_07152	class	Alveolata; Ciliophora; Spirotrichea; Tintinnida	Tintinnida	86.3	0
0	HJHEFEJI_07153	class	Stramenopiles; Ochrophyta; Bacillariophyta; Bacillariophyta_X	Bacillariophyta_X	185.3	0
0	HJHEFEJI_07155	division	Alveolata; Ciliophora; Ciliophora_X	Ciliophora_X	61.2	0
0	HJHEFEJI_07158	order	Hacrobia; Cryptophyta; Cryptophyceae; Goniomonadales; Goniomonadales_X	Goniomonadales_X	507.7	0
0	HJHEFEJI_07159	division	Amoebozoa; Lobosa; Lobosa_X	Lobosa_X	157.1	0
0	HJHEFEJI_07160	class	Hacrobia; Haptophyta; Prymnesiophyceae; Phaeocystales	Phaeocystales	85.9	0
0	HJHEFEJI_07163	family	Stramenopiles; Ochrophyta; Bacillariophyta; Bacillariophyta_X; Polar-centric-Mediophyceae; Thalassiosira	Thalassiosira	97.4	0
0	HJHEFEJI_07164	class	Archaeplastida; Chlorophyta; Mamiellophyceae; Mamiellales	Mamiellales	58.9	0
0	HJHEFEJI_07169	order	Amoebozoa; Discosea; Discosea_X; Discosea_XX; Discosea_XXX	Discosea_XXX	473.8	0
0	HJHEFEJI_07170	class	Stramenopiles; Ochrophyta; Bacillariophyta; Bacillariophyta_X	Bacillariophyta_X	299.3	0
0	HJHEFEJI_07172	class	Stramenopiles; Stramenopiles_X; Stramenopiles_XX; Stramenopiles_XXX	Stramenopiles_XXX	161.4	0
0	HJHEFEJI_07173	order	Archaeplastida; Chlorophyta; Trebouxiophyceae; Chlorellales; Chlorellales_X	Chlorellales_X	169.1	0
0	HJHEFEJI_07174	class	Stramenopiles; Ochrophyta; Bacillariophyta; Bacillariophyta_X	Bacillariophyta_X	221.1	0
0	HJHEFEJI_07175	order	Stramenopiles; Ochrophyta; Bacillariophyta; Bacillariophyta_X; Polar-centric-Mediophyceae	Polar-centric-Mediophyceae	161.8	0
0	HJHEFEJI_07176	class	Stramenopiles; Ochrophyta; Bacillariophyta; Bacillariophyta_X	Bacillariophyta_X	307.8	0
0	HJHEFEJI_07179	division	Stramenopiles; Ochrophyta; Bacillariophyta	Bacillariophyta	101.3	0
0	HJHEFEJI_07183	order	Alveolata; Dinoflagellata; Dinophyceae; Gonyaulacales	Gonyaulacales	525.8	1
0	HJHEFEJI_07185				173.7	1
0	HJHEFEJI_07189	class	Archaeplastida; Chlorophyta; Chlorodendrophyceae; Chlorodendrales	Chlorodendrales	181.8	0
0	HJHEFEJI_07190	class	Archaeplastida; Chlorophyta; Pyramimonadales; Pyramimonadales_X	Pyramimonadales_X	61.6	0
0	HJHEFEJI_07191	division	Stramenopiles; Opalozoa; Bicoecea	Bicoecea	136.7	0
0	HJHEFEJI_07193	order	Stramenopiles; Ochrophyta; Bacillariophyta; Bacillariophyta_X; Polar-centric-Mediophyceae	Polar-centric-Mediophyceae	156.4	0
0	HJHEFEJI_07199	family	Amoebozoa; Lobosa; Discosea-Flabellinia; Dactylopodida; Vexilliferidae; Vexillifera	Vexillifera	151.8	0
0	HJHEFEJI_07203	class	Alveolata; Ciliophora; Litostomatea; Haptoria_5	Haptoria_5	110.5	0
0	HJHEFEJI_07205	class	Hacrobia; Cryptophyta; Cryptophyceae; Cryptomonadales	Cryptomonadales	258.1	0
0	HJHEFEJI_07206	division	Archaeplastida; Chlorophyta; Chloropicophyceae	Chloropicophyceae	82.4	0
0	HJHEFEJI_07209	class	Amoebozoa; Lobosa; Lobosa_X; Trichosida	Trichosida	73.6	0
0	HJHEFEJI_07210	order	Stramenopiles; Ochrophyta; Bacillariophyta; Bacillariophyta_X; Polar-centric-Mediophyceae	Polar-centric-Mediophyceae	61.2	0
0	HJHEFEJI_07212	class	Alveolata; Ciliophora; Heterotrichea; Heterotrichea_X	Heterotrichea_X	109.0	0
0	HJHEFEJI_07213	class	Stramenopiles; Ochrophyta; Bacillariophyta; Bacillariophyta_X	Bacillariophyta_X	222.6	0
0	HJHEFEJI_07214	class	Stramenopiles; Ochrophyta; Bacillariophyta; Bacillariophyta_X	Bacillariophyta_X	88.6	0
0	HJHEFEJI_07215	class	Opisthokonta; Choanoflagellida; Choanoflagellatea; Acanthoecida	Acanthoecida	69.7	0
0	HJHEFEJI_07219	order	Hacrobia; Cryptophyta; Cryptophyceae; Goniomonadales; Goniomonadales_X	Goniomonadales_X	115.9	0
0	HJHEFEJI_07225	class	Stramenopiles; Ochrophyta; Bacillariophyta; Bacillariophyta_X	Bacillariophyta_X	158.3	0
0	HJHEFEJI_07226	class	Archaeplastida; Chlorophyta; Picocystophyceae; Picocystales	Picocystales	114.8	0
0	HJHEFEJI_07227	class	Stramenopiles; Ochrophyta; Raphidophyceae; Raphidophyceae_X	Raphidophyceae_X	193.7	0
0	HJHEFEJI_07231	division	Archaeplastida; Chlorophyta	Chlorophyta	278.9	1
0	HJHEFEJI_07234	order	Stramenopiles; Ochrophyta; Chrysophyceae; Chrysophyceae_X; Chrysophyceae_Clade-C	Chrysophyceae_Clade-C	163.7	0
0	HJHEFEJI_07238	class	Hacrobia; Haptophyta; Prymnesiophyceae; Coccolithales	Coccolithales	211.8	0
0	HJHEFEJI_07246	order	Opisthokonta; Fungi; Ascomycota; Saccharomycotina; Saccharomycetales	Saccharomycetales	91.3	0
0	HJHEFEJI_07247	class	Stramenopiles; Ochrophyta; Pelagophyceae; Pelagomonadales	Pelagomonadales	158.3	0
0	HJHEFEJI_07249	class	Archaeplastida; Chlorophyta; Chlorodendrophyceae; Chlorodendrales	Chlorodendrales	130.2	0
0	HJHEFEJI_07250	division	Archaeplastida; Chlorophyta; Mamiellophyceae	Mamiellophyceae	70.9	0
0	HJHEFEJI_07251	class	Opisthokonta; Choanoflagellida; Choanoflagellatea; Acanthoecida	Acanthoecida	101.3	0
0	HJHEFEJI_07252	class	Archaeplastida; Chlorophyta; Mamiellophyceae; Mamiellales	Mamiellales	57.4	0
0	HJHEFEJI_07257	class	Stramenopiles; Ochrophyta; Bacillariophyta; Bacillariophyta_X	Bacillariophyta_X	141.0	0
0	HJHEFEJI_07258	family	Archaeplastida; Chlorophyta; Nephroselmidophyceae; Nephroselmidales; Nephroselmidales_X; Nephroselmis	Nephroselmis	164.1	0
0	HJHEFEJI_07263	class	Alveolata; Ciliophora; Prostomatea_1; Prostomatea_1_X	Prostomatea_1_X	70.9	0
0	HJHEFEJI_07265	class	Stramenopiles; Ochrophyta; Dictyochophyceae; Dictyochophyceae_X	Dictyochophyceae_X	265.4	0
0	HJHEFEJI_07266	class	Stramenopiles; Opalozoa; Bicoecea; Anoecales	Anoecales	136.7	0
0	HJHEFEJI_07269	division	Archaeplastida; Chlorophyta; Pyramimonadales	Pyramimonadales	100.1	0
0	HJHEFEJI_07272	division	Archaeplastida; Chlorophyta	Chlorophyta	325.9	1
0	HJHEFEJI_07273	class	Stramenopiles; Ochrophyta; Raphidophyceae; Raphidophyceae_X	Raphidophyceae_X	156.4	0
0	HJHEFEJI_07275	class	Stramenopiles; Ochrophyta; Bacillariophyta; Bacillariophyta_X	Bacillariophyta_X	234.6	0
0	HJHEFEJI_07276	class	Stramenopiles; Ochrophyta; Bacillariophyta; Bacillariophyta_X	Bacillariophyta_X	233.8	0
0	HJHEFEJI_07277	class	Stramenopiles; Ochrophyta; Bacillariophyta; Bacillariophyta_X	Bacillariophyta_X	132.5	0
0	HJHEFEJI_07278	division	Opisthokonta; Choanoflagellida; Choanoflagellatea	Choanoflagellatea	63.5	0
0	HJHEFEJI_07280	class	Archaeplastida; Rhodophyta; Stylonematophyceae; Porphyridiales-2	Porphyridiales-2	203.8	0
0	HJHEFEJI_07282	class	Stramenopiles; Opalozoa; Bicoecea; Anoecales	Anoecales	208.8	0
0	HJHEFEJI_07284	class	Stramenopiles; Ochrophyta; Chrysophyceae; Chrysophyceae_X	Chrysophyceae_X	162.5	0
0	HJHEFEJI_07285	class	Archaeplastida; Chlorophyta; Palmophyllophyceae; Prasinococcales	Prasinococcales	235.7	0
0	HJHEFEJI_07286	class	Opisthokonta; Fungi; Ascomycota; Saccharomycotina	Saccharomycotina	236.1	0
0	HJHEFEJI_07289	division	Amoebozoa; Lobosa; Discosea-Flabellinia	Discosea-Flabellinia	79.0	0
0	HJHEFEJI_07292	division	Rhizaria; Cercozoa; Chlorarachniophyceae	Chlorarachniophyceae	75.5	0
0	HJHEFEJI_07298	division	Rhizaria; Cercozoa; Thecofilosea	Thecofilosea	136.7	0
0	HJHEFEJI_07300	class	Stramenopiles; Ochrophyta; Bacillariophyta; Bacillariophyta_X	Bacillariophyta_X	110.5	0
0	HJHEFEJI_07301	class	Archaeplastida; Chlorophyta; Chloropicophyceae; Chloropicales	Chloropicales	207.2	0
0	HJHEFEJI_07302	order	Archaeplastida; Chlorophyta; Mamiellophyceae; Mamiellales; Mamiellaceae	Mamiellaceae	88.2	0
0	HJHEFEJI_07304	class	Hacrobia; Cryptophyta; Cryptophyceae; Goniomonadales	Goniomonadales	167.9	0
0	HJHEFEJI_07305	division	Archaeplastida; Rhodophyta; Porphyridiophyceae	Porphyridiophyceae	83.6	0
0	HJHEFEJI_07307	class	Stramenopiles; Ochrophyta; Bacillariophyta; Bacillariophyta_X	Bacillariophyta_X	175.6	0
0	HJHEFEJI_07308	division	Stramenopiles; Ochrophyta; Bacillariophyta	Bacillariophyta	86.7	0
0	HJHEFEJI_07310	class	Alveolata; Dinoflagellata; Dinophyceae; Gonyaulacales	Gonyaulacales	161.8	0
0	HJHEFEJI_07312	order	Alveolata; Dinoflagellata; Dinophyceae; Peridiniales; Kryptoperidiniaceae	Kryptoperidiniaceae	406.4	0
0	HJHEFEJI_07313	class	Stramenopiles; Ochrophyta; Raphidophyceae; Raphidophyceae_X	Raphidophyceae_X	192.6	0
0	HJHEFEJI_07314	class	Archaeplastida; Rhodophyta; Porphyridiophyceae; Porphyridiales	Porphyridiales	194.5	0
0	HJHEFEJI_07315	class	Hacrobia; Haptophyta; Pavlovophyceae; Pavlovales	Pavlovales	113.6	0
0	HJHEFEJI_07316	division	Alveolata; Dinoflagellata; Syndiniales	Syndiniales	130.6	0
0	HJHEFEJI_07322	class	Stramenopiles; Ochrophyta; Bacillariophyta; Bacillariophyta_X	Bacillariophyta_X	226.5	0
0	HJHEFEJI_07329	order	Stramenopiles; Ochrophyta; Bacillariophyta; Bacillariophyta_X; Polar-centric-Mediophyceae	Polar-centric-Mediophyceae	172.2	0
0	HJHEFEJI_07339	order	Archaeplastida; Chlorophyta; Chlorodendrophyceae; Chlorodendrales; Chlorodendraceae	Chlorodendraceae	736.1	0
0	HJHEFEJI_07341	class	Hacrobia; Cryptophyta; Cryptophyceae; Goniomonadales	Goniomonadales	236.1	0
0	HJHEFEJI_07342	class	Archaeplastida; Chlorophyta; Chlorodendrophyceae; Chlorodendrales	Chlorodendrales	110.2	0
0	HJHEFEJI_07343	class	Hacrobia; Cryptophyta; Cryptophyceae; Cryptomonadales	Cryptomonadales	75.9	0
0	HJHEFEJI_07345	order	Stramenopiles; Ochrophyta; Bacillariophyta; Bacillariophyta_X; Polar-centric-Mediophyceae	Polar-centric-Mediophyceae	571.6	0
0	HJHEFEJI_07346	division	Stramenopiles; Sagenista; Labyrinthulomycetes	Labyrinthulomycetes	148.7	0
0	HJHEFEJI_07350	order	Alveolata; Ciliophora; Ciliophora_X; Ciliophora_XX; Ciliophora_XXX	Ciliophora_XXX	449.5	0
0	HJHEFEJI_07352	class	Stramenopiles; Ochrophyta; Bacillariophyta; Bacillariophyta_X	Bacillariophyta_X	149.1	0
0	HJHEFEJI_07355	class	Stramenopiles; Ochrophyta; Raphidophyceae; Raphidophyceae_X	Raphidophyceae_X	141.4	0
0	HJHEFEJI_07356	division	Stramenopiles; Ochrophyta; Bacillariophyta	Bacillariophyta	112.8	0
0	HJHEFEJI_07358	family	Stramenopiles; Ochrophyta; Bacillariophyta; Bacillariophyta_X; Raphid-pennate; Pseudo-nitzschia	Pseudo-nitzschia	120.6	0
0	HJHEFEJI_07359	order	Stramenopiles; Ochrophyta; Dictyochophyceae; Dictyochophyceae_X; Pedinellales	Pedinellales	139.0	0
0	HJHEFEJI_07360	class	Stramenopiles; Ochrophyta; Bacillariophyta; Bacillariophyta_X	Bacillariophyta_X	198.4	0
0	HJHEFEJI_07361	class	Stramenopiles; Ochrophyta; Bacillariophyta; Bacillariophyta_X	Bacillariophyta_X	218.0	0
0	HJHEFEJI_07364	class	Stramenopiles; Ochrophyta; Raphidophyceae; Raphidophyceae_X	Raphidophyceae_X	131.0	0
0	HJHEFEJI_07365	family	Stramenopiles; Ochrophyta; Bacillariophyta; Bacillariophyta_X; Polar-centric-Mediophyceae; Thalassiosira	Thalassiosira	109.0	0
0	HJHEFEJI_07366	order	Hacrobia; Haptophyta; Prymnesiophyceae; Phaeocystales; Phaeocystaceae	Phaeocystaceae	186.8	0
0	HJHEFEJI_07372	class	Stramenopiles; Ochrophyta; Pelagophyceae; Sarcinochrysidales	Sarcinochrysidales	159.1	0
0	HJHEFEJI_07375	class	Stramenopiles; Ochrophyta; Bacillariophyta; Bacillariophyta_X	Bacillariophyta_X	82.8	0
0	HJHEFEJI_07376				316.6	1
0	HJHEFEJI_07377	class	Archaeplastida; Rhodophyta; Compsopogonophyceae; Compsopogonales	Compsopogonales	147.1	0
0	HJHEFEJI_07378	class	Stramenopiles; Opalozoa; Bicoecea; Anoecales	Anoecales	259.2	0
0	HJHEFEJI_07380	order	Stramenopiles; Ochrophyta; Bacillariophyta; Bacillariophyta_X; Araphid-pennate	Araphid-pennate	354.8	0
0	HJHEFEJI_07381	order	Archaeplastida; Chlorophyta; Chlorophyceae; Chlamydomonadales; Chlamydomonadales_X	Chlamydomonadales_X	419.9	0
0	HJHEFEJI_07389	order	Stramenopiles; Ochrophyta; Dictyochophyceae; Dictyochophyceae_X; Pedinellales	Pedinellales	123.6	0
0	HJHEFEJI_07394	class	Archaeplastida; Glaucophyta; Glaucocystophyceae; Glaucocystophytes	Glaucocystophytes	245.7	0
0	HJHEFEJI_07397	class	Stramenopiles; Ochrophyta; Bacillariophyta; Bacillariophyta_X	Bacillariophyta_X	106.3	0
0	HJHEFEJI_07398	class	Hacrobia; Cryptophyta; Cryptophyceae; Cryptomonadales	Cryptomonadales	74.7	0
0	HJHEFEJI_07399	class	Stramenopiles; Ochrophyta; Bacillariophyta; Bacillariophyta_X	Bacillariophyta_X	213.0	0
0	HJHEFEJI_07400	class	Stramenopiles; Ochrophyta; Chrysophyceae; Chrysophyceae_X	Chrysophyceae_X	80.1	0
0	HJHEFEJI_07406				245.4	1
0	HJHEFEJI_07409	class	Alveolata; Dinoflagellata; Dinophyceae; Peridiniales	Peridiniales	72.0	0
0	HJHEFEJI_07410	class	Stramenopiles; Ochrophyta; Raphidophyceae; Raphidophyceae_X	Raphidophyceae_X	66.6	0
0	HJHEFEJI_07411	class	Stramenopiles; Ochrophyta; Bacillariophyta; Bacillariophyta_X	Bacillariophyta_X	290.8	0
0	HJHEFEJI_07412	class	Archaeplastida; Chlorophyta; Trebouxiophyceae; Prasiolales	Prasiolales	347.1	0
0	HJHEFEJI_07415	class	Stramenopiles; Ochrophyta; Bacillariophyta; Bacillariophyta_X	Bacillariophyta_X	79.0	0
0	HJHEFEJI_07419	class	Stramenopiles; Ochrophyta; Bacillariophyta; Bacillariophyta_X	Bacillariophyta_X	134.4	0
0	HJHEFEJI_07420	division	Amoebozoa; Lobosa	Lobosa	102.1	1
0	HJHEFEJI_07421	class	Stramenopiles; Ochrophyta; Bacillariophyta; Bacillariophyta_X	Bacillariophyta_X	254.6	0
0	HJHEFEJI_07423	class	Archaeplastida; Chlorophyta; Pyramimonadales; Pyramimonadales_X	Pyramimonadales_X	425.2	0
0	HJHEFEJI_07425	division	Stramenopiles; Stramenopiles_X; Stramenopiles_XX	Stramenopiles_XX	82.0	0
0	HJHEFEJI_07429	order	Stramenopiles; Ochrophyta; Bacillariophyta; Bacillariophyta_X; Araphid-pennate	Araphid-pennate	224.9	0
0	HJHEFEJI_07430	class	Stramenopiles; Ochrophyta; Bacillariophyta; Bacillariophyta_X	Bacillariophyta_X	77.4	0
0	HJHEFEJI_07439	order	Stramenopiles; Ochrophyta; Bacillariophyta; Bacillariophyta_X; Polar-centric-Mediophyceae	Polar-centric-Mediophyceae	172.6	0
0	HJHEFEJI_07440	class	Stramenopiles; Sagenista; Labyrinthulomycetes; Thraustochytriales	Thraustochytriales	179.9	0
0	HJHEFEJI_07444	division	Stramenopiles; Stramenopiles_X; Stramenopiles_XX	Stramenopiles_XX	157.1	0
0	HJHEFEJI_07447	class	Stramenopiles; Ochrophyta; Bacillariophyta; Bacillariophyta_X	Bacillariophyta_X	137.9	0
0	HJHEFEJI_07448	class	Archaeplastida; Chlorophyta; Chloropicophyceae; Chloropicales	Chloropicales	195.3	0
0	HJHEFEJI_07451	family	Archaeplastida; Chlorophyta; Pyramimonadales; Pyramimonadales_X; Pyramimonadales_XX; Pyramimonas	Pyramimonas	201.8	0
0	HJHEFEJI_07455	order	Archaeplastida; Chlorophyta; Nephroselmidophyceae; Nephroselmidales; Nephroselmidales_X	Nephroselmidales_X	114.8	0
0	HJHEFEJI_07456	order	Stramenopiles; Ochrophyta; Dictyochophyceae; Dictyochophyceae_X; Pedinellales	Pedinellales	115.9	0
0	HJHEFEJI_07457	family	Hacrobia; Haptophyta; Prymnesiophyceae; Isochrysidales; Isochrysidaceae; Isochrysis	Isochrysis	193.4	0
0	HJHEFEJI_07459	order	Archaeplastida; Chlorophyta; Pyramimonadales; Pyramimonadales_X; Pyramimonadales_XX	Pyramimonadales_XX	150.2	0
0	HJHEFEJI_07461	class	Amoebozoa; Lobosa; Discosea-Flabellinia; Dactylopodida	Dactylopodida	172.6	0
0	HJHEFEJI_07464	class	Archaeplastida; Glaucophyta; Glaucocystophyceae; Glaucocystophytes	Glaucocystophytes	247.7	0
0	HJHEFEJI_07466	class	Alveolata; Ciliophora; Spirotrichea; Tintinnida	Tintinnida	152.5	0
0	HJHEFEJI_07468	division	Stramenopiles; Ochrophyta; Pelagophyceae	Pelagophyceae	82.0	0
0	HJHEFEJI_07470	order	Archaeplastida; Chlorophyta; Chlorophyceae; Chlamydomonadales; Chlamydomonadales_X	Chlamydomonadales_X	141.0	0
0	HJHEFEJI_07471	division	Stramenopiles; Ochrophyta; Bacillariophyta	Bacillariophyta	120.2	0
0	HJHEFEJI_07472	division	Stramenopiles; Ochrophyta	Ochrophyta	173.3	1
0	HJHEFEJI_07476	class	Opisthokonta; Fungi; Ascomycota; Saccharomycotina	Saccharomycotina	620.5	0
0	HJHEFEJI_07481	class	Stramenopiles; Opalozoa; Bicoecea; Anoecales	Anoecales	302.0	0
0	HJHEFEJI_07485	class	Archaeplastida; Chlorophyta; Chlorophyta_X; Chlorophyta_XX	Chlorophyta_XX	114.8	0
0	HJHEFEJI_07487	class	Archaeplastida; Chlorophyta; Chlorophyceae; Chlamydomonadales	Chlamydomonadales	57.4	0
0	HJHEFEJI_07488	division	Archaeplastida; Chlorophyta; Pyramimonadales	Pyramimonadales	108.6	0
0	HJHEFEJI_07490	division	Stramenopiles; Ochrophyta; Bacillariophyta	Bacillariophyta	130.2	0
0	HJHEFEJI_07492	order	Archaeplastida; Chlorophyta; Chloropicophyceae; Chloropicales; Chloropicaceae	Chloropicaceae	567.4	0
0	HJHEFEJI_07493	class	Stramenopiles; Ochrophyta; Bacillariophyta; Bacillariophyta_X	Bacillariophyta_X	93.6	0
0	HJHEFEJI_07499	order	Archaeplastida; Rhodophyta; Porphyridiophyceae; Porphyridiales; Porphyridiales_X	Porphyridiales_X	344.7	0
0	HJHEFEJI_07501	class	Stramenopiles; Ochrophyta; Pelagophyceae; Pelagomonadales	Pelagomonadales	65.1	0
0	HJHEFEJI_07505	class	Archaeplastida; Rhodophyta; Stylonematophyceae; Porphyridiales-2	Porphyridiales-2	140.6	0
0	HJHEFEJI_07506	division	Stramenopiles; Ochrophyta; Chrysophyceae	Chrysophyceae	107.8	0
0	HJHEFEJI_07512	division	Archaeplastida; Chlorophyta; Chloropicophyceae	Chloropicophyceae	91.3	0
0	HJHEFEJI_07513	order	Stramenopiles; Opalozoa; Bicoecea; Anoecales; Cafeteriaceae	Cafeteriaceae	244.2	0
0	HJHEFEJI_07514	class	Stramenopiles; Ochrophyta; Bacillariophyta; Bacillariophyta_X	Bacillariophyta_X	274.6	0
0	HJHEFEJI_07515	class	Stramenopiles; Ochrophyta; Bacillariophyta; Bacillariophyta_X	Bacillariophyta_X	88.6	0
0	HJHEFEJI_07518	class	Stramenopiles; Ochrophyta; Bacillariophyta; Bacillariophyta_X	Bacillariophyta_X	68.2	0
0	HJHEFEJI_07520	order	Stramenopiles; Ochrophyta; Bacillariophyta; Bacillariophyta_X; Polar-centric-Mediophyceae	Polar-centric-Mediophyceae	174.1	0
0	HJHEFEJI_07523	class	Archaeplastida; Chlorophyta; Pyramimonadales; Pyramimonadales_X	Pyramimonadales_X	70.1	0
0	HJHEFEJI_07525	class	Hacrobia; Haptophyta; Prymnesiophyceae; Prymnesiales	Prymnesiales	234.6	0
0	HJHEFEJI_07533	order	Stramenopiles; Ochrophyta; Bacillariophyta; Bacillariophyta_X; Polar-centric-Mediophyceae	Polar-centric-Mediophyceae	81.3	0
0	HJHEFEJI_07534	division	Alveolata; Apicomplexa; Gregarinomorphea	Gregarinomorphea	136.3	0
0	HJHEFEJI_07540	class	Archaeplastida; Rhodophyta; Porphyridiophyceae; Porphyridiales	Porphyridiales	122.5	0
0	HJHEFEJI_07543	class	Stramenopiles; Ochrophyta; Bacillariophyta; Bacillariophyta_X	Bacillariophyta_X	296.2	0
0	HJHEFEJI_07544	class	Stramenopiles; Ochrophyta; Bacillariophyta; Bacillariophyta_X	Bacillariophyta_X	392.9	0
0	HJHEFEJI_07546	class	Stramenopiles; Sagenista; Labyrinthulomycetes; Thraustochytriales	Thraustochytriales	208.8	0
0	HJHEFEJI_07547	order	Stramenopiles; Ochrophyta; Bacillariophyta; Bacillariophyta_X; Polar-centric-Mediophyceae	Polar-centric-Mediophyceae	139.0	0
0	HJHEFEJI_07553	division	Stramenopiles; Opalozoa; Bicoecea	Bicoecea	120.2	0
0	HJHEFEJI_07557	class	Archaeplastida; Chlorophyta; Pyramimonadales; Pyramimonadales_X	Pyramimonadales_X	448.7	0
0	HJHEFEJI_07560				82.0	1
0	HJHEFEJI_07562	class	Stramenopiles; Ochrophyta; Bacillariophyta; Bacillariophyta_X	Bacillariophyta_X	93.2	0
0	HJHEFEJI_07568	order	Stramenopiles; Ochrophyta; Dictyochophyceae; Dictyochophyceae_X; Pedinellales	Pedinellales	79.3	0
0	HJHEFEJI_07569	class	Hacrobia; Hacrobia_X; Hacrobia_XX; Hacrobia_XXX	Hacrobia_XXX	155.2	0
0	HJHEFEJI_07573	class	Archaeplastida; Chlorophyta; Trebouxiophyceae; Chlorellales	Chlorellales	328.6	0
0	HJHEFEJI_07574	class	Archaeplastida; Glaucophyta; Glaucocystophyceae; Glaucocystophytes	Glaucocystophytes	157.5	0
0	HJHEFEJI_07575	class	Stramenopiles; Ochrophyta; Bacillariophyta; Bacillariophyta_X	Bacillariophyta_X	193.7	0
0	HJHEFEJI_07576	class	Stramenopiles; Ochrophyta; Dictyochophyceae; Dictyochophyceae_X	Dictyochophyceae_X	286.6	0
0	HJHEFEJI_07577	class	Stramenopiles; Ochrophyta; Bacillariophyta; Bacillariophyta_X	Bacillariophyta_X	123.6	0
0	HJHEFEJI_07578	class	Hacrobia; Cryptophyta; Cryptophyceae; Cryptophyceae_XXX	Cryptophyceae_XXX	201.4	0
0	HJHEFEJI_07579	class	Alveolata; Dinoflagellata; Dinophyceae; Gonyaulacales	Gonyaulacales	79.3	0
0	HJHEFEJI_07580	order	Stramenopiles; Ochrophyta; Bacillariophyta; Bacillariophyta_X; Polar-centric-Mediophyceae	Polar-centric-Mediophyceae	602.4	0
0	HJHEFEJI_07581	order	Alveolata; Ciliophora; Oligohymenophorea; Scuticociliatia_1; Philasterida	Philasterida	76.3	0
0	HJHEFEJI_07584	class	Stramenopiles; Ochrophyta; Bacillariophyta; Bacillariophyta_X	Bacillariophyta_X	246.5	0
0	HJHEFEJI_07586	order	Stramenopiles; Ochrophyta; Bacillariophyta; Bacillariophyta_X; Polar-centric-Mediophyceae	Polar-centric-Mediophyceae	683.3	0
0	HJHEFEJI_07587	order	Stramenopiles; Ochrophyta; Bacillariophyta; Bacillariophyta_X; Polar-centric-Mediophyceae	Polar-centric-Mediophyceae	334.7	0
0	HJHEFEJI_07588	class	Archaeplastida; Chlorophyta; Trebouxiophyceae; Chlorellales	Chlorellales	138.3	0
0	HJHEFEJI_07589	order	Archaeplastida; Chlorophyta; Chlorophyceae; Chlamydomonadales; Chlamydomonadales_X	Chlamydomonadales_X	105.1	0
0	HJHEFEJI_07592	order	Stramenopiles; Ochrophyta; Bacillariophyta; Bacillariophyta_X; Polar-centric-Mediophyceae	Polar-centric-Mediophyceae	193.4	0
0	HJHEFEJI_07593	class	Stramenopiles; Ochrophyta; Synchromophyceae; Synchromadales	Synchromadales	182.6	0
0	HJHEFEJI_07595	class	Hacrobia; Haptophyta; Prymnesiophyceae; Isochrysidales	Isochrysidales	94.7	0
0	HJHEFEJI_07596				143.7	1
0	HJHEFEJI_07598	division	Stramenopiles; Ochrophyta; Bacillariophyta	Bacillariophyta	209.9	0
0	HJHEFEJI_07599	order	Stramenopiles; Ochrophyta; Bacillariophyta; Bacillariophyta_X; Polar-centric-Mediophyceae	Polar-centric-Mediophyceae	246.1	0
0	HJHEFEJI_07602	order	Archaeplastida; Chlorophyta; Mamiellophyceae; Mamiellales; Mamiellaceae	Mamiellaceae	65.9	0
0	HJHEFEJI_07606				58.2	1
0	HJHEFEJI_07607	order	Stramenopiles; Ochrophyta; Bacillariophyta; Bacillariophyta_X; Polar-centric-Mediophyceae	Polar-centric-Mediophyceae	1066.2	0
0	HJHEFEJI_07608	order	Stramenopiles; Ochrophyta; Bacillariophyta; Bacillariophyta_X; Polar-centric-Mediophyceae	Polar-centric-Mediophyceae	693.7	0
0	HJHEFEJI_07609	division	Stramenopiles; Ochrophyta; Bacillariophyta	Bacillariophyta	69.7	0
0	HJHEFEJI_07613	division	Archaeplastida; Chlorophyta; Chlorophyceae	Chlorophyceae	105.5	0
0	HJHEFEJI_07614	class	Stramenopiles; Ochrophyta; Bacillariophyta; Bacillariophyta_X	Bacillariophyta_X	293.1	0
0	HJHEFEJI_07615	division	Hacrobia; Cryptophyta; Cryptophyceae	Cryptophyceae	224.9	0
0	HJHEFEJI_07616	class	Archaeplastida; Chlorophyta; Trebouxiophyceae; Prasiolales	Prasiolales	346.3	0
0	HJHEFEJI_07618	class	Stramenopiles; Opalozoa; Bicoecea; Bicoecales	Bicoecales	82.0	0
0	HJHEFEJI_07622	class	Archaeplastida; Glaucophyta; Glaucocystophyceae; Glaucocystophytes	Glaucocystophytes	57.8	0
0	HJHEFEJI_07624	class	Archaeplastida; Chlorophyta; Nephroselmidophyceae; Nephroselmidales	Nephroselmidales	338.2	0
0	HJHEFEJI_07625	division	Alveolata; Ciliophora; Heterotrichea	Heterotrichea	62.0	0
0	HJHEFEJI_07626	class	Stramenopiles; Ochrophyta; Bacillariophyta; Bacillariophyta_X	Bacillariophyta_X	227.3	0
0	HJHEFEJI_07628	class	Stramenopiles; Ochrophyta; Bacillariophyta; Bacillariophyta_X	Bacillariophyta_X	81.6	0
0	HJHEFEJI_07630	class	Amoebozoa; Lobosa; Discosea-Flabellinia; Dactylopodida	Dactylopodida	322.8	0
0	HJHEFEJI_07634	division	Amoebozoa; Lobosa; Discosea-Flabellinia	Discosea-Flabellinia	137.9	0
0	HJHEFEJI_07635	class	Stramenopiles; Ochrophyta; Bacillariophyta; Bacillariophyta_X	Bacillariophyta_X	107.8	0
0	HJHEFEJI_07638	class	Stramenopiles; Ochrophyta; Bacillariophyta; Bacillariophyta_X	Bacillariophyta_X	159.8	0
0	HJHEFEJI_07639	order	Stramenopiles; Ochrophyta; Bacillariophyta; Bacillariophyta_X; Polar-centric-Mediophyceae	Polar-centric-Mediophyceae	190.3	0
0	HJHEFEJI_07646	class	Stramenopiles; Ochrophyta; Bacillariophyta; Bacillariophyta_X	Bacillariophyta_X	132.1	0
0	HJHEFEJI_07655	class	Archaeplastida; Chlorophyta; Nephroselmidophyceae; Nephroselmidales	Nephroselmidales	167.5	0
0	HJHEFEJI_07658	order	Stramenopiles; Ochrophyta; Bacillariophyta; Bacillariophyta_X; Polar-centric-Mediophyceae	Polar-centric-Mediophyceae	72.4	0
0	HJHEFEJI_07662	division	Stramenopiles; Ochrophyta; Bacillariophyta	Bacillariophyta	108.6	0
0	HJHEFEJI_07666	class	Stramenopiles; Ochrophyta; Raphidophyceae; Raphidophyceae_X	Raphidophyceae_X	123.6	0
0	HJHEFEJI_07684	class	Stramenopiles; Ochrophyta; Bacillariophyta; Bacillariophyta_X	Bacillariophyta_X	206.1	0
0	HJHEFEJI_07685	class	Stramenopiles; Ochrophyta; Raphidophyceae; Raphidophyceae_X	Raphidophyceae_X	193.4	0
0	HJHEFEJI_07688	class	Stramenopiles; Ochrophyta; Bacillariophyta; Bacillariophyta_X	Bacillariophyta_X	90.1	0
0	HJHEFEJI_07689	class	Archaeplastida; Chlorophyta; Pyramimonadales; Pyramimonadales_X	Pyramimonadales_X	363.2	0
0	HJHEFEJI_07690	class	Stramenopiles; Ochrophyta; Bacillariophyta; Bacillariophyta_X	Bacillariophyta_X	73.6	0
0	HJHEFEJI_07693	species	Archaeplastida; Glaucophyta; Glaucocystophyceae; Glaucocystophytes; Glaucocystophytes_X; Gloeochaete; Gloeochaete wittrockiana	Gloeochaete wittrockiana	306.6	0
0	HJHEFEJI_07698	class	Archaeplastida; Chlorophyta; Trebouxiophyceae; Prasiolales	Prasiolales	92.0	0
0	HJHEFEJI_07714	class	Excavata; Discoba; Euglenozoa; Euglenida	Euglenida	90.9	0
0	HJHEFEJI_07718	class	Stramenopiles; Ochrophyta; Bacillariophyta; Bacillariophyta_X	Bacillariophyta_X	117.1	0
0	HJHEFEJI_07721	class	Stramenopiles; Ochrophyta; Bacillariophyta; Bacillariophyta_X	Bacillariophyta_X	114.8	0
0	HJHEFEJI_07725	class	Alveolata; Dinoflagellata; Dinophyceae; Gymnodiniales	Gymnodiniales	137.5	0
0	HJHEFEJI_07729	class	Alveolata; Ciliophora; Heterotrichea; Heterotrichea_X	Heterotrichea_X	347.4	0
0	HJHEFEJI_07733	family	Stramenopiles; Ochrophyta; Dictyochophyceae; Dictyochophyceae_X; Pedinellales; Pseudopedinella	Pseudopedinella	84.0	0
0	HJHEFEJI_07734	class	Excavata; Discoba; Heterolobosea; Heterolobosea_X	Heterolobosea_X	265.8	0
0	HJHEFEJI_07737	division	Hacrobia; Haptophyta; Pavlovophyceae	Pavlovophyceae	192.2	0
0	HJHEFEJI_07738	order	Archaeplastida; Chlorophyta; Trebouxiophyceae; Chlorellales; Chlorellales_X	Chlorellales_X	316.2	0
0	HJHEFEJI_07739	class	Stramenopiles; Ochrophyta; Chrysophyceae; Chrysophyceae_X	Chrysophyceae_X	84.0	0
0	HJHEFEJI_07744	class	Stramenopiles; Ochrophyta; Bacillariophyta; Bacillariophyta_X	Bacillariophyta_X	58.2	0
0	HJHEFEJI_07746	class	Archaeplastida; Chlorophyta; Palmophyllophyceae; Prasinococcales	Prasinococcales	219.5	0
0	HJHEFEJI_07751	division	Stramenopiles; Ochrophyta; Bacillariophyta	Bacillariophyta	84.3	0
0	HJHEFEJI_07752	class	Archaeplastida; Chlorophyta; Chlorophyceae; Chlamydomonadales	Chlamydomonadales	230.7	0
0	HJHEFEJI_07755	class	Stramenopiles; Ochrophyta; Raphidophyceae; Raphidophyceae_X	Raphidophyceae_X	100.9	0
0	HJHEFEJI_07756	order	Hacrobia; Haptophyta; Prymnesiophyceae; Prymnesiales; Chrysochromulinaceae	Chrysochromulinaceae	167.9	0
0	HJHEFEJI_07760	order	Stramenopiles; Ochrophyta; Bacillariophyta; Bacillariophyta_X; Polar-centric-Mediophyceae	Polar-centric-Mediophyceae	156.4	0
0	HJHEFEJI_07762	class	Stramenopiles; Ochrophyta; Bacillariophyta; Bacillariophyta_X	Bacillariophyta_X	119.4	0
0	HJHEFEJI_07763	class	Stramenopiles; Ochrophyta; Bacillariophyta; Bacillariophyta_X	Bacillariophyta_X	107.5	0
0	HJHEFEJI_07764	class	Stramenopiles; Ochrophyta; Bacillariophyta; Bacillariophyta_X	Bacillariophyta_X	483.4	0
0	HJHEFEJI_07767	class	Alveolata; Dinoflagellata; Dinophyceae; Gymnodiniales	Gymnodiniales	98.2	0
0	HJHEFEJI_07768	class	Stramenopiles; Ochrophyta; Bacillariophyta; Bacillariophyta_X	Bacillariophyta_X	123.2	0
0	HJHEFEJI_07772	genus	Alveolata; Ciliophora; Heterotrichea; Heterotrichea_X; Blepharismidae; Blepharisma; Blepharisma japonicum	Blepharisma japonicum	233.8	0
0	HJHEFEJI_07780	class	Stramenopiles; Ochrophyta; Bacillariophyta; Bacillariophyta_X	Bacillariophyta_X	59.3	0
0	HJHEFEJI_07781	class	Stramenopiles; Ochrophyta; Bacillariophyta; Bacillariophyta_X	Bacillariophyta_X	82.0	0
0	HJHEFEJI_07782	class	Stramenopiles; Ochrophyta; Bacillariophyta; Bacillariophyta_X	Bacillariophyta_X	191.4	0
0	HJHEFEJI_07783	class	Stramenopiles; Ochrophyta; Chrysophyceae; Chrysophyceae_X	Chrysophyceae_X	80.5	0
0	HJHEFEJI_07785	division	Rhizaria; Cercozoa; Chlorarachniophyceae	Chlorarachniophyceae	83.6	0
0	HJHEFEJI_07787	class	Stramenopiles; Ochrophyta; Chrysophyceae; Chrysophyceae_X	Chrysophyceae_X	167.5	0
0	HJHEFEJI_07788	class	Stramenopiles; Ochrophyta; Bacillariophyta; Bacillariophyta_X	Bacillariophyta_X	157.5	0
0	HJHEFEJI_07790	class	Archaeplastida; Chlorophyta; Chlorophyceae; Chlamydomonadales	Chlamydomonadales	163.7	0
0	HJHEFEJI_07791	class	Stramenopiles; Ochrophyta; Bacillariophyta; Bacillariophyta_X	Bacillariophyta_X	228.0	0
0	HJHEFEJI_07795	class	Alveolata; Ciliophora; Ciliophora_X; Ciliophora_XX	Ciliophora_XX	58.9	0
0	HJHEFEJI_07796	class	Hacrobia; Cryptophyta; Cryptophyceae; Goniomonadales	Goniomonadales	203.8	0
0	HJHEFEJI_07799	class	Stramenopiles; Ochrophyta; Bacillariophyta; Bacillariophyta_X	Bacillariophyta_X	185.3	0
0	HJHEFEJI_07803	order	Stramenopiles; Ochrophyta; Bacillariophyta; Bacillariophyta_X; Polar-centric-Mediophyceae	Polar-centric-Mediophyceae	69.7	0
0	HJHEFEJI_07805	class	Stramenopiles; Ochrophyta; Bacillariophyta; Bacillariophyta_X	Bacillariophyta_X	109.0	0
0	HJHEFEJI_07808	class	Stramenopiles; Ochrophyta; Bacillariophyta; Bacillariophyta_X	Bacillariophyta_X	79.3	0
0	HJHEFEJI_07818	class	Amoebozoa; Conosa; Variosea; Variosea_X	Variosea_X	122.1	0
0	HJHEFEJI_07820	class	Rhizaria; Cercozoa; Chlorarachniophyceae; Chlorarachnida	Chlorarachnida	123.2	0
0	HJHEFEJI_07823	class	Alveolata; Ciliophora; Ciliophora_X; Ciliophora_XX	Ciliophora_XX	122.5	0
0	HJHEFEJI_07826	class	Stramenopiles; Ochrophyta; Bacillariophyta; Bacillariophyta_X	Bacillariophyta_X	95.5	0
0	HJHEFEJI_07830	division	Amoebozoa; Lobosa	Lobosa	399.1	1
0	HJHEFEJI_07835	division	Alveolata; Dinoflagellata; Dinophyceae	Dinophyceae	112.8	0
0	HJHEFEJI_07836	class	Archaeplastida; Glaucophyta; Glaucocystophyceae; Glaucocystophytes	Glaucocystophytes	91.3	0
0	HJHEFEJI_07837	class	Stramenopiles; Ochrophyta; Bacillariophyta; Bacillariophyta_X	Bacillariophyta_X	67.0	0
0	HJHEFEJI_07838	class	Alveolata; Ciliophora; Ciliophora_X; Ciliophora_XX	Ciliophora_XX	251.1	0
0	HJHEFEJI_07839	division	Hacrobia; Cryptophyta; Cryptophyceae	Cryptophyceae	75.5	0
0	HJHEFEJI_07841	class	Hacrobia; Cryptophyta; Cryptophyceae; Cryptomonadales	Cryptomonadales	181.8	0
0	HJHEFEJI_07843	class	Archaeplastida; Chlorophyta; Prasino-Clade-V; Pseudoscourfieldiales	Pseudoscourfieldiales	73.2	0
0	HJHEFEJI_07845				170.6	1
0	HJHEFEJI_07847	order	Archaeplastida; Chlorophyta; Picocystophyceae; Picocystales; Picocystaceae	Picocystaceae	126.3	0
0	HJHEFEJI_07849	class	Stramenopiles; Ochrophyta; Bacillariophyta; Bacillariophyta_X	Bacillariophyta_X	127.1	0
0	HJHEFEJI_07850	division	Archaeplastida; Chlorophyta; Palmophyllophyceae	Palmophyllophyceae	124.8	0
0	HJHEFEJI_07853	order	Alveolata; Dinoflagellata; Oxyrrhea; Oxyrrhinales; Oxyrrhinaceae	Oxyrrhinaceae	121.3	0
0	HJHEFEJI_07854	class	Stramenopiles; Ochrophyta; Bacillariophyta; Bacillariophyta_X	Bacillariophyta_X	169.9	0
0	HJHEFEJI_07855	class	Archaeplastida; Rhodophyta; Stylonematophyceae; Porphyridiales-2	Porphyridiales-2	115.9	0
0	HJHEFEJI_07856	class	Archaeplastida; Glaucophyta; Glaucocystophyceae; Glaucocystophytes	Glaucocystophytes	394.4	0
0	HJHEFEJI_07858	class	Opisthokonta; Choanoflagellida; Choanoflagellatea; Acanthoecida	Acanthoecida	112.8	0
0	HJHEFEJI_07859	class	Archaeplastida; Glaucophyta; Glaucocystophyceae; Glaucocystophytes	Glaucocystophytes	94.7	0
0	HJHEFEJI_07863	class	Archaeplastida; Chlorophyta; Mamiellophyceae; Mamiellales	Mamiellales	233.8	0
0	HJHEFEJI_07864	class	Stramenopiles; Ochrophyta; Bacillariophyta; Bacillariophyta_X	Bacillariophyta_X	119.8	0
0	HJHEFEJI_07865	class	Rhizaria; Cercozoa; Chlorarachniophyceae; Chlorarachnida	Chlorarachnida	218.0	0
0	HJHEFEJI_07870	class	Archaeplastida; Chlorophyta; Mamiellophyceae; Mamiellales	Mamiellales	105.5	0
0	HJHEFEJI_07871	class	Alveolata; Dinoflagellata; Dinophyceae; Peridiniales	Peridiniales	262.7	0
0	HJHEFEJI_07875	class	Archaeplastida; Chlorophyta; Chloropicophyceae; Chloropicales	Chloropicales	107.8	0
0	HJHEFEJI_07881	class	Hacrobia; Cryptophyta; Cryptophyceae; Cryptomonadales	Cryptomonadales	377.5	0
0	HJHEFEJI_07883	class	Stramenopiles; Ochrophyta; Bacillariophyta; Bacillariophyta_X	Bacillariophyta_X	125.9	0
0	HJHEFEJI_07887	division	Archaeplastida; Chlorophyta; Pyramimonadales	Pyramimonadales	67.4	0
0	HJHEFEJI_07888	class	Archaeplastida; Chlorophyta; Chlorophyceae; Chlamydomonadales	Chlamydomonadales	206.8	0
0	HJHEFEJI_07892	class	Stramenopiles; Ochrophyta; Bacillariophyta; Bacillariophyta_X	Bacillariophyta_X	127.9	0
0	HJHEFEJI_07894	class	Stramenopiles; Ochrophyta; Bacillariophyta; Bacillariophyta_X	Bacillariophyta_X	157.5	0
0	HJHEFEJI_07897	class	Alveolata; Ciliophora; Ciliophora_X; Ciliophora_XX	Ciliophora_XX	271.9	0
0	HJHEFEJI_07906				85.5	1
0	HJHEFEJI_07910	division	Opisthokonta; Fungi; Ascomycota	Ascomycota	174.5	0
0	HJHEFEJI_07911	class	Stramenopiles; Ochrophyta; Bacillariophyta; Bacillariophyta_X	Bacillariophyta_X	92.4	0
0	HJHEFEJI_07913	class	Rhizaria; Cercozoa; Chlorarachniophyceae; Chlorarachnida	Chlorarachnida	67.0	0
0	HJHEFEJI_07914	class	Rhizaria; Cercozoa; Chlorarachniophyceae; Chlorarachnida	Chlorarachnida	110.5	0
0	HJHEFEJI_07916	class	Alveolata; Ciliophora; Ciliophora_X; Ciliophora_XX	Ciliophora_XX	68.2	0
0	HJHEFEJI_07917	order	Alveolata; Ciliophora; Ciliophora_X; Ciliophora_XX; Ciliophora_XXX	Ciliophora_XXX	473.8	0
0	HJHEFEJI_07918	class	Archaeplastida; Chlorophyta; Palmophyllophyceae; Prasinococcales	Prasinococcales	402.1	0
0	HJHEFEJI_07919	division	Archaeplastida; Chlorophyta; Trebouxiophyceae	Trebouxiophyceae	88.6	0
0	HJHEFEJI_07920	class	Archaeplastida; Rhodophyta; Porphyridiophyceae; Porphyridiales	Porphyridiales	199.9	0
0	HJHEFEJI_07922	class	Stramenopiles; Ochrophyta; Bacillariophyta; Bacillariophyta_X	Bacillariophyta_X	131.7	0
0	HJHEFEJI_07923	division	Archaeplastida; Glaucophyta; Glaucocystophyceae	Glaucocystophyceae	62.0	0
0	HJHEFEJI_07925	order	Stramenopiles; Ochrophyta; Bacillariophyta; Bacillariophyta_X; Raphid-pennate	Raphid-pennate	220.7	0
0	HJHEFEJI_07926	class	Stramenopiles; Ochrophyta; Bacillariophyta; Bacillariophyta_X	Bacillariophyta_X	264.2	0
0	HJHEFEJI_07927	class	Alveolata; Dinoflagellata; Dinophyceae; Peridiniales	Peridiniales	371.3	0
0	HJHEFEJI_07928	class	Stramenopiles; Ochrophyta; Bacillariophyta; Bacillariophyta_X	Bacillariophyta_X	211.1	0
0	HJHEFEJI_07930	class	Hacrobia; Cryptophyta; Cryptophyceae; Goniomonadales	Goniomonadales	96.7	0
0	HJHEFEJI_07931	division	Rhizaria; Cercozoa; Chlorarachniophyceae	Chlorarachniophyceae	125.2	0
0	HJHEFEJI_07932	class	Hacrobia; Haptophyta; Pavlovophyceae; Pavlovales	Pavlovales	154.8	0
0	HJHEFEJI_07933	class	Stramenopiles; Ochrophyta; Dictyochophyceae; Dictyochophyceae_X	Dictyochophyceae_X	324.3	0
0	HJHEFEJI_07936	order	Archaeplastida; Chlorophyta; Pyramimonadales; Pyramimonadales_X; Pyramimonadales_XX	Pyramimonadales_XX	167.9	0
0	HJHEFEJI_07937	class	Archaeplastida; Chlorophyta; Nephroselmidophyceae; Nephroselmidales	Nephroselmidales	203.4	0
0	HJHEFEJI_07938	order	Stramenopiles; Ochrophyta; Bacillariophyta; Bacillariophyta_X; Polar-centric-Mediophyceae	Polar-centric-Mediophyceae	72.8	0
0	HJHEFEJI_07948	family	Stramenopiles; Ochrophyta; Bacillariophyta; Bacillariophyta_X; Polar-centric-Mediophyceae; Thalassiosira	Thalassiosira	228.4	0
0	HJHEFEJI_07950	class	Stramenopiles; Ochrophyta; Dictyochophyceae; Dictyochophyceae_X	Dictyochophyceae_X	77.4	0
0	HJHEFEJI_07951	class	Stramenopiles; Ochrophyta; Bacillariophyta; Bacillariophyta_X	Bacillariophyta_X	125.9	0
0	HJHEFEJI_07952	order	Archaeplastida; Chlorophyta; Mamiellophyceae; Mamiellales; Bathycoccaceae	Bathycoccaceae	75.5	0
0	HJHEFEJI_07953	order	Stramenopiles; Ochrophyta; Bacillariophyta; Bacillariophyta_X; Araphid-pennate	Araphid-pennate	471.9	0
0	HJHEFEJI_07954	class	Archaeplastida; Glaucophyta; Glaucocystophyceae; Glaucocystophytes	Glaucocystophytes	145.2	0
0	HJHEFEJI_07955	order	Stramenopiles; Ochrophyta; Bacillariophyta; Bacillariophyta_X; Polar-centric-Mediophyceae	Polar-centric-Mediophyceae	167.9	0
0	HJHEFEJI_07959	class	Stramenopiles; Ochrophyta; Bacillariophyta; Bacillariophyta_X	Bacillariophyta_X	347.8	0
0	HJHEFEJI_07960	class	Stramenopiles; Ochrophyta; Raphidophyceae; Raphidophyceae_X	Raphidophyceae_X	171.8	0
0	HJHEFEJI_07961	class	Archaeplastida; Chlorophyta; Chlorodendrophyceae; Chlorodendrales	Chlorodendrales	164.5	0
0	HJHEFEJI_07963	class	Hacrobia; Cryptophyta; Cryptophyceae; Cryptomonadales	Cryptomonadales	126.3	0
0	HJHEFEJI_07964	class	Stramenopiles; Sagenista; Labyrinthulomycetes; Thraustochytriales	Thraustochytriales	367.1	0
0	HJHEFEJI_07966	class	Opisthokonta; Fungi; Ascomycota; Saccharomycotina	Saccharomycotina	95.1	0
0	HJHEFEJI_07967	class	Alveolata; Dinoflagellata; Dinophyceae; Gymnodiniales	Gymnodiniales	96.7	0
0	HJHEFEJI_07972	class	Stramenopiles; Ochrophyta; Bacillariophyta; Bacillariophyta_X	Bacillariophyta_X	106.7	0
0	HJHEFEJI_07976	division	Hacrobia; Cryptophyta; Cryptophyceae	Cryptophyceae	72.0	0
0	HJHEFEJI_07978	class	Stramenopiles; Ochrophyta; Bacillariophyta; Bacillariophyta_X	Bacillariophyta_X	165.6	0
0	HJHEFEJI_07981	genus	Hacrobia; Cryptophyta; Cryptophyceae; Goniomonadales; Goniomonadales_X; Goniomonas; Goniomonas sp	Goniomonas sp	358.2	0
0	KHMBKGOM_00001	class	Alveolata; Ciliophora; Ciliophora_X; Ciliophora_XX	Ciliophora_XX	117.5	0
0	KHMBKGOM_00002	class	Stramenopiles; Ochrophyta; Pelagophyceae; Sarcinochrysidales	Sarcinochrysidales	121.3	0
0	KHMBKGOM_00005	class	Archaeplastida; Chlorophyta; Chlorodendrophyceae; Chlorodendrales	Chlorodendrales	154.1	0
0	KHMBKGOM_00006	division	Alveolata; Dinoflagellata; Dinophyceae	Dinophyceae	59.3	0
0	KHMBKGOM_00007	class	Archaeplastida; Glaucophyta; Glaucocystophyceae; Glaucocystophytes	Glaucocystophytes	159.1	0
0	KHMBKGOM_00014	division	Stramenopiles; Ochrophyta; Bacillariophyta	Bacillariophyta	115.2	0
0	KHMBKGOM_00017	class	Rhizaria; Cercozoa; Chlorarachniophyceae; Chlorarachnida	Chlorarachnida	147.5	0
0	KHMBKGOM_00018	class	Stramenopiles; Ochrophyta; Chrysophyceae; Chrysophyceae_X	Chrysophyceae_X	78.6	0
0	KHMBKGOM_00020	class	Alveolata; Ciliophora; Ciliophora_X; Ciliophora_XX	Ciliophora_XX	129.0	0
0	KHMBKGOM_00026	class	Archaeplastida; Chlorophyta; Chlorophyceae; Chlamydomonadales	Chlamydomonadales	140.6	0
0	KHMBKGOM_00027	class	Archaeplastida; Glaucophyta; Glaucocystophyceae; Glaucocystophytes	Glaucocystophytes	124.4	0
0	KHMBKGOM_00029	class	Archaeplastida; Chlorophyta; Nephroselmidophyceae; Nephroselmidales	Nephroselmidales	171.0	0
0	KHMBKGOM_00031	order	Archaeplastida; Chlorophyta; Chlorodendrophyceae; Chlorodendrales; Chlorodendraceae	Chlorodendraceae	726.1	0
0	KHMBKGOM_00033	division	Opisthokonta; Fungi; Ascomycota	Ascomycota	142.9	0
0	KHMBKGOM_00035	class	Stramenopiles; Ochrophyta; Bacillariophyta; Bacillariophyta_X	Bacillariophyta_X	196.4	0
0	KHMBKGOM_00036	order	Stramenopiles; Ochrophyta; Bacillariophyta; Bacillariophyta_X; Polar-centric-Mediophyceae	Polar-centric-Mediophyceae	258.5	0
0	KHMBKGOM_00037	class	Archaeplastida; Chlorophyta; Mamiellophyceae; Mamiellales	Mamiellales	142.1	0
0	KHMBKGOM_00041	class	Excavata; Discoba; Euglenozoa; Euglenida	Euglenida	122.1	0
0	KHMBKGOM_00043	division	Archaeplastida; Chlorophyta; Trebouxiophyceae	Trebouxiophyceae	162.2	0
0	KHMBKGOM_00044	class	Stramenopiles; Ochrophyta; Chrysophyceae; Chrysophyceae_X	Chrysophyceae_X	163.7	0
0	KHMBKGOM_00045	class	Stramenopiles; Ochrophyta; Bacillariophyta; Bacillariophyta_X	Bacillariophyta_X	144.1	0
0	KHMBKGOM_00047	family	Alveolata; Dinoflagellata; Dinophyceae; Gymnodiniales; Kareniaceae; Karlodinium	Karlodinium	101.7	0
0	KHMBKGOM_00048	class	Hacrobia; Cryptophyta; Cryptophyceae; Cryptophyceae_XXX	Cryptophyceae_XXX	141.7	0
0	KHMBKGOM_00051	division	Stramenopiles; Ochrophyta; Bacillariophyta	Bacillariophyta	151.4	0
0	KHMBKGOM_00053	class	Stramenopiles; Ochrophyta; Raphidophyceae; Raphidophyceae_X	Raphidophyceae_X	90.1	0
0	KHMBKGOM_00056	class	Amoebozoa; Lobosa; Discosea-Flabellinia; Dactylopodida	Dactylopodida	191.8	0
0	KHMBKGOM_00057	class	Stramenopiles; Ochrophyta; Bacillariophyta; Bacillariophyta_X	Bacillariophyta_X	74.3	0
0	KHMBKGOM_00059	class	Hacrobia; Cryptophyta; Cryptophyceae; Goniomonadales	Goniomonadales	271.2	0
0	KHMBKGOM_00066	class	Archaeplastida; Chlorophyta; Chlorophyceae; Chlamydomonadales	Chlamydomonadales	206.1	0
0	KHMBKGOM_00067	class	Hacrobia; Haptophyta; Prymnesiophyceae; Isochrysidales	Isochrysidales	60.8	0
0	KHMBKGOM_00070	class	Stramenopiles; Ochrophyta; Bacillariophyta; Bacillariophyta_X	Bacillariophyta_X	175.6	0
0	KHMBKGOM_00073	class	Stramenopiles; Ochrophyta; Bacillariophyta; Bacillariophyta_X	Bacillariophyta_X	432.2	0
0	KHMBKGOM_00075	class	Amoebozoa; Conosa; Variosea; Variosea_X	Variosea_X	191.4	0
0	KHMBKGOM_00080	division	Archaeplastida; Chlorophyta	Chlorophyta	127.1	1
0	KHMBKGOM_00081	family	Stramenopiles; Ochrophyta; Dictyochophyceae; Dictyochophyceae_X; Pedinellales; Pseudopedinella	Pseudopedinella	94.4	0
0	KHMBKGOM_00087	division	Stramenopiles; Ochrophyta; Bacillariophyta	Bacillariophyta	99.4	0
0	KHMBKGOM_00088	class	Archaeplastida; Rhodophyta; Stylonematophyceae; Porphyridiales-2	Porphyridiales-2	104.8	0
0	KHMBKGOM_00090	class	Archaeplastida; Chlorophyta; Trebouxiophyceae; Chlorellales	Chlorellales	122.1	0
0	KHMBKGOM_00091	class	Stramenopiles; Ochrophyta; Synchromophyceae; Synchromadales	Synchromadales	169.5	0
0	KHMBKGOM_00092	class	Hacrobia; Cryptophyta; Cryptophyceae; Cryptomonadales	Cryptomonadales	161.8	0
0	KHMBKGOM_00093	class	Stramenopiles; Ochrophyta; Bacillariophyta; Bacillariophyta_X	Bacillariophyta_X	108.2	0
0	KHMBKGOM_00094	class	Hacrobia; Haptophyta; Prymnesiophyceae; Isochrysidales	Isochrysidales	63.5	0
0	KHMBKGOM_00098	class	Rhizaria; Cercozoa; Chlorarachniophyceae; Chlorarachnida	Chlorarachnida	124.0	0
0	KHMBKGOM_00100	class	Hacrobia; Cryptophyta; Cryptophyceae; Cryptomonadales	Cryptomonadales	85.1	0
0	KHMBKGOM_00106	class	Alveolata; Ciliophora; Spirotrichea; Tintinnida	Tintinnida	77.0	0
0	KHMBKGOM_00108	division	Stramenopiles; Ochrophyta; Bacillariophyta	Bacillariophyta	62.8	0
0	KHMBKGOM_00115	class	Stramenopiles; Ochrophyta; Bacillariophyta; Bacillariophyta_X	Bacillariophyta_X	257.3	0
0	KHMBKGOM_00117	class	Stramenopiles; Ochrophyta; Bacillariophyta; Bacillariophyta_X	Bacillariophyta_X	151.0	0
0	KHMBKGOM_00120	class	Stramenopiles; Ochrophyta; Bacillariophyta; Bacillariophyta_X	Bacillariophyta_X	247.7	0
0	KHMBKGOM_00122	class	Archaeplastida; Glaucophyta; Glaucocystophyceae; Glaucocystophytes	Glaucocystophytes	194.9	0
0	KHMBKGOM_00123	class	Archaeplastida; Chlorophyta; Pyramimonadales; Pyramimonadales_X	Pyramimonadales_X	161.8	0
0	KHMBKGOM_00127	division	Archaeplastida; Glaucophyta; Glaucocystophyceae	Glaucocystophyceae	85.5	0
0	KHMBKGOM_00128	class	Stramenopiles; Ochrophyta; Bacillariophyta; Bacillariophyta_X	Bacillariophyta_X	75.5	0
0	KHMBKGOM_00133	class	Stramenopiles; Ochrophyta; Raphidophyceae; Raphidophyceae_X	Raphidophyceae_X	57.0	0
0	KHMBKGOM_00136	class	Archaeplastida; Chlorophyta; Chloropicophyceae; Chloropicales	Chloropicales	173.7	0
0	KHMBKGOM_00138	order	Stramenopiles; Ochrophyta; Raphidophyceae; Raphidophyceae_X; Raphidophyceae_XX	Raphidophyceae_XX	57.4	0
0	KHMBKGOM_00139	division	Stramenopiles; Ochrophyta; Bacillariophyta	Bacillariophyta	88.6	0
0	KHMBKGOM_00142	class	Archaeplastida; Glaucophyta; Glaucocystophyceae; Glaucocystophytes	Glaucocystophytes	90.1	0
0	KHMBKGOM_00144	class	Stramenopiles; Ochrophyta; Bacillariophyta; Bacillariophyta_X	Bacillariophyta_X	277.3	0
0	KHMBKGOM_00145	class	Stramenopiles; Ochrophyta; Bacillariophyta; Bacillariophyta_X	Bacillariophyta_X	146.7	0
0	KHMBKGOM_00146	order	Hacrobia; Cryptophyta; Cryptophyceae; Cryptomonadales; Cryptomonadales_X	Cryptomonadales_X	124.8	0
0	KHMBKGOM_00150	class	Archaeplastida; Chlorophyta; Chlorophyceae; Chlamydomonadales	Chlamydomonadales	76.3	0
0	KHMBKGOM_00155	division	Archaeplastida; Chlorophyta; Mamiellophyceae	Mamiellophyceae	64.3	0
0	KHMBKGOM_00157	order	Archaeplastida; Chlorophyta; Nephroselmidophyceae; Nephroselmidales; Nephroselmidales_X	Nephroselmidales_X	103.2	0
0	KHMBKGOM_00161	class	Stramenopiles; Ochrophyta; Bacillariophyta; Bacillariophyta_X	Bacillariophyta_X	156.8	0
0	KHMBKGOM_00164	class	Excavata; Discoba; Euglenozoa; Euglenida	Euglenida	141.0	0
0	KHMBKGOM_00165	division	Archaeplastida; Rhodophyta; Compsopogonophyceae	Compsopogonophyceae	73.9	0
0	KHMBKGOM_00166				93.2	1
0	KHMBKGOM_00167	class	Stramenopiles; Ochrophyta; Bacillariophyta; Bacillariophyta_X	Bacillariophyta_X	327.8	0
0	KHMBKGOM_00168	division	Amoebozoa; Conosa; Variosea	Variosea	105.9	0
0	KHMBKGOM_00169	class	Stramenopiles; Ochrophyta; Bacillariophyta; Bacillariophyta_X	Bacillariophyta_X	332.4	0
0	KHMBKGOM_00176	class	Alveolata; Dinoflagellata; Dinophyceae; Gonyaulacales	Gonyaulacales	129.0	0
0	KHMBKGOM_00177	class	Hacrobia; Cryptophyta; Cryptophyceae; Goniomonadales	Goniomonadales	263.5	0
0	KHMBKGOM_00178	division	Amoebozoa; Conosa; Variosea	Variosea	118.2	0
0	KHMBKGOM_00179	division	Stramenopiles; Ochrophyta; Bacillariophyta	Bacillariophyta	119.4	0
0	KHMBKGOM_00182	class	Rhizaria; Cercozoa; Chlorarachniophyceae; Chlorarachnida	Chlorarachnida	64.3	0
0	KHMBKGOM_00189	class	Stramenopiles; Ochrophyta; Bacillariophyta; Bacillariophyta_X	Bacillariophyta_X	227.3	0
0	KHMBKGOM_00190	class	Stramenopiles; Ochrophyta; Bacillariophyta; Bacillariophyta_X	Bacillariophyta_X	113.6	0
0	KHMBKGOM_00193	class	Alveolata; Dinoflagellata; Oxyrrhea; Oxyrrhinales	Oxyrrhinales	79.0	0
0	KHMBKGOM_00195	division	Amoebozoa; Lobosa	Lobosa	120.6	1
0	KHMBKGOM_00199	order	Stramenopiles; Ochrophyta; Bacillariophyta; Bacillariophyta_X; Araphid-pennate	Araphid-pennate	198.7	0
0	KHMBKGOM_00200	class	Stramenopiles; Ochrophyta; Bacillariophyta; Bacillariophyta_X	Bacillariophyta_X	114.4	0
0	KHMBKGOM_00202	order	Alveolata; Dinoflagellata; Dinophyceae; Peridiniales; Kryptoperidiniaceae	Kryptoperidiniaceae	139.0	0
0	KHMBKGOM_00204	class	Alveolata; Ciliophora; Ciliophora_X; Ciliophora_XX	Ciliophora_XX	145.6	0
0	KHMBKGOM_00206	class	Archaeplastida; Chlorophyta; Mamiellophyceae; Mamiellales	Mamiellales	212.2	0
0	KHMBKGOM_00208	class	Stramenopiles; Ochrophyta; Bacillariophyta; Bacillariophyta_X	Bacillariophyta_X	59.7	0
0	KHMBKGOM_00213	class	Alveolata; Ciliophora; Ciliophora_X; Ciliophora_XX	Ciliophora_XX	241.9	0
0	KHMBKGOM_00215	class	Hacrobia; Cryptophyta; Cryptophyceae; Goniomonadales	Goniomonadales	102.8	0
0	KHMBKGOM_00220	order	Archaeplastida; Chlorophyta; Chlorophyceae; Chlamydomonadales; Chlamydomonadales_X	Chlamydomonadales_X	251.5	0
0	KHMBKGOM_00225	class	Archaeplastida; Chlorophyta; Mamiellophyceae; Mamiellales	Mamiellales	64.3	0
0	KHMBKGOM_00226	order	Alveolata; Ciliophora; Ciliophora_X; Ciliophora_XX; Ciliophora_XXX	Ciliophora_XXX	567.0	0
0	KHMBKGOM_00236	division	Stramenopiles; Ochrophyta; Bacillariophyta	Bacillariophyta	149.4	0
0	KHMBKGOM_00239	class	Archaeplastida; Chlorophyta; Chlorophyta_X; Chlorophyta_XX	Chlorophyta_XX	111.7	0
0	KHMBKGOM_00241	division	Archaeplastida; Chlorophyta	Chlorophyta	413.3	1
0	KHMBKGOM_00243	class	Archaeplastida; Chlorophyta; Chlorodendrophyceae; Chlorodendrales	Chlorodendrales	616.7	0
0	KHMBKGOM_00245	class	Stramenopiles; Ochrophyta; Bacillariophyta; Bacillariophyta_X	Bacillariophyta_X	108.6	0
0	KHMBKGOM_00249	class	Archaeplastida; Rhodophyta; Stylonematophyceae; Porphyridiales-2	Porphyridiales-2	379.4	0
0	KHMBKGOM_00250				96.3	1
0	KHMBKGOM_00252	class	Stramenopiles; Ochrophyta; Raphidophyceae; Raphidophyceae_X	Raphidophyceae_X	75.9	0
0	KHMBKGOM_00259	class	Amoebozoa; Lobosa; Discosea-Flabellinia; Vannellida	Vannellida	82.8	0
0	KHMBKGOM_00260	class	Archaeplastida; Chlorophyta; Pyramimonadales; Pyramimonadales_X	Pyramimonadales_X	163.7	0
0	KHMBKGOM_00263	class	Alveolata; Dinoflagellata; Oxyrrhea; Oxyrrhinales	Oxyrrhinales	172.6	0
0	KHMBKGOM_00266	division	Hacrobia; Cryptophyta; Cryptophyceae	Cryptophyceae	127.9	0
0	KHMBKGOM_00270	division	Amoebozoa; Conosa; Variosea	Variosea	92.8	0
0	KHMBKGOM_00271	division	Alveolata; Dinoflagellata; Dinophyceae	Dinophyceae	60.5	0
0	KHMBKGOM_00272	order	Stramenopiles; Ochrophyta; Bacillariophyta; Bacillariophyta_X; Polar-centric-Mediophyceae	Polar-centric-Mediophyceae	100.9	0
0	KHMBKGOM_00273	order	Stramenopiles; Ochrophyta; Bacillariophyta; Bacillariophyta_X; Polar-centric-Mediophyceae	Polar-centric-Mediophyceae	62.4	0
0	KHMBKGOM_00276	class	Amoebozoa; Lobosa; Tubulinea; Arcellinida	Arcellinida	63.2	0
0	KHMBKGOM_00278	class	Hacrobia; Cryptophyta; Cryptophyceae; Cryptomonadales	Cryptomonadales	476.9	0
0	KHMBKGOM_00279	division	Archaeplastida; Chlorophyta; Chlorodendrophyceae	Chlorodendrophyceae	113.6	0
0	KHMBKGOM_00280	class	Stramenopiles; Ochrophyta; Bacillariophyta; Bacillariophyta_X	Bacillariophyta_X	168.7	0
0	KHMBKGOM_00281	division	Stramenopiles; Ochrophyta; Bacillariophyta	Bacillariophyta	131.3	0
0	KHMBKGOM_00282	order	Archaeplastida; Chlorophyta; Trebouxiophyceae; Prasiolales; Prasiolales_X	Prasiolales_X	234.6	0
0	KHMBKGOM_00286	order	Stramenopiles; Ochrophyta; Bacillariophyta; Bacillariophyta_X; Araphid-pennate	Araphid-pennate	462.6	0
0	KHMBKGOM_00288	class	Stramenopiles; Ochrophyta; Chrysophyceae; Chrysophyceae_X	Chrysophyceae_X	112.5	0
0	KHMBKGOM_00290	class	Archaeplastida; Rhodophyta; Stylonematophyceae; Porphyridiales-2	Porphyridiales-2	337.8	0
0	KHMBKGOM_00291	class	Stramenopiles; Sagenista; Labyrinthulomycetes; Labyrinthulales	Labyrinthulales	180.3	0
0	KHMBKGOM_00295	class	Hacrobia; Haptophyta; Prymnesiophyceae; Phaeocystales	Phaeocystales	156.0	0
0	KHMBKGOM_00297	order	Stramenopiles; Ochrophyta; Bacillariophyta; Bacillariophyta_X; Araphid-pennate	Araphid-pennate	346.3	0
0	KHMBKGOM_00298	class	Archaeplastida; Chlorophyta; Mamiellophyceae; Dolichomastigales	Dolichomastigales	369.0	0
0	KHMBKGOM_00305	class	Archaeplastida; Chlorophyta; Picocystophyceae; Picocystales	Picocystales	265.8	0
0	KHMBKGOM_00312	class	Alveolata; Apicomplexa; Colpodellidea; Vitrelladida	Vitrelladida	119.0	0
0	KHMBKGOM_00318	class	Stramenopiles; Ochrophyta; Bacillariophyta; Bacillariophyta_X	Bacillariophyta_X	105.9	0
0	KHMBKGOM_00321	class	Hacrobia; Haptophyta; Prymnesiophyceae; Phaeocystales	Phaeocystales	183.7	0
0	KHMBKGOM_00323	division	Rhizaria; Cercozoa; Chlorarachniophyceae	Chlorarachniophyceae	61.6	0
0	KHMBKGOM_00324	class	Rhizaria; Cercozoa; Chlorarachniophyceae; Chlorarachnida	Chlorarachnida	100.9	0
0	KHMBKGOM_00326	order	Stramenopiles; Ochrophyta; Bacillariophyta; Bacillariophyta_X; Polar-centric-Mediophyceae	Polar-centric-Mediophyceae	172.9	0
0	KHMBKGOM_00329	class	Rhizaria; Cercozoa; Chlorarachniophyceae; Chlorarachnida	Chlorarachnida	136.7	0
0	KHMBKGOM_00335	class	Stramenopiles; Sagenista; Labyrinthulomycetes; Thraustochytriales	Thraustochytriales	152.1	0
0	KHMBKGOM_00338	class	Hacrobia; Cryptophyta; Cryptophyceae; Cryptomonadales	Cryptomonadales	180.3	0
0	KHMBKGOM_00344	order	Archaeplastida; Chlorophyta; Prasino-Clade-V; Pseudoscourfieldiales; Pycnococcaceae	Pycnococcaceae	117.9	0
0	KHMBKGOM_00345	order	Archaeplastida; Chlorophyta; Trebouxiophyceae; Chlorellales; Chlorellales_X	Chlorellales_X	194.9	0
0	KHMBKGOM_00346	order	Stramenopiles; Ochrophyta; Bacillariophyta; Bacillariophyta_X; Polar-centric-Mediophyceae	Polar-centric-Mediophyceae	132.9	0
0	KHMBKGOM_00348	order	Stramenopiles; Ochrophyta; Dictyochophyceae; Dictyochophyceae_X; Pedinellales	Pedinellales	244.6	0
0	KHMBKGOM_00349	order	Stramenopiles; Ochrophyta; Bacillariophyta; Bacillariophyta_X; Araphid-pennate	Araphid-pennate	112.5	0
0	KHMBKGOM_00350	family	Stramenopiles; Ochrophyta; Bacillariophyta; Bacillariophyta_X; Polar-centric-Mediophyceae; Chaetoceros	Chaetoceros	164.5	0
0	KHMBKGOM_00351	order	Opisthokonta; Choanoflagellida; Choanoflagellatea; Acanthoecida; Acanthoecida_X	Acanthoecida_X	91.3	0
0	KHMBKGOM_00352	order	Stramenopiles; Ochrophyta; Bacillariophyta; Bacillariophyta_X; Araphid-pennate	Araphid-pennate	61.2	0
0	KHMBKGOM_00353	order	Hacrobia; Cryptophyta; Cryptophyceae; Goniomonadales; Goniomonadales_X	Goniomonadales_X	161.0	0
0	KHMBKGOM_00354	order	Stramenopiles; Ochrophyta; Bacillariophyta; Bacillariophyta_X; Araphid-pennate	Araphid-pennate	250.0	0
0	KHMBKGOM_00355	order	Hacrobia; Haptophyta; Pavlovophyceae; Pavlovales; Pavlovaceae	Pavlovaceae	107.8	0
0	KHMBKGOM_00356				127.5	1
0	KHMBKGOM_00357	order	Stramenopiles; Ochrophyta; Dictyochophyceae; Dictyochophyceae_X; Pedinellales	Pedinellales	278.1	0
0	KHMBKGOM_00362	family	Archaeplastida; Chlorophyta; Chlorodendrophyceae; Chlorodendrales; Chlorodendraceae; Tetraselmis	Tetraselmis	142.9	0
0	KHMBKGOM_00367	division	Stramenopiles; Ochrophyta; Bacillariophyta	Bacillariophyta	64.3	0
0	KHMBKGOM_00368	supergroup	Alveolata	Alveolata	97.4	1
0	KHMBKGOM_00374	family	Archaeplastida; Rhodophyta; Porphyridiophyceae; Porphyridiales; Porphyridiales_X; Porphyridium	Porphyridium	435.6	0
0	KHMBKGOM_00375	class	Stramenopiles; Ochrophyta; Bacillariophyta; Bacillariophyta_X	Bacillariophyta_X	191.0	0
0	KHMBKGOM_00389	class	Archaeplastida; Chlorophyta; Trebouxiophyceae; Chlorellales	Chlorellales	114.4	0
0	KHMBKGOM_00392	order	Archaeplastida; Chlorophyta; Chlorophyceae; Chlamydomonadales; Chlamydomonadales_X	Chlamydomonadales_X	618.2	0
0	KHMBKGOM_00400	class	Hacrobia; Cryptophyta; Cryptophyceae; Cryptomonadales	Cryptomonadales	157.9	0
0	KHMBKGOM_00402	class	Hacrobia; Hacrobia_X; Hacrobia_XX; Hacrobia_XXX	Hacrobia_XXX	146.0	0
0	KHMBKGOM_00404	class	Archaeplastida; Chlorophyta; Chloropicophyceae; Chloropicales	Chloropicales	105.1	0
0	KHMBKGOM_00405	class	Stramenopiles; Ochrophyta; Bacillariophyta; Bacillariophyta_X	Bacillariophyta_X	292.7	0
0	KHMBKGOM_00406	class	Stramenopiles; Ochrophyta; Bacillariophyta; Bacillariophyta_X	Bacillariophyta_X	231.9	0
0	KHMBKGOM_00409	family	Archaeplastida; Chlorophyta; Chloropicophyceae; Chloropicales; Chloropicaceae; Chloroparvula	Chloroparvula	299.3	0
0	KHMBKGOM_00414	division	Stramenopiles; Ochrophyta; Bacillariophyta	Bacillariophyta	140.6	0
0	KHMBKGOM_00416	class	Archaeplastida; Rhodophyta; Compsopogonophyceae; Compsopogonales	Compsopogonales	62.0	0
0	KHMBKGOM_00419	division	Stramenopiles; Ochrophyta; Raphidophyceae	Raphidophyceae	70.9	0
0	KHMBKGOM_00421	order	Stramenopiles; Ochrophyta; Bacillariophyta; Bacillariophyta_X; Polar-centric-Mediophyceae	Polar-centric-Mediophyceae	151.0	0
0	KHMBKGOM_00423	division	Stramenopiles; Ochrophyta; Bacillariophyta	Bacillariophyta	61.6	0
0	KHMBKGOM_00429	class	Alveolata; Dinoflagellata; Dinophyceae; Peridiniales	Peridiniales	222.6	0
0	KHMBKGOM_00434	class	Archaeplastida; Chlorophyta; Mamiellophyceae; Dolichomastigales	Dolichomastigales	266.2	0
0	KHMBKGOM_00435	class	Rhizaria; Cercozoa; Chlorarachniophyceae; Chlorarachnida	Chlorarachnida	304.7	0
0	KHMBKGOM_00437	class	Stramenopiles; Ochrophyta; Bacillariophyta; Bacillariophyta_X	Bacillariophyta_X	61.6	0
0	KHMBKGOM_00440	class	Stramenopiles; Ochrophyta; Bacillariophyta; Bacillariophyta_X	Bacillariophyta_X	152.9	0
0	KHMBKGOM_00442	class	Stramenopiles; Sagenista; Labyrinthulomycetes; Thraustochytriales	Thraustochytriales	153.7	0
0	KHMBKGOM_00447	class	Hacrobia; Haptophyta; Prymnesiophyceae; Phaeocystales	Phaeocystales	58.2	0
0	KHMBKGOM_00448	class	Stramenopiles; Ochrophyta; Dictyochophyceae; Dictyochophyceae_X	Dictyochophyceae_X	181.8	0
0	KHMBKGOM_00452	class	Opisthokonta; Fungi; Ascomycota; Saccharomycotina	Saccharomycotina	183.0	0
0	KHMBKGOM_00459	class	Amoebozoa; Lobosa; Lobosa_X; Stygamoebida	Stygamoebida	196.8	0
0	KHMBKGOM_00464	class	Stramenopiles; Ochrophyta; Bacillariophyta; Bacillariophyta_X	Bacillariophyta_X	97.4	0
0	KHMBKGOM_00466	division	Stramenopiles; Ochrophyta; Bacillariophyta	Bacillariophyta	104.4	0
0	KHMBKGOM_00472	genus	Hacrobia; Cryptophyta; Cryptophyceae; Cryptomonadales; Cryptomonadales_X; Proteomonas; Proteomonas sulcata	Proteomonas sulcata	708.4	0
0	KHMBKGOM_00476	genus	Stramenopiles; Ochrophyta; Dictyochophyceae; Dictyochophyceae_X; Pedinellales; Pseudopedinella; Pseudopedinella elastica	Pseudopedinella elastica	180.3	0
0	KHMBKGOM_00479				119.8	1
0	KHMBKGOM_00484	division	Hacrobia; Haptophyta; Prymnesiophyceae	Prymnesiophyceae	92.0	0
0	KHMBKGOM_00486	division	Stramenopiles; Ochrophyta; Chrysophyceae	Chrysophyceae	60.8	0
0	KHMBKGOM_00487	class	Hacrobia; Cryptophyta; Cryptophyceae; Cryptomonadales	Cryptomonadales	122.5	0
0	KHMBKGOM_00489	class	Archaeplastida; Glaucophyta; Glaucocystophyceae; Glaucocystophytes	Glaucocystophytes	115.2	0
0	KHMBKGOM_00490	class	Hacrobia; Haptophyta; Prymnesiophyceae; Isochrysidales	Isochrysidales	87.8	0
0	KHMBKGOM_00494	class	Alveolata; Dinoflagellata; Dinophyceae; Gonyaulacales	Gonyaulacales	59.7	0
0	KHMBKGOM_00495	class	Archaeplastida; Rhodophyta; Stylonematophyceae; Porphyridiales-2	Porphyridiales-2	182.2	0
0	KHMBKGOM_00496	class	Hacrobia; Haptophyta; Pavlovophyceae; Pavlovales	Pavlovales	251.5	0
0	KHMBKGOM_00497	class	Stramenopiles; Ochrophyta; Bacillariophyta; Bacillariophyta_X	Bacillariophyta_X	328.2	0
0	KHMBKGOM_00498	order	Stramenopiles; Ochrophyta; Bacillariophyta; Bacillariophyta_X; Polar-centric-Mediophyceae	Polar-centric-Mediophyceae	95.9	0
0	KHMBKGOM_00499	order	Stramenopiles; Ochrophyta; Bacillariophyta; Bacillariophyta_X; Araphid-pennate	Araphid-pennate	412.9	0
0	KHMBKGOM_00501	family	Archaeplastida; Chlorophyta; Mamiellophyceae; Dolichomastigales; Dolichomastigaceae; Dolichomastix	Dolichomastix	256.5	0
0	KHMBKGOM_00502	class	Hacrobia; Haptophyta; Prymnesiophyceae; Isochrysidales	Isochrysidales	136.7	0
0	KHMBKGOM_00503	class	Stramenopiles; Ochrophyta; Bacillariophyta; Bacillariophyta_X	Bacillariophyta_X	281.6	0
0	KHMBKGOM_00505	class	Amoebozoa; Discosea; Discosea_X; Discosea_XX	Discosea_XX	93.2	0
0	KHMBKGOM_00507	class	Archaeplastida; Chlorophyta; Picocystophyceae; Picocystales	Picocystales	123.6	0
0	KHMBKGOM_00512	division	Archaeplastida; Rhodophyta; Porphyridiophyceae	Porphyridiophyceae	99.4	0
0	KHMBKGOM_00520	class	Stramenopiles; Stramenopiles_X; Stramenopiles_XX; Stramenopiles_XXX	Stramenopiles_XXX	142.1	0
0	KHMBKGOM_00521	class	Stramenopiles; Ochrophyta; Dictyochophyceae; Dictyochophyceae_X	Dictyochophyceae_X	165.2	0
0	KHMBKGOM_00525	class	Stramenopiles; Ochrophyta; Dictyochophyceae; Dictyochophyceae_X	Dictyochophyceae_X	126.3	0
0	KHMBKGOM_00528	class	Alveolata; Ciliophora; Spirotrichea; Choreotrichida	Choreotrichida	211.8	0
0	KHMBKGOM_00530	class	Stramenopiles; Ochrophyta; Bacillariophyta; Bacillariophyta_X	Bacillariophyta_X	162.2	0
0	KHMBKGOM_00531	division	Excavata; Discoba; Heterolobosea	Heterolobosea	69.3	0
0	KHMBKGOM_00532	order	Alveolata; Ciliophora; Ciliophora_X; Ciliophora_XX; Ciliophora_XXX	Ciliophora_XXX	365.9	0
0	KHMBKGOM_00534	division	Stramenopiles; Ochrophyta; Bacillariophyta	Bacillariophyta	85.9	0
0	KHMBKGOM_00540	class	Archaeplastida; Chlorophyta; Chlorophyceae; Chlamydomonadales	Chlamydomonadales	203.0	0
0	KHMBKGOM_00542	class	Archaeplastida; Rhodophyta; Porphyridiophyceae; Porphyridiales	Porphyridiales	529.3	0
0	KHMBKGOM_00543				241.1	1
0	KHMBKGOM_00547	class	Stramenopiles; Ochrophyta; Bacillariophyta; Bacillariophyta_X	Bacillariophyta_X	105.5	0
0	KHMBKGOM_00550	family	Archaeplastida; Chlorophyta; Nephroselmidophyceae; Nephroselmidales; Nephroselmidales_X; Nephroselmis	Nephroselmis	85.5	0
0	KHMBKGOM_00552				173.7	1
0	KHMBKGOM_00556	class	Stramenopiles; Ochrophyta; Bacillariophyta; Bacillariophyta_X	Bacillariophyta_X	83.6	0
0	KHMBKGOM_00561	order	Stramenopiles; Opalozoa; Bicoecea; Anoecales; Cafeteriaceae	Cafeteriaceae	376.7	0
0	KHMBKGOM_00563	class	Stramenopiles; Ochrophyta; Bacillariophyta; Bacillariophyta_X	Bacillariophyta_X	106.3	0
0	KHMBKGOM_00566	division	Stramenopiles; Ochrophyta; Bacillariophyta	Bacillariophyta	93.2	0
0	KHMBKGOM_00568	class	Hacrobia; Haptophyta; Prymnesiophyceae; Coccolithales	Coccolithales	77.0	0
0	KHMBKGOM_00570	class	Archaeplastida; Chlorophyta; Pyramimonadales; Pyramimonadales_X	Pyramimonadales_X	61.6	0
0	KHMBKGOM_00571	class	Amoebozoa; Lobosa; Discosea-Flabellinia; Vannellida	Vannellida	107.5	0
0	KHMBKGOM_00573	division	Stramenopiles; Ochrophyta; Bacillariophyta	Bacillariophyta	67.8	0
0	KHMBKGOM_00575	class	Hacrobia; Haptophyta; Prymnesiophyceae; Isochrysidales	Isochrysidales	164.5	0
0	KHMBKGOM_00576	class	Archaeplastida; Chlorophyta; Palmophyllophyceae; Prasinococcales	Prasinococcales	179.9	0
0	KHMBKGOM_00580	division	Stramenopiles; Stramenopiles_X; Stramenopiles_XX	Stramenopiles_XX	179.5	0
0	KHMBKGOM_00581	class	Stramenopiles; Ochrophyta; Dictyochophyceae; Dictyochophyceae_X	Dictyochophyceae_X	163.7	0
0	KHMBKGOM_00582	class	Stramenopiles; Ochrophyta; Raphidophyceae; Raphidophyceae_X	Raphidophyceae_X	76.6	0
0	KHMBKGOM_00583	order	Stramenopiles; Ochrophyta; Bacillariophyta; Bacillariophyta_X; Araphid-pennate	Araphid-pennate	95.9	0
0	KHMBKGOM_00585	order	Stramenopiles; Ochrophyta; Bacillariophyta; Bacillariophyta_X; Polar-centric-Mediophyceae	Polar-centric-Mediophyceae	94.4	0
0	KHMBKGOM_00589	class	Stramenopiles; Ochrophyta; Bacillariophyta; Bacillariophyta_X	Bacillariophyta_X	134.4	0
0	KHMBKGOM_00596	order	Alveolata; Ciliophora; Heterotrichea; Heterotrichea_X; Climacostomidae	Climacostomidae	223.8	0
0	KHMBKGOM_00597	class	Stramenopiles; Ochrophyta; Bacillariophyta; Bacillariophyta_X	Bacillariophyta_X	78.6	0
0	KHMBKGOM_00598	class	Hacrobia; Cryptophyta; Cryptophyceae; Goniomonadales	Goniomonadales	99.4	0
0	KHMBKGOM_00603	division	Archaeplastida; Chlorophyta; Chlorodendrophyceae	Chlorodendrophyceae	89.0	0
0	KHMBKGOM_00606	class	Hacrobia; Cryptophyta; Cryptophyceae; Cryptomonadales	Cryptomonadales	228.4	0
0	KHMBKGOM_00613	class	Stramenopiles; Ochrophyta; Bacillariophyta; Bacillariophyta_X	Bacillariophyta_X	500.7	0
0	KHMBKGOM_00616	order	Stramenopiles; Ochrophyta; Dictyochophyceae; Dictyochophyceae_X; Pedinellales	Pedinellales	681.8	0
0	KHMBKGOM_00618	class	Archaeplastida; Chlorophyta; Chlorodendrophyceae; Chlorodendrales	Chlorodendrales	213.4	0
0	KHMBKGOM_00623	class	Archaeplastida; Chlorophyta; Palmophyllophyceae; Prasinococcales	Prasinococcales	382.1	0
0	KHMBKGOM_00624	division	Alveolata; Dinoflagellata; Dinophyceae	Dinophyceae	60.5	0
0	KHMBKGOM_00625	order	Stramenopiles; Ochrophyta; Bacillariophyta; Bacillariophyta_X; Polar-centric-Mediophyceae	Polar-centric-Mediophyceae	438.3	0
0	KHMBKGOM_00626	division	Alveolata; Dinoflagellata; Oxyrrhea	Oxyrrhea	130.6	0
0	KHMBKGOM_00627	order	Stramenopiles; Ochrophyta; Bacillariophyta; Bacillariophyta_X; Polar-centric-Mediophyceae	Polar-centric-Mediophyceae	275.4	0
0	KHMBKGOM_00634	genus	Archaeplastida; Chlorophyta; Chloropicophyceae; Chloropicales; Chloropicaceae; Chloroparvula; Chloroparvula japonica	Chloroparvula japonica	90.5	0
0	KHMBKGOM_00640	class	Amoebozoa; Conosa; Variosea; Variosea_X	Variosea_X	378.3	0
0	KHMBKGOM_00645	class	Archaeplastida; Rhodophyta; Stylonematophyceae; Porphyridiales-2	Porphyridiales-2	344.4	0
0	KHMBKGOM_00649	class	Archaeplastida; Chlorophyta; Chlorophyceae; Chlamydomonadales	Chlamydomonadales	151.0	0
0	KHMBKGOM_00653	division	Alveolata; Dinoflagellata; Dinophyceae	Dinophyceae	60.8	0
0	KHMBKGOM_00656	class	Stramenopiles; Sagenista; Labyrinthulomycetes; Labyrinthulales	Labyrinthulales	59.7	0
0	KHMBKGOM_00657	division	Stramenopiles; Ochrophyta; Bacillariophyta	Bacillariophyta	121.3	0
0	KHMBKGOM_00658	class	Archaeplastida; Chlorophyta; Nephroselmidophyceae; Nephroselmidales	Nephroselmidales	269.6	0
0	KHMBKGOM_00659	class	Alveolata; Dinoflagellata; Dinophyceae; Suessiales	Suessiales	131.3	0
0	KHMBKGOM_00661	class	Stramenopiles; Ochrophyta; Synurophyceae; Synurales	Synurales	342.0	0
0	KHMBKGOM_00662	class	Stramenopiles; Ochrophyta; Chrysophyceae; Chrysophyceae_X	Chrysophyceae_X	85.1	0
0	KHMBKGOM_00665	class	Stramenopiles; Ochrophyta; Bacillariophyta; Bacillariophyta_X	Bacillariophyta_X	85.1	0
0	KHMBKGOM_00667	class	Archaeplastida; Rhodophyta; Compsopogonophyceae; Erythropeltidales	Erythropeltidales	147.9	0
0	KHMBKGOM_00671	class	Archaeplastida; Rhodophyta; Rhodellophyceae; Rhodellales	Rhodellales	475.3	0
0	KHMBKGOM_00673	class	Stramenopiles; Opalozoa; Bicoecea; Anoecales	Anoecales	96.3	0
0	KHMBKGOM_00674	class	Alveolata; Apicomplexa; Colpodellidea; Colpodellida	Colpodellida	273.9	0
0	KHMBKGOM_00675	class	Archaeplastida; Chlorophyta; Pyramimonadales; Pyramimonadales_X	Pyramimonadales_X	218.0	0
0	KHMBKGOM_00678	division	Stramenopiles; Ochrophyta	Ochrophyta	128.3	1
0	KHMBKGOM_00679	class	Excavata; Discoba; Euglenozoa; Euglenida	Euglenida	114.0	0
0	KHMBKGOM_00681	class	Stramenopiles; Ochrophyta; Pelagophyceae; Pelagomonadales	Pelagomonadales	119.0	0
0	KHMBKGOM_00685	class	Alveolata; Dinoflagellata; Dinophyceae; Peridiniales	Peridiniales	160.2	0
0	KHMBKGOM_00686	class	Archaeplastida; Rhodophyta; Porphyridiophyceae; Porphyridiales	Porphyridiales	124.4	0
0	KHMBKGOM_00687	class	Hacrobia; Haptophyta; Pavlovophyceae; Pavlovales	Pavlovales	323.9	0
0	KHMBKGOM_00688	class	Archaeplastida; Chlorophyta; Trebouxiophyceae; Prasiolales	Prasiolales	159.1	0
0	KHMBKGOM_00693	class	Stramenopiles; Ochrophyta; Bacillariophyta; Bacillariophyta_X	Bacillariophyta_X	85.1	0
0	KHMBKGOM_00694	class	Alveolata; Apicomplexa; Gregarinomorphea; Eugregarinorida	Eugregarinorida	134.4	0
0	KHMBKGOM_00695	class	Alveolata; Dinoflagellata; Oxyrrhea; Oxyrrhinales	Oxyrrhinales	169.9	0
0	KHMBKGOM_00697	class	Stramenopiles; Ochrophyta; Dictyochophyceae; Dictyochophyceae_X	Dictyochophyceae_X	61.6	0
0	KHMBKGOM_00703	order	Stramenopiles; Ochrophyta; Bacillariophyta; Bacillariophyta_X; Polar-centric-Mediophyceae	Polar-centric-Mediophyceae	241.9	0
0	KHMBKGOM_00704	class	Alveolata; Dinoflagellata; Dinophyceae; Suessiales	Suessiales	63.9	0
0	KHMBKGOM_00705	class	Stramenopiles; Sagenista; Labyrinthulomycetes; Thraustochytriales	Thraustochytriales	75.5	0
0	KHMBKGOM_00711	class	Archaeplastida; Chlorophyta; Trebouxiophyceae; Chlorellales	Chlorellales	97.1	0
0	KHMBKGOM_00712	class	Alveolata; Dinoflagellata; Dinophyceae; Gymnodiniales	Gymnodiniales	55.5	0
0	KHMBKGOM_00713	class	Stramenopiles; Opalozoa; Bicoecea; Bicoecales	Bicoecales	62.0	0
0	KHMBKGOM_00737	genus	Stramenopiles; Ochrophyta; Bacillariophyta; Bacillariophyta_X; Polar-centric-Mediophyceae; Thalassiosira; Thalassiosira miniscula	Thalassiosira miniscula	128.3	0
0	KHMBKGOM_00739	class	Stramenopiles; Ochrophyta; Bacillariophyta; Bacillariophyta_X	Bacillariophyta_X	270.8	0
0	KHMBKGOM_00740	order	Stramenopiles; Ochrophyta; Bacillariophyta; Bacillariophyta_X; Araphid-pennate	Araphid-pennate	288.9	0
0	KHMBKGOM_00741	family	Archaeplastida; Chlorophyta; Picocystophyceae; Picocystales; Picocystaceae; Picocystis	Picocystis	280.4	0
0	KHMBKGOM_00742	class	Archaeplastida; Chlorophyta; Chloropicophyceae; Chloropicales	Chloropicales	106.7	0
0	KHMBKGOM_00744	class	Alveolata; Ciliophora; Ciliophora_X; Ciliophora_XX	Ciliophora_XX	93.2	0
0	KHMBKGOM_00749	order	Stramenopiles; Ochrophyta; Bacillariophyta; Bacillariophyta_X; Polar-centric-Mediophyceae	Polar-centric-Mediophyceae	288.9	0
0	KHMBKGOM_00757	order	Archaeplastida; Chlorophyta; Trebouxiophyceae; Chlorellales; Chlorellales_X	Chlorellales_X	849.4	0
0	KHMBKGOM_00760	class	Amoebozoa; Lobosa; Discosea-Flabellinia; Dactylopodida	Dactylopodida	110.5	0
0	KHMBKGOM_00762	class	Archaeplastida; Chlorophyta; Chlorophyceae; Chlamydomonadales	Chlamydomonadales	135.2	0
0	KHMBKGOM_00766	genus	Archaeplastida; Chlorophyta; Pyramimonadales; Pyramimonadales_X; Pyramimonadales_XX; Pyramimonas; Pyramimonas parkeae	Pyramimonas parkeae	438.0	0
0	KHMBKGOM_00768	class	Stramenopiles; Ochrophyta; Bacillariophyta; Bacillariophyta_X	Bacillariophyta_X	178.3	0
0	KHMBKGOM_00769	class	Hacrobia; Cryptophyta; Cryptophyceae; Cryptomonadales	Cryptomonadales	65.1	0
0	KHMBKGOM_00771	class	Archaeplastida; Glaucophyta; Glaucocystophyceae; Glaucocystophytes	Glaucocystophytes	107.8	0
0	KHMBKGOM_00776	division	Stramenopiles; Ochrophyta; Bacillariophyta	Bacillariophyta	95.5	0
0	KHMBKGOM_00778	genus	Stramenopiles; Ochrophyta; Dictyochophyceae; Dictyochophyceae_X; Pedinellales; Pseudopedinella; Pseudopedinella elastica	Pseudopedinella elastica	120.6	0
0	KHMBKGOM_00780	class	Stramenopiles; Ochrophyta; Bacillariophyta; Bacillariophyta_X	Bacillariophyta_X	316.6	0
0	KHMBKGOM_00781	family	Archaeplastida; Chlorophyta; Mamiellophyceae; Dolichomastigales; Dolichomastigaceae; Dolichomastix	Dolichomastix	105.9	0
0	KHMBKGOM_00785	class	Stramenopiles; Ochrophyta; Bacillariophyta; Bacillariophyta_X	Bacillariophyta_X	143.3	0
0	KHMBKGOM_00786	class	Archaeplastida; Glaucophyta; Glaucocystophyceae; Glaucocystophytes	Glaucocystophytes	223.8	0
0	KHMBKGOM_00789	division	Stramenopiles; Ochrophyta; Bacillariophyta	Bacillariophyta	59.3	0
0	KHMBKGOM_00790	order	Stramenopiles; Ochrophyta; Bacillariophyta; Bacillariophyta_X; Polar-centric-Mediophyceae	Polar-centric-Mediophyceae	305.1	0
0	KHMBKGOM_00791	class	Stramenopiles; Ochrophyta; Bacillariophyta; Bacillariophyta_X	Bacillariophyta_X	116.3	0
0	KHMBKGOM_00792	class	Hacrobia; Haptophyta; Pavlovophyceae; Pavlovales	Pavlovales	100.5	0
0	KHMBKGOM_00793	class	Archaeplastida; Glaucophyta; Glaucocystophyceae; Glaucocystophytes	Glaucocystophytes	189.9	0
0	KHMBKGOM_00794	class	Stramenopiles; Ochrophyta; Raphidophyceae; Raphidophyceae_X	Raphidophyceae_X	815.5	0
0	KHMBKGOM_00796	class	Excavata; Discoba; Heterolobosea; Heterolobosea_X	Heterolobosea_X	235.0	0
0	KHMBKGOM_00797	class	Archaeplastida; Chlorophyta; Mamiellophyceae; Mamiellales	Mamiellales	231.1	0
0	KHMBKGOM_00799	order	Archaeplastida; Chlorophyta; Nephroselmidophyceae; Nephroselmidales; Nephroselmidales_X	Nephroselmidales_X	136.3	0
0	KHMBKGOM_00800	class	Archaeplastida; Chlorophyta; Nephroselmidophyceae; Nephroselmidales	Nephroselmidales	77.4	0
0	KHMBKGOM_00801	class	Rhizaria; Cercozoa; Thecofilosea; Thecofilosea_X	Thecofilosea_X	162.2	0
0	KHMBKGOM_00803	class	Hacrobia; Haptophyta; Pavlovophyceae; Pavlovales	Pavlovales	154.5	0
0	KHMBKGOM_00806	division	Archaeplastida; Rhodophyta; Porphyridiophyceae	Porphyridiophyceae	72.0	0
0	KHMBKGOM_00808	class	Archaeplastida; Chlorophyta; Chlorodendrophyceae; Chlorodendrales	Chlorodendrales	163.7	0
0	KHMBKGOM_00812	order	Archaeplastida; Chlorophyta; Picocystophyceae; Picocystales; Picocystaceae	Picocystaceae	230.7	0
0	KHMBKGOM_00814	class	Rhizaria; Cercozoa; Chlorarachniophyceae; Chlorarachnida	Chlorarachnida	74.7	0
0	KHMBKGOM_00815	order	Hacrobia; Haptophyta; Pavlovophyceae; Pavlovales; Pavlovaceae	Pavlovaceae	390.6	0
0	KHMBKGOM_00818	class	Archaeplastida; Chlorophyta; Pyramimonadales; Pyramimonadales_X	Pyramimonadales_X	314.3	0
0	KHMBKGOM_00819	class	Archaeplastida; Chlorophyta; Chlorophyta_X; Chlorophyta_XX	Chlorophyta_XX	121.3	0
0	KHMBKGOM_00821	class	Archaeplastida; Chlorophyta; Nephroselmidophyceae; Nephroselmidales	Nephroselmidales	122.9	0
0	KHMBKGOM_00822	class	Stramenopiles; Ochrophyta; Raphidophyceae; Raphidophyceae_X	Raphidophyceae_X	177.9	0
0	KHMBKGOM_00828	order	Archaeplastida; Chlorophyta; Chloropicophyceae; Chloropicales; Chloropicaceae	Chloropicaceae	287.0	0
0	KHMBKGOM_00829	class	Stramenopiles; Ochrophyta; Bacillariophyta; Bacillariophyta_X	Bacillariophyta_X	209.5	0
0	KHMBKGOM_00832	division	Alveolata; Dinoflagellata; Dinophyceae	Dinophyceae	85.5	0
0	KHMBKGOM_00833	order	Stramenopiles; Opalozoa; Bicoecea; Anoecales; Cafeteriaceae	Cafeteriaceae	107.8	0
0	KHMBKGOM_00834	class	Stramenopiles; Ochrophyta; Bacillariophyta; Bacillariophyta_X	Bacillariophyta_X	136.7	0
0	KHMBKGOM_00835	class	Archaeplastida; Chlorophyta; Chlorodendrophyceae; Chlorodendrales	Chlorodendrales	104.8	0
0	KHMBKGOM_00838	class	Stramenopiles; Sagenista; Labyrinthulomycetes; Thraustochytriales	Thraustochytriales	81.3	0
0	KHMBKGOM_00841				75.1	1
0	KHMBKGOM_00847	class	Stramenopiles; Ochrophyta; Bacillariophyta; Bacillariophyta_X	Bacillariophyta_X	67.8	0
0	KHMBKGOM_00848	class	Hacrobia; Haptophyta; Prymnesiophyceae; Coccolithales	Coccolithales	70.5	0
0	KHMBKGOM_00850	class	Archaeplastida; Chlorophyta; Nephroselmidophyceae; Nephroselmidales	Nephroselmidales	174.9	0
0	KHMBKGOM_00855	class	Rhizaria; Foraminifera; Globothalamea; Globothalamea_X	Globothalamea_X	172.6	0
0	KHMBKGOM_00856	division	Stramenopiles; Ochrophyta; Dictyochophyceae	Dictyochophyceae	100.1	0
0	KHMBKGOM_00859	family	Stramenopiles; Ochrophyta; Raphidophyceae; Raphidophyceae_X; Raphidophyceae_XX; Heterosigma	Heterosigma	195.3	0
0	KHMBKGOM_00865	division	Alveolata; Dinoflagellata; Dinophyceae	Dinophyceae	80.1	0
0	KHMBKGOM_00866	class	Stramenopiles; Ochrophyta; Bacillariophyta; Bacillariophyta_X	Bacillariophyta_X	181.8	0
0	KHMBKGOM_00867	class	Amoebozoa; Lobosa; Discosea-Flabellinia; Dactylopodida	Dactylopodida	247.3	0
0	KHMBKGOM_00870	division	Stramenopiles; Ochrophyta; Bacillariophyta	Bacillariophyta	108.2	0
0	KHMBKGOM_00873	class	Hacrobia; Cryptophyta; Cryptophyceae; Goniomonadales	Goniomonadales	235.0	0
0	KHMBKGOM_00874	class	Hacrobia; Cryptophyta; Cryptophyceae; Cryptomonadales	Cryptomonadales	91.7	0
0	KHMBKGOM_00876	class	Archaeplastida; Chlorophyta; Chlorodendrophyceae; Chlorodendrales	Chlorodendrales	139.0	0
0	KHMBKGOM_00877	class	Stramenopiles; Ochrophyta; Bacillariophyta; Bacillariophyta_X	Bacillariophyta_X	100.1	0
0	KHMBKGOM_00879	class	Alveolata; Dinoflagellata; Dinophyceae; Gonyaulacales	Gonyaulacales	79.3	0
0	KHMBKGOM_00880	class	Archaeplastida; Glaucophyta; Glaucocystophyceae; Glaucocystophytes	Glaucocystophytes	358.2	0
0	KHMBKGOM_00883	class	Alveolata; Dinoflagellata; Dinophyceae; Suessiales	Suessiales	178.7	0
0	KHMBKGOM_00884	division	Stramenopiles; Ochrophyta; Bacillariophyta	Bacillariophyta	63.9	0
0	KHMBKGOM_00887	order	Stramenopiles; Ochrophyta; Bacillariophyta; Bacillariophyta_X; Araphid-pennate	Araphid-pennate	142.1	0
0	KHMBKGOM_00888	division	Archaeplastida; Chlorophyta; Chloropicophyceae	Chloropicophyceae	89.7	0
0	KHMBKGOM_00889	class	Archaeplastida; Chlorophyta; Pyramimonadales; Pyramimonadales_X	Pyramimonadales_X	307.8	0
0	KHMBKGOM_00890	division	Amoebozoa; Conosa; Variosea	Variosea	107.5	0
0	KHMBKGOM_00892	class	Stramenopiles; Ochrophyta; Bacillariophyta; Bacillariophyta_X	Bacillariophyta_X	273.1	0
0	KHMBKGOM_00893	order	Stramenopiles; Ochrophyta; Bacillariophyta; Bacillariophyta_X; Polar-centric-Mediophyceae	Polar-centric-Mediophyceae	146.7	0
0	KHMBKGOM_00895	class	Stramenopiles; Ochrophyta; Bacillariophyta; Bacillariophyta_X	Bacillariophyta_X	204.9	0
0	KHMBKGOM_00896	class	Archaeplastida; Chlorophyta; Chlorophyceae; Chlamydomonadales	Chlamydomonadales	228.8	0
0	KHMBKGOM_00897	order	Archaeplastida; Chlorophyta; Chloropicophyceae; Chloropicales; Chloropicaceae	Chloropicaceae	466.5	0
0	KHMBKGOM_00898	class	Archaeplastida; Chlorophyta; Palmophyllophyceae; Prasinococcales	Prasinococcales	132.1	0
0	KHMBKGOM_00899	class	Stramenopiles; Ochrophyta; Bacillariophyta; Bacillariophyta_X	Bacillariophyta_X	85.1	0
0	KHMBKGOM_00900	class	Stramenopiles; Ochrophyta; Bacillariophyta; Bacillariophyta_X	Bacillariophyta_X	348.6	0
0	KHMBKGOM_00901	class	Alveolata; Dinoflagellata; Dinophyceae; Gonyaulacales	Gonyaulacales	208.4	0
0	KHMBKGOM_00902	class	Archaeplastida; Chlorophyta; Prasino-Clade-V; Pseudoscourfieldiales	Pseudoscourfieldiales	169.9	0
0	KHMBKGOM_00903	class	Alveolata; Ciliophora; Ciliophora_X; Ciliophora_XX	Ciliophora_XX	231.5	0
0	KHMBKGOM_00905	class	Alveolata; Dinoflagellata; Dinophyceae; Gymnodiniales	Gymnodiniales	246.9	0
0	KHMBKGOM_00907	class	Archaeplastida; Chlorophyta; Pyramimonadales; Pyramimonadales_X	Pyramimonadales_X	130.2	0
0	KHMBKGOM_00909	order	Stramenopiles; Ochrophyta; Bacillariophyta; Bacillariophyta_X; Araphid-pennate	Araphid-pennate	155.6	0
0	KHMBKGOM_00911	class	Stramenopiles; Ochrophyta; Dictyochophyceae; Dictyochophyceae_X	Dictyochophyceae_X	262.3	0
0	KHMBKGOM_00912	class	Archaeplastida; Glaucophyta; Glaucocystophyceae; Glaucocystophytes	Glaucocystophytes	204.5	0
0	KHMBKGOM_00914	class	Stramenopiles; Ochrophyta; Dictyochophyceae; Dictyochophyceae_X	Dictyochophyceae_X	268.1	0
0	KHMBKGOM_00915	class	Amoebozoa; Lobosa; Discosea-Flabellinia; Vannellida	Vannellida	67.4	0
0	KHMBKGOM_00916	class	Alveolata; Dinoflagellata; Dinophyceae; Peridiniales	Peridiniales	135.6	0
0	KHMBKGOM_00917	order	Archaeplastida; Chlorophyta; Mamiellophyceae; Dolichomastigales; Dolichomastigaceae	Dolichomastigaceae	78.2	0
0	KHMBKGOM_00918	class	Archaeplastida; Chlorophyta; Prasino-Clade-V; Pseudoscourfieldiales	Pseudoscourfieldiales	154.5	0
0	KHMBKGOM_00922	class	Stramenopiles; Ochrophyta; Bacillariophyta; Bacillariophyta_X	Bacillariophyta_X	58.9	0
0	KHMBKGOM_00923	class	Rhizaria; Cercozoa; Chlorarachniophyceae; Chlorarachnida	Chlorarachnida	72.4	0
0	KHMBKGOM_00926	class	Archaeplastida; Chlorophyta; Chloropicophyceae; Chloropicales	Chloropicales	168.7	0
0	KHMBKGOM_00928	order	Stramenopiles; Ochrophyta; Bacillariophyta; Bacillariophyta_X; Polar-centric-Mediophyceae	Polar-centric-Mediophyceae	117.5	0
0	KHMBKGOM_00929	order	Stramenopiles; Ochrophyta; Raphidophyceae; Raphidophyceae_X; Raphidophyceae_XX	Raphidophyceae_XX	134.0	0
0	KHMBKGOM_00930	class	Hacrobia; Cryptophyta; Cryptophyceae; Cryptomonadales	Cryptomonadales	56.6	0
0	KHMBKGOM_00956	class	Alveolata; Ciliophora; Colpodea; Colpodea_X	Colpodea_X	192.2	0
0	KHMBKGOM_00964	order	Archaeplastida; Chlorophyta; Mamiellophyceae; Mamiellales; Mamiellaceae	Mamiellaceae	73.6	0
0	KHMBKGOM_00967				89.0	1
0	KHMBKGOM_00968	class	Stramenopiles; Ochrophyta; Raphidophyceae; Raphidophyceae_X	Raphidophyceae_X	196.1	0
0	KHMBKGOM_00973	class	Archaeplastida; Chlorophyta; Palmophyllophyceae; Prasinococcales	Prasinococcales	119.4	0
0	KHMBKGOM_00975	class	Alveolata; Ciliophora; Ciliophora_X; Ciliophora_XX	Ciliophora_XX	223.4	0
0	KHMBKGOM_00976	class	Stramenopiles; Ochrophyta; Bacillariophyta; Bacillariophyta_X	Bacillariophyta_X	142.5	0
0	KHMBKGOM_00978	class	Stramenopiles; Ochrophyta; Bacillariophyta; Bacillariophyta_X	Bacillariophyta_X	122.9	0
0	KHMBKGOM_00981	class	Archaeplastida; Chlorophyta; Chlorophyceae; Chlamydomonadales	Chlamydomonadales	203.8	0
0	KHMBKGOM_00982	division	Archaeplastida; Chlorophyta; Mamiellophyceae	Mamiellophyceae	66.2	0
0	KHMBKGOM_00983	order	Excavata; Discoba; Heterolobosea; Heterolobosea_X; Vahlkampfiidae	Vahlkampfiidae	350.1	0
0	KHMBKGOM_00986	class	Stramenopiles; Sagenista; Labyrinthulomycetes; Thraustochytriales	Thraustochytriales	308.5	0
0	KHMBKGOM_00987	class	Archaeplastida; Glaucophyta; Glaucocystophyceae; Glaucocystophytes	Glaucocystophytes	153.7	0
0	KHMBKGOM_00989	class	Archaeplastida; Chlorophyta; Mamiellophyceae; Mamiellales	Mamiellales	88.6	0
0	KHMBKGOM_00992	order	Alveolata; Ciliophora; Colpodea; Colpodea_X; Platyophryida	Platyophryida	61.6	0
0	KHMBKGOM_00999	class	Alveolata; Ciliophora; Ciliophora_X; Ciliophora_XX	Ciliophora_XX	74.3	0
0	KHMBKGOM_01006	class	Stramenopiles; Ochrophyta; Bacillariophyta; Bacillariophyta_X	Bacillariophyta_X	573.9	0
0	KHMBKGOM_01008	class	Archaeplastida; Chlorophyta; Chlorophyta_X; Chlorophyta_XX	Chlorophyta_XX	80.9	0
0	KHMBKGOM_01021	class	Archaeplastida; Chlorophyta; Palmophyllophyceae; Prasinococcales	Prasinococcales	151.8	0
0	KHMBKGOM_01022	class	Stramenopiles; Ochrophyta; Bacillariophyta; Bacillariophyta_X	Bacillariophyta_X	103.2	0
0	KHMBKGOM_01024	division	Stramenopiles; Ochrophyta; Bacillariophyta	Bacillariophyta	108.2	0
0	KHMBKGOM_01026	division	Archaeplastida; Chlorophyta	Chlorophyta	873.6	1
0	KHMBKGOM_01028	division	Stramenopiles; Ochrophyta; Bacillariophyta	Bacillariophyta	117.9	0
0	KHMBKGOM_01031	family	Archaeplastida; Chlorophyta; Pyramimonadales; Pyramimonadales_X; Pyramimonadales_XX; Pyramimonas	Pyramimonas	256.5	0
0	KHMBKGOM_01032	class	Archaeplastida; Chlorophyta; Mamiellophyceae; Mamiellales	Mamiellales	73.2	0
0	KHMBKGOM_01037	class	Stramenopiles; Ochrophyta; Raphidophyceae; Raphidophyceae_X	Raphidophyceae_X	128.6	0
0	KHMBKGOM_01038	class	Stramenopiles; Ochrophyta; Bacillariophyta; Bacillariophyta_X	Bacillariophyta_X	134.0	0
0	KHMBKGOM_01041	class	Stramenopiles; Ochrophyta; Bacillariophyta; Bacillariophyta_X	Bacillariophyta_X	110.9	0
0	KHMBKGOM_01043	class	Stramenopiles; Ochrophyta; Dictyochophyceae; Dictyochophyceae_X	Dictyochophyceae_X	70.5	0
0	KHMBKGOM_01044	class	Stramenopiles; Ochrophyta; Bacillariophyta; Bacillariophyta_X	Bacillariophyta_X	297.7	0
0	KHMBKGOM_01045	family	Archaeplastida; Chlorophyta; Chlorophyceae; Chlamydomonadales; Chlamydomonadales_X; Chlamydomonas	Chlamydomonas	157.9	0
0	KHMBKGOM_01046	class	Stramenopiles; Ochrophyta; Bacillariophyta; Bacillariophyta_X	Bacillariophyta_X	78.6	0
0	KHMBKGOM_01051	class	Stramenopiles; Ochrophyta; Raphidophyceae; Raphidophyceae_X	Raphidophyceae_X	66.2	0
0	KHMBKGOM_01052	division	Amoebozoa; Lobosa; Discosea-Flabellinia	Discosea-Flabellinia	60.1	0
0	KHMBKGOM_01053	class	Amoebozoa; Lobosa; Lobosa_X; Trichosida	Trichosida	142.9	0
0	KHMBKGOM_01054	class	Archaeplastida; Glaucophyta; Glaucocystophyceae; Glaucocystophytes	Glaucocystophytes	174.5	0
0	KHMBKGOM_01055	class	Rhizaria; Cercozoa; Thecofilosea; Thecofilosea_X	Thecofilosea_X	348.6	0
0	KHMBKGOM_01056	class	Archaeplastida; Chlorophyta; Mamiellophyceae; Mamiellales	Mamiellales	118.6	0
0	KHMBKGOM_01058	family	Archaeplastida; Chlorophyta; Mamiellophyceae; Dolichomastigales; Dolichomastigaceae; Dolichomastix	Dolichomastix	119.4	0
0	KHMBKGOM_01062	order	Stramenopiles; Ochrophyta; Bacillariophyta; Bacillariophyta_X; Polar-centric-Mediophyceae	Polar-centric-Mediophyceae	571.2	0
0	KHMBKGOM_01063	class	Stramenopiles; Ochrophyta; Raphidophyceae; Raphidophyceae_X	Raphidophyceae_X	324.3	0
0	KHMBKGOM_01064	division	Amoebozoa; Discosea; Discosea_X	Discosea_X	124.4	0
0	KHMBKGOM_01066	class	Archaeplastida; Chlorophyta; Mamiellophyceae; Mamiellales	Mamiellales	629.0	0
0	KHMBKGOM_01067	class	Stramenopiles; Ochrophyta; Bacillariophyta; Bacillariophyta_X	Bacillariophyta_X	83.6	0
0	KHMBKGOM_01068	class	Alveolata; Dinoflagellata; Dinophyceae; Gymnodiniales	Gymnodiniales	145.2	0
0	KHMBKGOM_01071	class	Alveolata; Dinoflagellata; Dinophyceae; Prorocentrales	Prorocentrales	81.3	0
0	KHMBKGOM_01072	class	Stramenopiles; Ochrophyta; Bacillariophyta; Bacillariophyta_X	Bacillariophyta_X	105.1	0
0	KHMBKGOM_01073	class	Stramenopiles; Ochrophyta; Raphidophyceae; Raphidophyceae_X	Raphidophyceae_X	226.9	0
0	KHMBKGOM_01074	class	Stramenopiles; Ochrophyta; Raphidophyceae; Raphidophyceae_X	Raphidophyceae_X	231.5	0
0	KHMBKGOM_01075	class	Stramenopiles; Ochrophyta; Bacillariophyta; Bacillariophyta_X	Bacillariophyta_X	134.0	0
0	KHMBKGOM_01076	class	Stramenopiles; Ochrophyta; Dictyochophyceae; Dictyochophyceae_X	Dictyochophyceae_X	108.6	0
0	KHMBKGOM_01078	order	Stramenopiles; Ochrophyta; Bacillariophyta; Bacillariophyta_X; Polar-centric-Mediophyceae	Polar-centric-Mediophyceae	336.3	0
0	KHMBKGOM_01080	class	Archaeplastida; Chlorophyta; Palmophyllophyceae; Prasinococcales	Prasinococcales	765.0	0
0	KHMBKGOM_01082	family	Stramenopiles; Ochrophyta; Bacillariophyta; Bacillariophyta_X; Araphid-pennate; Thalassiothrix	Thalassiothrix	91.7	0
0	KHMBKGOM_01089	class	Stramenopiles; Ochrophyta; Raphidophyceae; Raphidophyceae_X	Raphidophyceae_X	56.2	0
0	KHMBKGOM_01090	order	Stramenopiles; Ochrophyta; Bacillariophyta; Bacillariophyta_X; Polar-centric-Mediophyceae	Polar-centric-Mediophyceae	85.5	0
0	KHMBKGOM_01094	class	Stramenopiles; Ochrophyta; Bacillariophyta; Bacillariophyta_X	Bacillariophyta_X	494.6	0
0	KHMBKGOM_01095	division	Archaeplastida; Chlorophyta; Chlorophyceae	Chlorophyceae	74.7	0
0	KHMBKGOM_01100	class	Alveolata; Dinoflagellata; Dinophyceae; Peridiniales	Peridiniales	94.0	0
0	KHMBKGOM_01101	family	Archaeplastida; Chlorophyta; Mamiellophyceae; Dolichomastigales; Dolichomastigaceae; Dolichomastix	Dolichomastix	79.7	0
0	KHMBKGOM_01102	class	Stramenopiles; Ochrophyta; Bacillariophyta; Bacillariophyta_X	Bacillariophyta_X	155.6	0
0	KHMBKGOM_01108	division	Stramenopiles; Ochrophyta; Bacillariophyta	Bacillariophyta	69.3	0
0	KHMBKGOM_01109	order	Stramenopiles; Ochrophyta; Bacillariophyta; Bacillariophyta_X; Polar-centric-Mediophyceae	Polar-centric-Mediophyceae	314.3	0
0	KHMBKGOM_01110	class	Alveolata; Ciliophora; Spirotrichea; Tintinnida	Tintinnida	66.6	0
0	KHMBKGOM_01111	order	Stramenopiles; Ochrophyta; Bacillariophyta; Bacillariophyta_X; Araphid-pennate	Araphid-pennate	253.1	0
0	KHMBKGOM_01112	class	Stramenopiles; Ochrophyta; Bacillariophyta; Bacillariophyta_X	Bacillariophyta_X	72.4	0
0	KHMBKGOM_01119	class	Stramenopiles; Ochrophyta; Raphidophyceae; Raphidophyceae_X	Raphidophyceae_X	77.8	0
0	KHMBKGOM_01120	class	Archaeplastida; Glaucophyta; Glaucocystophyceae; Glaucocystophytes	Glaucocystophytes	138.7	0
0	KHMBKGOM_01122	division	Alveolata; Ciliophora; Colpodea	Colpodea	74.7	0
0	KHMBKGOM_01130	class	Stramenopiles; Ochrophyta; Bacillariophyta; Bacillariophyta_X	Bacillariophyta_X	112.1	0
0	KHMBKGOM_01137	class	Stramenopiles; Ochrophyta; Bacillariophyta; Bacillariophyta_X	Bacillariophyta_X	99.4	0
0	KHMBKGOM_01138	order	Archaeplastida; Chlorophyta; Pyramimonadales; Pyramimonadales_X; Pyramimonadales_XX	Pyramimonadales_XX	166.0	0
0	KHMBKGOM_01139	class	Archaeplastida; Chlorophyta; Nephroselmidophyceae; Nephroselmidales	Nephroselmidales	191.0	0
0	KHMBKGOM_01140	genus	Archaeplastida; Chlorophyta; Mamiellophyceae; Mamiellales; Mamiellaceae; Micromonas	Micromonas	280.0	1
0	KHMBKGOM_01143	class	Alveolata; Dinoflagellata; Noctilucophyceae; Noctilucales	Noctilucales	87.8	0
0	KHMBKGOM_01146	order	Archaeplastida; Chlorophyta; Prasino-Clade-V; Pseudoscourfieldiales; Pycnococcaceae	Pycnococcaceae	80.5	0
0	KHMBKGOM_01148	division	Amoebozoa; Conosa; Variosea	Variosea	95.9	0
0	KHMBKGOM_01152				96.3	1
0	KHMBKGOM_01154	division	Stramenopiles; Stramenopiles_X; Stramenopiles_XX	Stramenopiles_XX	174.1	0
0	KHMBKGOM_01155	class	Stramenopiles; Ochrophyta; Dictyochophyceae; Dictyochophyceae_X	Dictyochophyceae_X	158.3	0
0	KHMBKGOM_01158	class	Stramenopiles; Ochrophyta; Bacillariophyta; Bacillariophyta_X	Bacillariophyta_X	62.0	0
0	KHMBKGOM_01159	class	Alveolata; Dinoflagellata; Dinophyceae; Peridiniales	Peridiniales	65.5	0
0	KHMBKGOM_01161	order	Stramenopiles; Ochrophyta; Bacillariophyta; Bacillariophyta_X; Polar-centric-Mediophyceae	Polar-centric-Mediophyceae	124.0	0
0	KHMBKGOM_01163	class	Stramenopiles; Ochrophyta; Bacillariophyta; Bacillariophyta_X	Bacillariophyta_X	158.3	0
0	KHMBKGOM_01166	order	Archaeplastida; Chlorophyta; Mamiellophyceae; Mamiellales; Bathycoccaceae	Bathycoccaceae	169.9	0
0	KHMBKGOM_01167	family	Opisthokonta; Choanoflagellida; Choanoflagellatea; Acanthoecida; Acanthoecida_X; Acanthoecida_XX	Acanthoecida_XX	392.1	0
0	KHMBKGOM_01174	order	Stramenopiles; Ochrophyta; Bacillariophyta; Bacillariophyta_X; Polar-centric-Mediophyceae	Polar-centric-Mediophyceae	167.5	0
0	KHMBKGOM_01175	class	Stramenopiles; Ochrophyta; Raphidophyceae; Raphidophyceae_X	Raphidophyceae_X	70.1	0
0	KHMBKGOM_01180	class	Stramenopiles; Ochrophyta; Bacillariophyta; Bacillariophyta_X	Bacillariophyta_X	112.1	0
0	KHMBKGOM_01184	division	Archaeplastida; Chlorophyta	Chlorophyta	498.8	1
0	KHMBKGOM_01185	class	Amoebozoa; Lobosa; Discosea-Flabellinia; Dactylopodida	Dactylopodida	182.6	0
0	KHMBKGOM_01186	class	Stramenopiles; Ochrophyta; Raphidophyceae; Raphidophyceae_X	Raphidophyceae_X	221.9	0
0	KHMBKGOM_01187	class	Stramenopiles; Sagenista; Labyrinthulomycetes; Thraustochytriales	Thraustochytriales	326.6	0
0	KHMBKGOM_01188	class	Archaeplastida; Chlorophyta; Chlorodendrophyceae; Chlorodendrales	Chlorodendrales	60.5	0
0	KHMBKGOM_01193	class	Hacrobia; Haptophyta; Pavlovophyceae; Pavlovales	Pavlovales	111.3	0
0	KHMBKGOM_01194	class	Hacrobia; Haptophyta; Pavlovophyceae; Pavlovales	Pavlovales	72.8	0
0	KHMBKGOM_01196	class	Stramenopiles; Ochrophyta; Raphidophyceae; Raphidophyceae_X	Raphidophyceae_X	96.3	0
0	KHMBKGOM_01197	class	Stramenopiles; Ochrophyta; Raphidophyceae; Raphidophyceae_X	Raphidophyceae_X	70.5	0
0	KHMBKGOM_01200	class	Stramenopiles; Ochrophyta; Bacillariophyta; Bacillariophyta_X	Bacillariophyta_X	168.7	0
0	KHMBKGOM_01201	class	Opisthokonta; Choanoflagellida; Choanoflagellatea; Acanthoecida	Acanthoecida	122.5	0
0	KHMBKGOM_01204				68.2	1
0	KHMBKGOM_01205	class	Stramenopiles; Ochrophyta; Bacillariophyta; Bacillariophyta_X	Bacillariophyta_X	230.3	0
0	KHMBKGOM_01206	class	Hacrobia; Cryptophyta; Cryptophyceae; Goniomonadales	Goniomonadales	182.2	0
0	KHMBKGOM_01212	class	Amoebozoa; Discosea; Discosea_X; Discosea_XX	Discosea_XX	90.1	0
0	KHMBKGOM_01213	order	Alveolata; Ciliophora; Heterotrichea; Heterotrichea_X; Blepharismidae	Blepharismidae	232.6	0
0	KHMBKGOM_01215	division	Stramenopiles; Ochrophyta; Bacillariophyta	Bacillariophyta	95.1	0
0	KHMBKGOM_01218	class	Hacrobia; Haptophyta; Prymnesiophyceae; Calcihaptophycidae	Calcihaptophycidae	158.7	0
0	KHMBKGOM_01222	order	Stramenopiles; Ochrophyta; Raphidophyceae; Raphidophyceae_X; Raphidophyceae_XX	Raphidophyceae_XX	179.9	0
0	KHMBKGOM_01227	family	Hacrobia; Hacrobia_X; Hacrobia_XX; Hacrobia_XXX; Hacrobia_XXXX; Palpitomonas	Palpitomonas	569.7	0
0	KHMBKGOM_01228	class	Stramenopiles; Ochrophyta; Bacillariophyta; Bacillariophyta_X	Bacillariophyta_X	147.9	0
0	KHMBKGOM_01229	class	Amoebozoa; Lobosa; Discosea-Flabellinia; Vannellida	Vannellida	447.6	0
0	KHMBKGOM_01233	class	Alveolata; Ciliophora; Ciliophora_X; Ciliophora_XX	Ciliophora_XX	529.3	0
0	KHMBKGOM_01234	order	Stramenopiles; Ochrophyta; Bacillariophyta; Bacillariophyta_X; Polar-centric-Mediophyceae	Polar-centric-Mediophyceae	417.9	0
0	KHMBKGOM_01235	class	Stramenopiles; Ochrophyta; Raphidophyceae; Raphidophyceae_X	Raphidophyceae_X	145.2	0
0	KHMBKGOM_01236	order	Archaeplastida; Chlorophyta; Nephroselmidophyceae; Nephroselmidales; Nephroselmidales_X	Nephroselmidales_X	162.9	0
0	KHMBKGOM_01237	class	Stramenopiles; Ochrophyta; Bacillariophyta; Bacillariophyta_X	Bacillariophyta_X	417.9	0
0	KHMBKGOM_01241	class	Alveolata; Dinoflagellata; Dinophyceae; Gonyaulacales	Gonyaulacales	263.8	0
0	KHMBKGOM_01244	class	Alveolata; Dinoflagellata; Dinophyceae; Peridiniales	Peridiniales	81.3	0
0	KHMBKGOM_01246	order	Alveolata; Ciliophora; Ciliophora_X; Ciliophora_XX; Ciliophora_XXX	Ciliophora_XXX	316.2	0
0	KHMBKGOM_01247	class	Archaeplastida; Chlorophyta; Chlorophyta_X; Chlorophyta_XX	Chlorophyta_XX	94.7	0
0	KHMBKGOM_01251	division	Stramenopiles; Ochrophyta; Bacillariophyta	Bacillariophyta	60.5	0
0	KHMBKGOM_01252	order	Stramenopiles; Ochrophyta; Bacillariophyta; Bacillariophyta_X; Polar-centric-Mediophyceae	Polar-centric-Mediophyceae	320.9	0
0	KHMBKGOM_01255	division	Archaeplastida; Chlorophyta; Mamiellophyceae	Mamiellophyceae	188.7	0
0	KHMBKGOM_01262	class	Stramenopiles; Ochrophyta; Bacillariophyta; Bacillariophyta_X	Bacillariophyta_X	73.2	0
0	KHMBKGOM_01264	class	Stramenopiles; Ochrophyta; Bacillariophyta; Bacillariophyta_X	Bacillariophyta_X	73.6	0
0	KHMBKGOM_01268	class	Archaeplastida; Glaucophyta; Glaucocystophyceae; Glaucocystophytes	Glaucocystophytes	451.8	0
0	KHMBKGOM_01269	class	Archaeplastida; Rhodophyta; Stylonematophyceae; Porphyridiales-2	Porphyridiales-2	115.5	0
0	KHMBKGOM_01271				170.2	1
0	KHMBKGOM_01273	class	Archaeplastida; Rhodophyta; Compsopogonophyceae; Compsopogonales	Compsopogonales	297.4	0
0	KHMBKGOM_01274	class	Stramenopiles; Ochrophyta; Bacillariophyta; Bacillariophyta_X	Bacillariophyta_X	363.6	0
0	KHMBKGOM_01275	class	Archaeplastida; Chlorophyta; Palmophyllophyceae; Prasinococcales	Prasinococcales	302.8	0
0	KHMBKGOM_01276	class	Stramenopiles; Ochrophyta; Raphidophyceae; Raphidophyceae_X	Raphidophyceae_X	81.3	0
0	KHMBKGOM_01277	division	Rhizaria; Cercozoa; Chlorarachniophyceae	Chlorarachniophyceae	170.2	0
0	KHMBKGOM_01278	class	Stramenopiles; Ochrophyta; Bacillariophyta; Bacillariophyta_X	Bacillariophyta_X	227.3	0
0	KHMBKGOM_01280	class	Stramenopiles; Ochrophyta; Bacillariophyta; Bacillariophyta_X	Bacillariophyta_X	352.1	0
0	KHMBKGOM_01281	class	Amoebozoa; Conosa; Variosea; Variosea_X	Variosea_X	174.9	0
0	KHMBKGOM_01282	division	Stramenopiles; Ochrophyta; Raphidophyceae	Raphidophyceae	68.9	0
0	KHMBKGOM_01283	class	Alveolata; Ciliophora; Spirotrichea; Tintinnida	Tintinnida	67.4	0
0	KHMBKGOM_01284	class	Stramenopiles; Ochrophyta; Bacillariophyta; Bacillariophyta_X	Bacillariophyta_X	273.9	0
0	KHMBKGOM_01287	class	Alveolata; Ciliophora; Spirotrichea; Euplotia	Euplotia	143.7	0
0	KHMBKGOM_01293	class	Stramenopiles; Ochrophyta; Bacillariophyta; Bacillariophyta_X	Bacillariophyta_X	313.2	0
0	KHMBKGOM_01294	class	Stramenopiles; Ochrophyta; Raphidophyceae; Raphidophyceae_X	Raphidophyceae_X	205.7	0
0	KHMBKGOM_01296	class	Amoebozoa; Lobosa; Discosea-Flabellinia; Vannellida	Vannellida	526.6	0
0	KHMBKGOM_01299	class	Archaeplastida; Rhodophyta; Porphyridiophyceae; Porphyridiales	Porphyridiales	117.9	0
0	KHMBKGOM_01300	class	Stramenopiles; Ochrophyta; Bacillariophyta; Bacillariophyta_X	Bacillariophyta_X	75.9	0
0	KHMBKGOM_01308	class	Alveolata; Ciliophora; Ciliophora_X; Ciliophora_XX	Ciliophora_XX	175.6	0
0	KHMBKGOM_01309	class	Stramenopiles; Ochrophyta; Bacillariophyta; Bacillariophyta_X	Bacillariophyta_X	131.0	0
0	KHMBKGOM_01310	order	Hacrobia; Haptophyta; Prymnesiophyceae; Calcihaptophycidae; Chrysoculteraceae	Chrysoculteraceae	164.5	0
0	KHMBKGOM_01315	class	Archaeplastida; Chlorophyta; Chloropicophyceae; Chloropicales	Chloropicales	171.4	0
0	KHMBKGOM_01320	class	Amoebozoa; Lobosa; Discosea-Flabellinia; Vannellida	Vannellida	303.5	0
0	KHMBKGOM_01321	order	Stramenopiles; Ochrophyta; Dictyochophyceae; Dictyochophyceae_X; Pedinellales	Pedinellales	216.9	0
0	KHMBKGOM_01325	order	Stramenopiles; Ochrophyta; Bacillariophyta; Bacillariophyta_X; Raphid-pennate	Raphid-pennate	194.1	0
0	KHMBKGOM_01326	order	Stramenopiles; Ochrophyta; Bacillariophyta; Bacillariophyta_X; Polar-centric-Mediophyceae	Polar-centric-Mediophyceae	66.6	0
0	KHMBKGOM_01331	class	Stramenopiles; Ochrophyta; Bacillariophyta; Bacillariophyta_X	Bacillariophyta_X	244.2	0
0	KHMBKGOM_01332	order	Archaeplastida; Chlorophyta; Chlorophyta_X; Chlorophyta_XX; Chlorophyta_XXX	Chlorophyta_XXX	267.7	0
0	KHMBKGOM_01333	class	Stramenopiles; Ochrophyta; Raphidophyceae; Raphidophyceae_X	Raphidophyceae_X	338.2	0
0	KHMBKGOM_01334	division	Stramenopiles; Ochrophyta; Bacillariophyta	Bacillariophyta	81.6	0
0	KHMBKGOM_01336	family	Stramenopiles; Ochrophyta; Bacillariophyta; Bacillariophyta_X; Polar-centric-Mediophyceae; Thalassiosira	Thalassiosira	241.1	0
0	KHMBKGOM_01338	class	Stramenopiles; Ochrophyta; Bacillariophyta; Bacillariophyta_X	Bacillariophyta_X	178.3	0
0	KHMBKGOM_01339	division	Stramenopiles; Ochrophyta; Bacillariophyta	Bacillariophyta	84.0	0
0	KHMBKGOM_01341	order	Stramenopiles; Ochrophyta; Dictyochophyceae; Dictyochophyceae_X; Pedinellales	Pedinellales	66.6	0
0	KHMBKGOM_01342	division	Archaeplastida; Chlorophyta; Chlorophyceae	Chlorophyceae	61.6	0
0	KHMBKGOM_01343	class	Archaeplastida; Chlorophyta; Chlorophyceae; Chlamydomonadales	Chlamydomonadales	107.5	0
0	KHMBKGOM_01344	class	Stramenopiles; Ochrophyta; Bacillariophyta; Bacillariophyta_X	Bacillariophyta_X	82.0	0
0	KHMBKGOM_01345	division	Archaeplastida; Glaucophyta; Glaucocystophyceae	Glaucocystophyceae	105.9	0
0	KHMBKGOM_01352	order	Excavata; Discoba; Heterolobosea; Heterolobosea_X; Vahlkampfiidae	Vahlkampfiidae	79.7	0
0	KHMBKGOM_01353	class	Stramenopiles; Ochrophyta; Bolidophyceae; Parmales	Parmales	200.3	0
0	KHMBKGOM_01355	species	Alveolata; Ciliophora; Oligohymenophorea; Scuticociliatia_1; Philasterida; Anophryoides; Anophryoides haemophila	Anophryoides haemophila	109.4	0
0	KHMBKGOM_01356	order	Stramenopiles; Ochrophyta; Bacillariophyta; Bacillariophyta_X; Polar-centric-Mediophyceae	Polar-centric-Mediophyceae	157.1	0
0	KHMBKGOM_01357	division	Archaeplastida; Chlorophyta; Chlorodendrophyceae	Chlorodendrophyceae	65.5	0
0	KHMBKGOM_01364	division	Archaeplastida; Chlorophyta	Chlorophyta	111.7	1
0	KHMBKGOM_01367	order	Alveolata; Ciliophora; Ciliophora_X; Ciliophora_XX; Ciliophora_XXX	Ciliophora_XXX	288.1	0
0	KHMBKGOM_01370	genus	Stramenopiles; Ochrophyta; Bacillariophyta; Bacillariophyta_X; Polar-centric-Mediophyceae; Thalassiosira; Thalassiosira antarctica	Thalassiosira antarctica	158.3	0
0	KHMBKGOM_01371	class	Opisthokonta; Choanoflagellida; Choanoflagellatea; Acanthoecida	Acanthoecida	75.5	0
0	KHMBKGOM_01373	family	Stramenopiles; Ochrophyta; Raphidophyceae; Raphidophyceae_X; Raphidophyceae_XX; Heterosigma	Heterosigma	265.8	0
0	KHMBKGOM_01374	class	Archaeplastida; Chlorophyta; Nephroselmidophyceae; Nephroselmidales	Nephroselmidales	154.5	0
0	KHMBKGOM_01379	class	Stramenopiles; Ochrophyta; Bacillariophyta; Bacillariophyta_X	Bacillariophyta_X	105.9	0
0	KHMBKGOM_01387	division	Stramenopiles; Ochrophyta; Bacillariophyta	Bacillariophyta	127.5	0
0	KHMBKGOM_01388	division	Stramenopiles; Ochrophyta; Bacillariophyta	Bacillariophyta	89.7	0
0	KHMBKGOM_01389	class	Stramenopiles; Ochrophyta; Bacillariophyta; Bacillariophyta_X	Bacillariophyta_X	200.7	0
0	KHMBKGOM_01390	class	Stramenopiles; Ochrophyta; Bacillariophyta; Bacillariophyta_X	Bacillariophyta_X	239.2	0
0	KHMBKGOM_01391	order	Stramenopiles; Ochrophyta; Bacillariophyta; Bacillariophyta_X; Polar-centric-Mediophyceae	Polar-centric-Mediophyceae	115.2	0
0	KHMBKGOM_01393	class	Stramenopiles; Ochrophyta; Pelagophyceae; Pelagomonadales	Pelagomonadales	122.1	0
0	KHMBKGOM_01401	class	Stramenopiles; Ochrophyta; Bacillariophyta; Bacillariophyta_X	Bacillariophyta_X	101.7	0
0	KHMBKGOM_01402	class	Stramenopiles; Ochrophyta; Bacillariophyta; Bacillariophyta_X	Bacillariophyta_X	247.3	0
0	KHMBKGOM_01408	division	Opisthokonta; Choanoflagellida; Choanoflagellatea	Choanoflagellatea	110.5	0
0	KHMBKGOM_01410	class	Stramenopiles; Ochrophyta; Bacillariophyta; Bacillariophyta_X	Bacillariophyta_X	324.7	0
0	KHMBKGOM_01411	class	Rhizaria; Cercozoa; Chlorarachniophyceae; Chlorarachnida	Chlorarachnida	85.9	0
0	KHMBKGOM_01412	division	Alveolata; Ciliophora; Colpodea	Colpodea	79.7	0
0	KHMBKGOM_01413	class	Archaeplastida; Glaucophyta; Glaucocystophyceae; Glaucocystophytes	Glaucocystophytes	165.6	0
0	KHMBKGOM_01416	genus	Archaeplastida; Chlorophyta; Picocystophyceae; Picocystales; Picocystaceae; Picocystis; Picocystis salinarum	Picocystis salinarum	192.2	0
0	KHMBKGOM_01417	class	Stramenopiles; Ochrophyta; Raphidophyceae; Raphidophyceae_X	Raphidophyceae_X	149.4	0
0	KHMBKGOM_01418	order	Stramenopiles; Ochrophyta; Bacillariophyta; Bacillariophyta_X; Polar-centric-Mediophyceae	Polar-centric-Mediophyceae	335.5	0
0	KHMBKGOM_01419	order	Opisthokonta; Fungi; Ascomycota; Saccharomycotina; Saccharomycetales	Saccharomycetales	516.5	0
0	KHMBKGOM_01421	class	Alveolata; Dinoflagellata; Dinophyceae; Suessiales	Suessiales	276.9	0
0	KHMBKGOM_01423	class	Hacrobia; Cryptophyta; Cryptophyceae; Cryptomonadales	Cryptomonadales	97.8	0
0	KHMBKGOM_01429	genus	Archaeplastida; Chlorophyta; Nephroselmidophyceae; Nephroselmidales; Nephroselmidales_X; Nephroselmis; Nephroselmis pyriformis	Nephroselmis pyriformis	1040.4	0
0	KHMBKGOM_01433	class	Stramenopiles; Ochrophyta; Bacillariophyta; Bacillariophyta_X	Bacillariophyta_X	87.4	0
0	KHMBKGOM_01434	order	Stramenopiles; Ochrophyta; Bacillariophyta; Bacillariophyta_X; Polar-centric-Mediophyceae	Polar-centric-Mediophyceae	80.1	0
0	KHMBKGOM_01436	division	Stramenopiles; Sagenista; Labyrinthulomycetes	Labyrinthulomycetes	82.0	0
0	KHMBKGOM_01437	class	Rhizaria; Cercozoa; Chlorarachniophyceae; Chlorarachnida	Chlorarachnida	125.9	0
0	KHMBKGOM_01438	class	Stramenopiles; Ochrophyta; Bacillariophyta; Bacillariophyta_X	Bacillariophyta_X	168.7	0
0	KHMBKGOM_01445	class	Archaeplastida; Chlorophyta; Pyramimonadales; Pyramimonadales_X	Pyramimonadales_X	318.9	0
0	KHMBKGOM_01450	division	Archaeplastida; Chlorophyta; Mamiellophyceae	Mamiellophyceae	89.0	0
0	KHMBKGOM_01460	division	Stramenopiles; Ochrophyta; Bacillariophyta	Bacillariophyta	107.5	0
0	KHMBKGOM_01461	class	Stramenopiles; Ochrophyta; Bacillariophyta; Bacillariophyta_X	Bacillariophyta_X	151.0	0
0	KHMBKGOM_01462	class	Opisthokonta; Choanoflagellida; Choanoflagellatea; Acanthoecida	Acanthoecida	87.8	0
0	KHMBKGOM_01468	family	Opisthokonta; Choanoflagellida; Choanoflagellatea; Acanthoecida; Acanthoecida_X; Acanthoecida_XX	Acanthoecida_XX	128.6	0
0	KHMBKGOM_01469	class	Stramenopiles; Ochrophyta; Bacillariophyta; Bacillariophyta_X	Bacillariophyta_X	136.7	0
0	KHMBKGOM_01470	order	Archaeplastida; Chlorophyta; Chlorophyceae; Chlamydomonadales; Chlamydomonadales_X	Chlamydomonadales_X	222.6	0
0	KHMBKGOM_01472	class	Stramenopiles; Ochrophyta; Bacillariophyta; Bacillariophyta_X	Bacillariophyta_X	93.6	0
0	KHMBKGOM_01473	class	Archaeplastida; Glaucophyta; Glaucocystophyceae; Glaucocystophytes	Glaucocystophytes	174.9	0
0	KHMBKGOM_01477	class	Archaeplastida; Chlorophyta; Trebouxiophyceae; Chlorellales	Chlorellales	185.7	0
0	KHMBKGOM_01478	order	Hacrobia; Cryptophyta; Cryptophyceae; Cryptomonadales; Cryptomonadales_X	Cryptomonadales_X	183.7	0
0	KHMBKGOM_01480	division	Stramenopiles; Ochrophyta; Bacillariophyta	Bacillariophyta	90.1	0
0	KHMBKGOM_01481	class	Alveolata; Dinoflagellata; Dinophyceae; Peridiniales	Peridiniales	110.9	0
0	KHMBKGOM_01489	order	Archaeplastida; Glaucophyta; Glaucocystophyceae; Glaucocystophytes; Glaucocystophytes_X	Glaucocystophytes_X	656.0	0
0	KHMBKGOM_01490	division	Stramenopiles; Ochrophyta; Bacillariophyta	Bacillariophyta	155.6	0
0	KHMBKGOM_01494	division	Amoebozoa; Conosa; Variosea	Variosea	115.5	0
0	KHMBKGOM_01498	class	Alveolata; Dinoflagellata; Dinophyceae; Suessiales	Suessiales	150.2	0
0	KHMBKGOM_01499	family	Stramenopiles; Ochrophyta; Bacillariophyta; Bacillariophyta_X; Polar-centric-Mediophyceae; Thalassiosira	Thalassiosira	94.0	0
0	KHMBKGOM_01503	class	Stramenopiles; Ochrophyta; Bacillariophyta; Bacillariophyta_X	Bacillariophyta_X	103.2	0
0	KHMBKGOM_01504	class	Archaeplastida; Chlorophyta; Trebouxiophyceae; Chlorellales	Chlorellales	241.1	0
0	KHMBKGOM_01505	class	Excavata; Discoba; Euglenozoa; Euglenida	Euglenida	237.3	0
0	KHMBKGOM_01506	class	Archaeplastida; Chlorophyta; Mamiellophyceae; Mamiellales	Mamiellales	70.5	0
0	KHMBKGOM_01507	order	Archaeplastida; Chlorophyta; Picocystophyceae; Picocystales; Picocystaceae	Picocystaceae	235.7	0
0	KHMBKGOM_01509	division	Stramenopiles; Sagenista; Labyrinthulomycetes	Labyrinthulomycetes	72.4	0
0	KHMBKGOM_01510	order	Stramenopiles; Ochrophyta; Bacillariophyta; Bacillariophyta_X; Polar-centric-Mediophyceae	Polar-centric-Mediophyceae	487.3	0
0	KHMBKGOM_01511	class	Alveolata; Ciliophora; Colpodea; Colpodea_X	Colpodea_X	243.4	0
0	KHMBKGOM_01514	class	Archaeplastida; Rhodophyta; Stylonematophyceae; Porphyridiales-2	Porphyridiales-2	328.9	0
0	KHMBKGOM_01518	family	Archaeplastida; Chlorophyta; Pyramimonadales; Pyramimonadales_X; Pyramimonadales_XX; Pyramimonas	Pyramimonas	110.9	0
0	KHMBKGOM_01519	class	Stramenopiles; Ochrophyta; Raphidophyceae; Raphidophyceae_X	Raphidophyceae_X	300.1	0
0	KHMBKGOM_01520	class	Stramenopiles; Ochrophyta; Bacillariophyta; Bacillariophyta_X	Bacillariophyta_X	59.3	0
0	KHMBKGOM_01521	class	Stramenopiles; Ochrophyta; Bacillariophyta; Bacillariophyta_X	Bacillariophyta_X	119.8	0
0	KHMBKGOM_01531	class	Hacrobia; Cryptophyta; Cryptophyceae; Cryptomonadales	Cryptomonadales	72.0	0
0	KHMBKGOM_01532				97.4	1
0	KHMBKGOM_01535	class	Stramenopiles; Ochrophyta; Bacillariophyta; Bacillariophyta_X	Bacillariophyta_X	77.0	0
0	KHMBKGOM_01538	division	Stramenopiles; Ochrophyta; Bacillariophyta	Bacillariophyta	98.6	0
0	KHMBKGOM_01539	class	Stramenopiles; Ochrophyta; Bacillariophyta; Bacillariophyta_X	Bacillariophyta_X	154.1	0
0	KHMBKGOM_01540	class	Stramenopiles; Ochrophyta; Dictyochophyceae; Dictyochophyceae_X	Dictyochophyceae_X	191.4	0
0	KHMBKGOM_01547	class	Stramenopiles; Stramenopiles_X; Stramenopiles_XX; Stramenopiles_XXX	Stramenopiles_XXX	325.5	0
0	KHMBKGOM_01549	class	Stramenopiles; Ochrophyta; Bacillariophyta; Bacillariophyta_X	Bacillariophyta_X	105.5	0
0	KHMBKGOM_01550	division	Stramenopiles; Ochrophyta; Bacillariophyta	Bacillariophyta	107.8	0
0	KHMBKGOM_01551	order	Stramenopiles; Ochrophyta; Bacillariophyta; Bacillariophyta_X; Araphid-pennate	Araphid-pennate	110.9	0
0	KHMBKGOM_01553	division	Stramenopiles; Ochrophyta; Pelagophyceae	Pelagophyceae	131.3	0
0	KHMBKGOM_01554	order	Hacrobia; Cryptophyta; Cryptophyceae; Goniomonadales; Goniomonadales_X	Goniomonadales_X	60.5	0
0	KHMBKGOM_01555	order	Archaeplastida; Chlorophyta; Mamiellophyceae; Mamiellales; Mamiellaceae	Mamiellaceae	132.5	0
0	KHMBKGOM_01558	class	Alveolata; Ciliophora; Ciliophora_X; Ciliophora_XX	Ciliophora_XX	141.7	0
0	KHMBKGOM_01559	class	Stramenopiles; Ochrophyta; Bacillariophyta; Bacillariophyta_X	Bacillariophyta_X	148.7	0
0	KHMBKGOM_01565	class	Archaeplastida; Chlorophyta; Trebouxiophyceae; Prasiolales	Prasiolales	201.1	0
0	KHMBKGOM_01570	class	Stramenopiles; Ochrophyta; Bacillariophyta; Bacillariophyta_X	Bacillariophyta_X	139.0	0
0	KHMBKGOM_01574	class	Archaeplastida; Chlorophyta; Chlorophyceae; Chlamydomonadales	Chlamydomonadales	219.5	0
0	KHMBKGOM_01575	division	Amoebozoa; Lobosa	Lobosa	193.7	1
0	KHMBKGOM_01577	class	Hacrobia; Haptophyta; Prymnesiophyceae; Coccolithales	Coccolithales	511.5	0
0	KHMBKGOM_01581	class	Stramenopiles; Ochrophyta; Bacillariophyta; Bacillariophyta_X	Bacillariophyta_X	228.0	0
0	KHMBKGOM_01583	class	Rhizaria; Cercozoa; Chlorarachniophyceae; Chlorarachnida	Chlorarachnida	94.4	0
0	KHMBKGOM_01584	order	Alveolata; Ciliophora; Ciliophora_X; Ciliophora_XX; Ciliophora_XXX	Ciliophora_XXX	137.9	0
0	KHMBKGOM_01585	class	Alveolata; Ciliophora; Ciliophora_X; Ciliophora_XX	Ciliophora_XX	399.1	0
0	KHMBKGOM_01587	class	Stramenopiles; Ochrophyta; Bacillariophyta; Bacillariophyta_X	Bacillariophyta_X	243.4	0
0	KHMBKGOM_01592	class	Rhizaria; Cercozoa; Chlorarachniophyceae; Chlorarachnida	Chlorarachnida	194.5	0
0	KHMBKGOM_01593	order	Hacrobia; Haptophyta; Pavlovophyceae; Pavlovales; Pavlovaceae	Pavlovaceae	153.7	0
0	KHMBKGOM_01595	class	Hacrobia; Haptophyta; Prymnesiophyceae; Isochrysidales	Isochrysidales	165.6	0
0	KHMBKGOM_01598	division	Hacrobia; Cryptophyta; Cryptophyceae	Cryptophyceae	72.8	0
0	KHMBKGOM_01603	class	Archaeplastida; Chlorophyta; Palmophyllophyceae; Prasinococcales	Prasinococcales	57.0	0
0	KHMBKGOM_01606	class	Stramenopiles; Ochrophyta; Bacillariophyta; Bacillariophyta_X	Bacillariophyta_X	122.9	0
0	KHMBKGOM_01607	class	Archaeplastida; Chlorophyta; Mamiellophyceae; Dolichomastigales	Dolichomastigales	88.2	0
0	KHMBKGOM_01608	class	Stramenopiles; Ochrophyta; Bacillariophyta; Bacillariophyta_X	Bacillariophyta_X	472.6	0
0	KHMBKGOM_01612	class	Stramenopiles; Ochrophyta; Bacillariophyta; Bacillariophyta_X	Bacillariophyta_X	90.9	0
0	KHMBKGOM_01613	order	Archaeplastida; Chlorophyta; Nephroselmidophyceae; Nephroselmidales; Nephroselmidales_X	Nephroselmidales_X	542.0	0
0	KHMBKGOM_01615	class	Stramenopiles; Ochrophyta; Bacillariophyta; Bacillariophyta_X	Bacillariophyta_X	59.7	0
0	KHMBKGOM_01622	class	Archaeplastida; Chlorophyta; Chlorodendrophyceae; Chlorodendrales	Chlorodendrales	347.8	0
0	KHMBKGOM_01624	class	Archaeplastida; Chlorophyta; Mamiellophyceae; Mamiellales	Mamiellales	167.2	0
0	KHMBKGOM_01625	order	Archaeplastida; Chlorophyta; Mamiellophyceae; Dolichomastigales; Dolichomastigaceae	Dolichomastigaceae	176.8	0
0	KHMBKGOM_01626	order	Stramenopiles; Ochrophyta; Pelagophyceae; Pelagomonadales; Pelagomonadaceae	Pelagomonadaceae	136.3	0
0	KHMBKGOM_01627	class	Stramenopiles; Ochrophyta; Bacillariophyta; Bacillariophyta_X	Bacillariophyta_X	110.9	0
0	KHMBKGOM_01628	class	Rhizaria; Cercozoa; Chlorarachniophyceae; Chlorarachnida	Chlorarachnida	232.6	0
0	KHMBKGOM_01639	class	Opisthokonta; Choanoflagellida; Choanoflagellatea; Acanthoecida	Acanthoecida	91.3	0
0	KHMBKGOM_01647	class	Hacrobia; Haptophyta; Prymnesiophyceae; Prymnesiales	Prymnesiales	72.8	0
0	KHMBKGOM_01651	class	Stramenopiles; Ochrophyta; Pelagophyceae; Pelagomonadales	Pelagomonadales	61.2	0
0	KHMBKGOM_01652	family	Stramenopiles; Ochrophyta; Bacillariophyta; Bacillariophyta_X; Polar-centric-Mediophyceae; Chaetoceros	Chaetoceros	112.5	0
0	KHMBKGOM_01654	family	Archaeplastida; Chlorophyta; Pyramimonadales; Pyramimonadales_X; Pyramimonadales_XX; Pyramimonas	Pyramimonas	150.2	0
0	KHMBKGOM_01655	class	Archaeplastida; Glaucophyta; Glaucocystophyceae; Glaucocystophytes	Glaucocystophytes	261.2	0
0	KHMBKGOM_01656	class	Alveolata; Dinoflagellata; Dinophyceae; Peridiniales	Peridiniales	223.0	0
0	KHMBKGOM_01657	class	Alveolata; Ciliophora; Ciliophora_X; Ciliophora_XX	Ciliophora_XX	243.8	0
0	KHMBKGOM_01661	class	Stramenopiles; Ochrophyta; Bacillariophyta; Bacillariophyta_X	Bacillariophyta_X	158.7	0
0	KHMBKGOM_01662	class	Archaeplastida; Chlorophyta; Picocystophyceae; Picocystales	Picocystales	110.9	0
0	KHMBKGOM_01668	class	Stramenopiles; Ochrophyta; Bacillariophyta; Bacillariophyta_X	Bacillariophyta_X	57.8	0
0	KHMBKGOM_01671	order	Stramenopiles; Ochrophyta; Raphidophyceae; Raphidophyceae_X; Raphidophyceae_XX	Raphidophyceae_XX	399.1	0
0	KHMBKGOM_01672	division	Stramenopiles; Ochrophyta; Bacillariophyta	Bacillariophyta	90.5	0
0	KHMBKGOM_01673	class	Alveolata; Dinoflagellata; Dinophyceae; Suessiales	Suessiales	71.2	0
0	KHMBKGOM_01674	order	Stramenopiles; Ochrophyta; Raphidophyceae; Raphidophyceae_X; Raphidophyceae_XX	Raphidophyceae_XX	81.3	0
0	KHMBKGOM_01676	class	Archaeplastida; Rhodophyta; Rhodellophyceae; Rhodellales	Rhodellales	189.5	0
0	KHMBKGOM_01677	class	Archaeplastida; Chlorophyta; Chlorophyceae; Chlamydomonadales	Chlamydomonadales	414.8	0
0	KHMBKGOM_01678	class	Hacrobia; Cryptophyta; Cryptophyceae; Goniomonadales	Goniomonadales	276.6	0
0	KHMBKGOM_01679	order	Alveolata; Ciliophora; Prostomatea_1; Prostomatea_1_X; Colepidae	Colepidae	433.0	0
0	KHMBKGOM_01692	class	Stramenopiles; Ochrophyta; Bacillariophyta; Bacillariophyta_X	Bacillariophyta_X	83.6	0
0	KHMBKGOM_01696	division	Stramenopiles; Ochrophyta; Bacillariophyta	Bacillariophyta	57.0	0
0	KHMBKGOM_01697	order	Stramenopiles; Ochrophyta; Bacillariophyta; Bacillariophyta_X; Polar-centric-Mediophyceae	Polar-centric-Mediophyceae	1051.6	0
0	KHMBKGOM_01699	class	Archaeplastida; Chlorophyta; Chlorophyta_X; Chlorophyta_XX	Chlorophyta_XX	66.6	0
0	KHMBKGOM_01701	family	Stramenopiles; Ochrophyta; Bacillariophyta; Bacillariophyta_X; Araphid-pennate; Thalassionema	Thalassionema	90.1	0
0	KHMBKGOM_01703	order	Amoebozoa; Discosea; Discosea_X; Discosea_XX; Discosea_XXX	Discosea_XXX	453.4	0
0	KHMBKGOM_01707	division	Stramenopiles; Ochrophyta; Bacillariophyta	Bacillariophyta	124.8	0
0	KHMBKGOM_01711	family	Archaeplastida; Rhodophyta; Porphyridiophyceae; Porphyridiales; Porphyridiaceae; Erythrolobus	Erythrolobus	61.2	0
0	KHMBKGOM_01712	class	Stramenopiles; Ochrophyta; Bacillariophyta; Bacillariophyta_X	Bacillariophyta_X	79.7	0
0	KHMBKGOM_01714	class	Stramenopiles; Ochrophyta; Raphidophyceae; Raphidophyceae_X	Raphidophyceae_X	141.7	0
0	KHMBKGOM_01716	order	Stramenopiles; Ochrophyta; Bacillariophyta; Bacillariophyta_X; Polar-centric-Mediophyceae	Polar-centric-Mediophyceae	415.6	0
0	KHMBKGOM_01718	class	Stramenopiles; Ochrophyta; Bacillariophyta; Bacillariophyta_X	Bacillariophyta_X	190.7	0
0	KHMBKGOM_01719	order	Alveolata; Ciliophora; Spirotrichea; Tintinnida; Favellidae	Favellidae	249.2	0
0	KHMBKGOM_01720	class	Archaeplastida; Chlorophyta; Chlorodendrophyceae; Chlorodendrales	Chlorodendrales	137.9	0
0	KHMBKGOM_01724	class	Stramenopiles; Ochrophyta; Bacillariophyta; Bacillariophyta_X	Bacillariophyta_X	105.5	0
0	KHMBKGOM_01731	class	Alveolata; Dinoflagellata; Dinophyceae; Suessiales	Suessiales	138.3	0
0	KHMBKGOM_01735	class	Stramenopiles; Ochrophyta; Bacillariophyta; Bacillariophyta_X	Bacillariophyta_X	93.6	0
0	KHMBKGOM_01736	class	Stramenopiles; Ochrophyta; Bacillariophyta; Bacillariophyta_X	Bacillariophyta_X	86.3	0
0	KHMBKGOM_01737	class	Stramenopiles; Ochrophyta; Dictyochophyceae; Dictyochophyceae_X	Dictyochophyceae_X	65.9	0
0	KHMBKGOM_01740	class	Alveolata; Ciliophora; Heterotrichea; Heterotrichea_X	Heterotrichea_X	218.4	0
0	KHMBKGOM_01744	class	Archaeplastida; Chlorophyta; Chlorophyceae; Chlamydomonadales	Chlamydomonadales	71.2	0
0	KHMBKGOM_01746	class	Archaeplastida; Chlorophyta; Mamiellophyceae; Mamiellales	Mamiellales	303.5	0
0	KHMBKGOM_01752	class	Stramenopiles; Ochrophyta; Bacillariophyta; Bacillariophyta_X	Bacillariophyta_X	167.9	0
0	KHMBKGOM_01756	division	Amoebozoa; Lobosa; Discosea-Flabellinia	Discosea-Flabellinia	73.6	0
0	KHMBKGOM_01757	class	Stramenopiles; Ochrophyta; Bacillariophyta; Bacillariophyta_X	Bacillariophyta_X	145.6	0
0	KHMBKGOM_01758	division	Archaeplastida; Chlorophyta; Chlorodendrophyceae	Chlorodendrophyceae	186.0	0
0	KHMBKGOM_01762	order	Stramenopiles; Ochrophyta; Chrysophyceae; Chrysophyceae_X; Chrysophyceae_Clade-C	Chrysophyceae_Clade-C	68.6	0
0	KHMBKGOM_01767	class	Stramenopiles; Ochrophyta; Bacillariophyta; Bacillariophyta_X	Bacillariophyta_X	64.3	0
0	KHMBKGOM_01770	class	Archaeplastida; Chlorophyta; Mamiellophyceae; Dolichomastigales	Dolichomastigales	187.2	0
0	KHMBKGOM_01772	class	Archaeplastida; Rhodophyta; Stylonematophyceae; Porphyridiales-2	Porphyridiales-2	103.2	0
0	KHMBKGOM_01773	class	Stramenopiles; Ochrophyta; Bacillariophyta; Bacillariophyta_X	Bacillariophyta_X	194.5	0
0	KHMBKGOM_01775	order	Stramenopiles; Sagenista; Labyrinthulomycetes; Labyrinthulales; Labyrinthulaceae	Labyrinthulaceae	67.0	0
0	KHMBKGOM_01778	class	Stramenopiles; Ochrophyta; Bacillariophyta; Bacillariophyta_X	Bacillariophyta_X	74.3	0
0	KHMBKGOM_01780	class	Excavata; Discoba; Euglenozoa; Kinetoplastida	Kinetoplastida	321.2	0
0	KHMBKGOM_01781	division	Archaeplastida; Chlorophyta; Mamiellophyceae	Mamiellophyceae	65.1	0
0	KHMBKGOM_01782	class	Archaeplastida; Chlorophyta; Chlorophyceae; Chlamydomonadales	Chlamydomonadales	221.9	0
0	KHMBKGOM_01783	division	Stramenopiles; Ochrophyta; Bacillariophyta	Bacillariophyta	88.2	0
0	KHMBKGOM_01785	class	Stramenopiles; Ochrophyta; Bacillariophyta; Bacillariophyta_X	Bacillariophyta_X	131.0	0
0	KHMBKGOM_01787	family	Stramenopiles; Ochrophyta; Raphidophyceae; Raphidophyceae_X; Raphidophyceae_XX; Heterosigma	Heterosigma	103.6	0
0	KHMBKGOM_01789	class	Stramenopiles; Ochrophyta; Bacillariophyta; Bacillariophyta_X	Bacillariophyta_X	146.0	0
0	KHMBKGOM_01790	genus	Archaeplastida; Chlorophyta; Nephroselmidophyceae; Nephroselmidales; Nephroselmidales_X; Nephroselmis; Nephroselmis pyriformis	Nephroselmis pyriformis	349.0	0
0	KHMBKGOM_01793	class	Rhizaria; Cercozoa; Chlorarachniophyceae; Chlorarachnida	Chlorarachnida	190.7	0
0	KHMBKGOM_01794	class	Archaeplastida; Rhodophyta; Porphyridiophyceae; Porphyridiales	Porphyridiales	145.2	0
0	KHMBKGOM_01796	class	Stramenopiles; Ochrophyta; Bacillariophyta; Bacillariophyta_X	Bacillariophyta_X	205.3	0
0	KHMBKGOM_01798	order	Stramenopiles; Ochrophyta; Bacillariophyta; Bacillariophyta_X; Araphid-pennate	Araphid-pennate	228.0	0
0	KHMBKGOM_01807	class	Stramenopiles; Ochrophyta; Dictyochophyceae; Dictyochophyceae_X	Dictyochophyceae_X	194.5	0
0	KHMBKGOM_01808	class	Stramenopiles; Ochrophyta; Bacillariophyta; Bacillariophyta_X	Bacillariophyta_X	270.0	0
0	KHMBKGOM_01811	class	Stramenopiles; Ochrophyta; Raphidophyceae; Raphidophyceae_X	Raphidophyceae_X	134.0	0
0	KHMBKGOM_01815	class	Stramenopiles; Sagenista; Labyrinthulomycetes; Thraustochytriales	Thraustochytriales	65.5	0
0	KHMBKGOM_01817	class	Archaeplastida; Chlorophyta; Chlorophyceae; Chlamydomonadales	Chlamydomonadales	63.2	0
0	KHMBKGOM_01819	class	Alveolata; Dinoflagellata; Dinophyceae; Gonyaulacales	Gonyaulacales	311.2	0
0	KHMBKGOM_01820	class	Alveolata; Ciliophora; Ciliophora_X; Ciliophora_XX	Ciliophora_XX	303.1	0
0	KHMBKGOM_01821	class	Archaeplastida; Chlorophyta; Chlorophyta_X; Chlorophyta_XX	Chlorophyta_XX	95.5	0
0	KHMBKGOM_01822	class	Hacrobia; Cryptophyta; Cryptophyceae; Goniomonadales	Goniomonadales	58.2	0
0	KHMBKGOM_01823	class	Stramenopiles; Ochrophyta; Bacillariophyta; Bacillariophyta_X	Bacillariophyta_X	236.5	0
0	KHMBKGOM_01825	class	Alveolata; Apicomplexa; Colpodellidea; Vitrelladida	Vitrelladida	129.4	0
0	KHMBKGOM_01827	division	Stramenopiles; Ochrophyta; Pelagophyceae	Pelagophyceae	86.3	0
0	KHMBKGOM_01829	class	Excavata; Discoba; Euglenozoa; Euglenida	Euglenida	73.2	0
0	KHMBKGOM_01834	class	Stramenopiles; Ochrophyta; Bacillariophyta; Bacillariophyta_X	Bacillariophyta_X	59.7	0
0	KHMBKGOM_01837	class	Stramenopiles; Ochrophyta; Chrysophyceae; Chrysophyceae_X	Chrysophyceae_X	803.1	0
0	KHMBKGOM_01842	order	Archaeplastida; Chlorophyta; Chloropicophyceae; Chloropicales; Chloropicaceae	Chloropicaceae	350.5	0
0	KHMBKGOM_01843	class	Archaeplastida; Chlorophyta; Nephroselmidophyceae; Nephroselmidales	Nephroselmidales	204.5	0
0	KHMBKGOM_01845	class	Stramenopiles; Ochrophyta; Bacillariophyta; Bacillariophyta_X	Bacillariophyta_X	224.9	0
0	KHMBKGOM_01846	class	Stramenopiles; Ochrophyta; Bacillariophyta; Bacillariophyta_X	Bacillariophyta_X	234.6	0
0	KHMBKGOM_01847	class	Stramenopiles; Ochrophyta; Bacillariophyta; Bacillariophyta_X	Bacillariophyta_X	188.0	0
0	KHMBKGOM_01848	class	Alveolata; Ciliophora; Ciliophora_X; Ciliophora_XX	Ciliophora_XX	168.7	0
0	KHMBKGOM_01850	class	Archaeplastida; Chlorophyta; Mamiellophyceae; Mamiellales	Mamiellales	212.2	0
0	KHMBKGOM_01856	class	Archaeplastida; Chlorophyta; Chlorophyceae; Chlamydomonadales	Chlamydomonadales	256.9	0
0	KHMBKGOM_01859	class	Alveolata; Dinoflagellata; Dinophyceae; Suessiales	Suessiales	75.9	0
0	KHMBKGOM_01860	order	Stramenopiles; Ochrophyta; Bacillariophyta; Bacillariophyta_X; Araphid-pennate	Araphid-pennate	97.4	0
0	KHMBKGOM_01861	class	Stramenopiles; Ochrophyta; Bacillariophyta; Bacillariophyta_X	Bacillariophyta_X	232.3	0
0	KHMBKGOM_01862	class	Stramenopiles; Ochrophyta; Bacillariophyta; Bacillariophyta_X	Bacillariophyta_X	62.4	0
0	KHMBKGOM_01864	class	Stramenopiles; Ochrophyta; Bacillariophyta; Bacillariophyta_X	Bacillariophyta_X	300.1	0
0	KHMBKGOM_01866	division	Stramenopiles; Ochrophyta; Chrysophyceae	Chrysophyceae	63.9	0
0	KHMBKGOM_01869				80.1	1
0	KHMBKGOM_01872	class	Archaeplastida; Glaucophyta; Glaucocystophyceae; Glaucocystophytes	Glaucocystophytes	191.8	0
0	KHMBKGOM_01879	class	Rhizaria; Cercozoa; Chlorarachniophyceae; Chlorarachnida	Chlorarachnida	79.7	0
0	KHMBKGOM_01880	class	Stramenopiles; Ochrophyta; Bacillariophyta; Bacillariophyta_X	Bacillariophyta_X	89.7	0
0	KHMBKGOM_01886	order	Stramenopiles; Ochrophyta; Bacillariophyta; Bacillariophyta_X; Polar-centric-Mediophyceae	Polar-centric-Mediophyceae	117.9	0
0	KHMBKGOM_01890	division	Archaeplastida; Chlorophyta; Mamiellophyceae	Mamiellophyceae	97.1	0
0	KHMBKGOM_01892	order	Archaeplastida; Chlorophyta; Mamiellophyceae; Dolichomastigales; Dolichomastigaceae	Dolichomastigaceae	77.8	0
0	KHMBKGOM_01893	division	Archaeplastida; Chlorophyta; Palmophyllophyceae	Palmophyllophyceae	77.8	0
0	KHMBKGOM_01895	class	Rhizaria; Cercozoa; Chlorarachniophyceae; Chlorarachnida	Chlorarachnida	120.9	0
0	KHMBKGOM_01901	class	Stramenopiles; Ochrophyta; Bacillariophyta; Bacillariophyta_X	Bacillariophyta_X	151.0	0
0	KHMBKGOM_01902	division	Amoebozoa; Conosa; Variosea	Variosea	92.0	0
0	KHMBKGOM_01906	order	Stramenopiles; Ochrophyta; Bacillariophyta; Bacillariophyta_X; Polar-centric-Mediophyceae	Polar-centric-Mediophyceae	242.7	0
0	KHMBKGOM_01907	class	Stramenopiles; Ochrophyta; Bacillariophyta; Bacillariophyta_X	Bacillariophyta_X	295.0	0
0	KHMBKGOM_01909	class	Stramenopiles; Ochrophyta; Bacillariophyta; Bacillariophyta_X	Bacillariophyta_X	316.2	0
0	KHMBKGOM_01910	class	Stramenopiles; Ochrophyta; Bacillariophyta; Bacillariophyta_X	Bacillariophyta_X	677.2	0
0	KHMBKGOM_01913	class	Archaeplastida; Chlorophyta; Palmophyllophyceae; Prasinococcales	Prasinococcales	134.8	0
0	KHMBKGOM_01918	class	Stramenopiles; Ochrophyta; Bacillariophyta; Bacillariophyta_X	Bacillariophyta_X	102.8	0
0	KHMBKGOM_01920	class	Stramenopiles; Ochrophyta; Bacillariophyta; Bacillariophyta_X	Bacillariophyta_X	161.0	0
0	KHMBKGOM_01923	class	Archaeplastida; Rhodophyta; Compsopogonophyceae; Compsopogonales	Compsopogonales	62.4	0
0	KHMBKGOM_01925	class	Stramenopiles; Ochrophyta; Bacillariophyta; Bacillariophyta_X	Bacillariophyta_X	134.8	0
0	KHMBKGOM_01935	division	Alveolata; Ciliophora; Spirotrichea	Spirotrichea	70.1	0
0	KHMBKGOM_01936	class	Stramenopiles; Ochrophyta; Bacillariophyta; Bacillariophyta_X	Bacillariophyta_X	71.2	0
0	KHMBKGOM_01937				105.9	1
0	KHMBKGOM_01939	class	Stramenopiles; Sagenista; Labyrinthulomycetes; Thraustochytriales	Thraustochytriales	65.9	0
0	KHMBKGOM_01947	order	Stramenopiles; Ochrophyta; Raphidophyceae; Raphidophyceae_X; Raphidophyceae_XX	Raphidophyceae_XX	191.0	0
0	KHMBKGOM_01955	class	Alveolata; Ciliophora; Ciliophora_X; Ciliophora_XX	Ciliophora_XX	501.9	0
0	KHMBKGOM_01957	class	Archaeplastida; Rhodophyta; Porphyridiophyceae; Porphyridiales	Porphyridiales	129.0	0
0	KHMBKGOM_01959	family	Stramenopiles; Ochrophyta; Bacillariophyta; Bacillariophyta_X; Araphid-pennate; Thalassionema	Thalassionema	731.5	0
0	KHMBKGOM_01960	class	Stramenopiles; Ochrophyta; Bacillariophyta; Bacillariophyta_X	Bacillariophyta_X	76.6	0
0	KHMBKGOM_01961	class	Alveolata; Ciliophora; Colpodea; Colpodea_X	Colpodea_X	132.5	0
0	KHMBKGOM_01962	order	Stramenopiles; Sagenista; Labyrinthulomycetes; Labyrinthulales; Labyrinthulaceae	Labyrinthulaceae	541.2	0
0	KHMBKGOM_01969	order	Alveolata; Apicomplexa; Colpodellidea; Vitrelladida; Vitrellaceae	Vitrellaceae	68.6	0
0	KHMBKGOM_01976	class	Archaeplastida; Chlorophyta; Chloropicophyceae; Chloropicales	Chloropicales	201.1	0
0	KHMBKGOM_01979	class	Alveolata; Apicomplexa; Colpodellidea; Vitrelladida	Vitrelladida	126.3	0
0	KHMBKGOM_01984	class	Stramenopiles; Ochrophyta; Bacillariophyta; Bacillariophyta_X	Bacillariophyta_X	184.1	0
0	KHMBKGOM_01988	class	Stramenopiles; Ochrophyta; Bacillariophyta; Bacillariophyta_X	Bacillariophyta_X	241.1	0
0	KHMBKGOM_01989	class	Hacrobia; Haptophyta; Prymnesiophyceae; Zygodiscales	Zygodiscales	64.7	0
0	KHMBKGOM_01991	class	Rhizaria; Foraminifera; Globothalamea; Rotaliida	Rotaliida	190.3	0
0	KHMBKGOM_01993	class	Hacrobia; Haptophyta; Prymnesiophyceae; Calcihaptophycidae	Calcihaptophycidae	120.6	0
0	KHMBKGOM_01994	order	Stramenopiles; Sagenista; Labyrinthulomycetes; Thraustochytriales; Thraustochytriaceae	Thraustochytriaceae	214.2	0
0	KHMBKGOM_01996	order	Stramenopiles; Ochrophyta; Bacillariophyta; Bacillariophyta_X; Polar-centric-Mediophyceae	Polar-centric-Mediophyceae	558.1	0
0	KHMBKGOM_01998	class	Stramenopiles; Ochrophyta; Chrysophyceae; Chrysophyceae_X	Chrysophyceae_X	102.1	0
0	KHMBKGOM_01999	class	Stramenopiles; Ochrophyta; Bacillariophyta; Bacillariophyta_X	Bacillariophyta_X	63.9	0
0	KHMBKGOM_02002	class	Stramenopiles; Ochrophyta; Bacillariophyta; Bacillariophyta_X	Bacillariophyta_X	122.9	0
0	KHMBKGOM_02003	class	Stramenopiles; Ochrophyta; Bacillariophyta; Bacillariophyta_X	Bacillariophyta_X	104.8	0
0	KHMBKGOM_02005	class	Stramenopiles; Ochrophyta; Raphidophyceae; Raphidophyceae_X	Raphidophyceae_X	93.6	0
0	KHMBKGOM_02007	class	Alveolata; Ciliophora; Heterotrichea; Heterotrichea_X	Heterotrichea_X	224.9	0
0	KHMBKGOM_02009	class	Archaeplastida; Rhodophyta; Porphyridiophyceae; Porphyridiales	Porphyridiales	108.6	0
0	KHMBKGOM_02018	division	Amoebozoa; Lobosa; Lobosa_X	Lobosa_X	84.3	0
0	KHMBKGOM_02025	class	Excavata; Discoba; Euglenozoa; Euglenida	Euglenida	465.3	0
0	KHMBKGOM_02027	division	Stramenopiles; Ochrophyta; Bacillariophyta	Bacillariophyta	63.5	0
0	KHMBKGOM_02030	division	Rhizaria; Cercozoa; Chlorarachniophyceae	Chlorarachniophyceae	167.5	0
0	KHMBKGOM_02039	class	Hacrobia; Cryptophyta; Cryptophyceae; Cryptomonadales	Cryptomonadales	232.6	0
0	KHMBKGOM_02040	class	Stramenopiles; Ochrophyta; Bacillariophyta; Bacillariophyta_X	Bacillariophyta_X	294.7	0
0	KHMBKGOM_02041	order	Stramenopiles; Ochrophyta; Bacillariophyta; Bacillariophyta_X; Polar-centric-Mediophyceae	Polar-centric-Mediophyceae	166.4	0
0	KHMBKGOM_02042	order	Stramenopiles; Ochrophyta; Bacillariophyta; Bacillariophyta_X; Araphid-pennate	Araphid-pennate	486.5	0
0	KHMBKGOM_02046	order	Alveolata; Dinoflagellata; Dinophyceae; Peridiniales; Thoracosphaeraceae	Thoracosphaeraceae	63.9	0
0	KHMBKGOM_02049	class	Stramenopiles; Ochrophyta; Raphidophyceae; Raphidophyceae_X	Raphidophyceae_X	60.8	0
0	KHMBKGOM_02050	division	Stramenopiles; Ochrophyta; Bacillariophyta	Bacillariophyta	111.7	0
0	KHMBKGOM_02052	division	Stramenopiles; Ochrophyta; Bacillariophyta	Bacillariophyta	69.7	0
0	KHMBKGOM_02056	order	Hacrobia; Cryptophyta; Cryptophyceae; Goniomonadales; Goniomonadales_X	Goniomonadales_X	68.2	0
0	KHMBKGOM_02059	class	Stramenopiles; Ochrophyta; Raphidophyceae; Raphidophyceae_X	Raphidophyceae_X	149.8	0
0	KHMBKGOM_02061	order	Excavata; Discoba; Euglenozoa; Euglenida; Eutreptiales	Eutreptiales	206.5	0
0	KHMBKGOM_02066	class	Archaeplastida; Chlorophyta; Nephroselmidophyceae; Nephroselmidales	Nephroselmidales	214.5	0
0	KHMBKGOM_02067	family	Archaeplastida; Chlorophyta; Nephroselmidophyceae; Nephroselmidales; Nephroselmidales_X; Nephroselmis	Nephroselmis	378.3	0
0	KHMBKGOM_02068	order	Archaeplastida; Chlorophyta; Mamiellophyceae; Dolichomastigales	Dolichomastigales	104.4	1
0	KHMBKGOM_02070	class	Stramenopiles; Ochrophyta; Bacillariophyta; Bacillariophyta_X	Bacillariophyta_X	101.7	0
0	KHMBKGOM_02074	order	Hacrobia; Cryptophyta; Cryptophyceae; Cryptophyceae_XXX; Cryptophyceae_XXXX	Cryptophyceae_XXXX	88.6	0
0	KHMBKGOM_02076	class	Excavata; Discoba; Euglenozoa; Euglenida	Euglenida	152.9	0
0	KHMBKGOM_02077	division	Stramenopiles; Ochrophyta; Bacillariophyta	Bacillariophyta	111.3	0
0	KHMBKGOM_02078	class	Alveolata; Ciliophora; Heterotrichea; Heterotrichea_X	Heterotrichea_X	86.7	0
0	KHMBKGOM_02079	class	Hacrobia; Cryptophyta; Cryptophyceae; Cryptomonadales	Cryptomonadales	160.2	0
0	KHMBKGOM_02082	class	Amoebozoa; Discosea; Discosea_X; Discosea_XX	Discosea_XX	167.2	0
0	KHMBKGOM_02085	class	Stramenopiles; Ochrophyta; Bacillariophyta; Bacillariophyta_X	Bacillariophyta_X	72.4	0
0	KHMBKGOM_02087	class	Stramenopiles; Ochrophyta; Bacillariophyta; Bacillariophyta_X	Bacillariophyta_X	74.7	0
0	KHMBKGOM_02088	class	Stramenopiles; Ochrophyta; Bacillariophyta; Bacillariophyta_X	Bacillariophyta_X	188.0	0
0	KHMBKGOM_02094	order	Stramenopiles; Ochrophyta; Bacillariophyta; Bacillariophyta_X; Polar-centric-Mediophyceae	Polar-centric-Mediophyceae	362.1	0
0	KHMBKGOM_02098	division	Archaeplastida; Rhodophyta; Compsopogonophyceae	Compsopogonophyceae	135.6	0
0	KHMBKGOM_02105	supergroup	Archaeplastida	Archaeplastida	144.4	1
0	KHMBKGOM_02108	class	Archaeplastida; Chlorophyta; Nephroselmidophyceae; Nephroselmidales	Nephroselmidales	331.6	0
0	KHMBKGOM_02109	class	Alveolata; Ciliophora; Spirotrichea; Euplotia	Euplotia	159.1	0
0	KHMBKGOM_02110	division	Hacrobia; Haptophyta; Prymnesiophyceae	Prymnesiophyceae	86.7	0
0	KHMBKGOM_02114	division	Stramenopiles; Ochrophyta; Bacillariophyta	Bacillariophyta	198.4	0
0	KHMBKGOM_02115	division	Stramenopiles; Ochrophyta; Dictyochophyceae	Dictyochophyceae	133.3	0
0	KHMBKGOM_02116	class	Stramenopiles; Ochrophyta; Bacillariophyta; Bacillariophyta_X	Bacillariophyta_X	159.8	0
0	KHMBKGOM_02117	class	Stramenopiles; Ochrophyta; Bacillariophyta; Bacillariophyta_X	Bacillariophyta_X	107.8	0
0	KHMBKGOM_02118	order	Stramenopiles; Ochrophyta; Bacillariophyta; Bacillariophyta_X; Raphid-pennate	Raphid-pennate	213.4	0
0	KHMBKGOM_02121	order	Stramenopiles; Ochrophyta; Raphidophyceae; Raphidophyceae_X; Raphidophyceae_XX	Raphidophyceae_XX	325.1	0
0	KHMBKGOM_02122	class	Stramenopiles; Sagenista; Labyrinthulomycetes; Thraustochytriales	Thraustochytriales	173.3	0
0	KHMBKGOM_02123	class	Alveolata; Dinoflagellata; Dinophyceae; Peridiniales	Peridiniales	139.8	0
0	KHMBKGOM_02125	class	Stramenopiles; Ochrophyta; Bacillariophyta; Bacillariophyta_X	Bacillariophyta_X	304.7	0
0	KHMBKGOM_02127	class	Alveolata; Ciliophora; Spirotrichea; Euplotia	Euplotia	144.4	0
0	KHMBKGOM_02128	class	Amoebozoa; Lobosa; Lobosa_X; Stygamoebida	Stygamoebida	65.9	0
0	KHMBKGOM_02129	class	Alveolata; Dinoflagellata; Dinophyceae; Gymnodiniales	Gymnodiniales	72.0	0
0	KHMBKGOM_02130	family	Stramenopiles; Ochrophyta; Bacillariophyta; Bacillariophyta_X; Araphid-pennate; Asterionellopsis	Asterionellopsis	411.0	0
0	KHMBKGOM_02131	class	Stramenopiles; Ochrophyta; Bacillariophyta; Bacillariophyta_X	Bacillariophyta_X	92.0	0
0	KHMBKGOM_02132	division	Stramenopiles; Ochrophyta; Bacillariophyta	Bacillariophyta	98.6	0
0	KHMBKGOM_02133	class	Archaeplastida; Chlorophyta; Nephroselmidophyceae; Nephroselmidales	Nephroselmidales	262.7	0
0	KHMBKGOM_02134	order	Archaeplastida; Chlorophyta; Nephroselmidophyceae; Nephroselmidales; Nephroselmidales_X	Nephroselmidales_X	295.8	0
0	KHMBKGOM_02135	class	Stramenopiles; Ochrophyta; Bacillariophyta; Bacillariophyta_X	Bacillariophyta_X	110.2	0
0	KHMBKGOM_02137	class	Hacrobia; Haptophyta; Prymnesiophyceae; Zygodiscales	Zygodiscales	320.5	0
0	KHMBKGOM_02138	order	Hacrobia; Haptophyta; Prymnesiophyceae; Isochrysidales; Isochrysidaceae	Isochrysidaceae	340.1	0
0	KHMBKGOM_02140	division	Alveolata; Dinoflagellata; Oxyrrhea	Oxyrrhea	63.5	0
0	KHMBKGOM_02141	division	Alveolata; Dinoflagellata; Dinophyceae	Dinophyceae	79.7	0
0	KHMBKGOM_02150	class	Stramenopiles; Ochrophyta; Chrysophyceae; Chrysophyceae_X	Chrysophyceae_X	110.9	0
0	KHMBKGOM_02158	class	Stramenopiles; Sagenista; Labyrinthulomycetes; Labyrinthulales	Labyrinthulales	89.0	0
0	KHMBKGOM_02168	order	Amoebozoa; Lobosa; Discosea-Flabellinia; Discosea-Flabellinia_X; Pessonella-lineage	Pessonella-lineage	65.1	0
0	KHMBKGOM_02169	class	Alveolata; Dinoflagellata; Dinophyceae; Peridiniales	Peridiniales	140.2	0
0	KHMBKGOM_02172	class	Stramenopiles; Ochrophyta; Bacillariophyta; Bacillariophyta_X	Bacillariophyta_X	326.6	0
0	KHMBKGOM_02173	order	Stramenopiles; Ochrophyta; Bacillariophyta; Bacillariophyta_X; Polar-centric-Mediophyceae	Polar-centric-Mediophyceae	198.7	0
0	KHMBKGOM_02174	class	Stramenopiles; Ochrophyta; Chrysophyceae; Chrysophyceae_X	Chrysophyceae_X	126.7	0
0	KHMBKGOM_02177	class	Stramenopiles; Ochrophyta; Dictyochophyceae; Dictyochophyceae_X	Dictyochophyceae_X	110.5	0
0	KHMBKGOM_02178	class	Amoebozoa; Conosa; Variosea; Variosea_X	Variosea_X	137.1	0
0	KHMBKGOM_02181	class	Stramenopiles; Ochrophyta; Bacillariophyta; Bacillariophyta_X	Bacillariophyta_X	92.0	0
0	KHMBKGOM_02201	class	Stramenopiles; Ochrophyta; Bacillariophyta; Bacillariophyta_X	Bacillariophyta_X	185.7	0
0	KHMBKGOM_02202	order	Stramenopiles; Ochrophyta; Bacillariophyta; Bacillariophyta_X; Polar-centric-Mediophyceae	Polar-centric-Mediophyceae	275.0	0
0	KHMBKGOM_02203	division	Stramenopiles; Ochrophyta; Bacillariophyta	Bacillariophyta	112.5	0
0	KHMBKGOM_02206	class	Amoebozoa; Conosa; Variosea; Variosea_X	Variosea_X	89.4	0
0	KHMBKGOM_02207	class	Alveolata; Dinoflagellata; Dinophyceae; Gonyaulacales	Gonyaulacales	191.4	0
0	KHMBKGOM_02209	class	Stramenopiles; Ochrophyta; Bacillariophyta; Bacillariophyta_X	Bacillariophyta_X	110.2	0
0	KHMBKGOM_02211	class	Stramenopiles; Ochrophyta; Bacillariophyta; Bacillariophyta_X	Bacillariophyta_X	173.7	0
0	KHMBKGOM_02212	division	Amoebozoa; Lobosa; Lobosa_X	Lobosa_X	177.9	0
0	KHMBKGOM_02226	class	Stramenopiles; Ochrophyta; Bacillariophyta; Bacillariophyta_X	Bacillariophyta_X	80.5	0
0	KHMBKGOM_02231	class	Stramenopiles; Ochrophyta; Bacillariophyta; Bacillariophyta_X	Bacillariophyta_X	99.4	0
0	KHMBKGOM_02233	class	Archaeplastida; Chlorophyta; Palmophyllophyceae; Prasinococcales	Prasinococcales	137.9	0
0	KHMBKGOM_02234	order	Archaeplastida; Chlorophyta; Chloropicophyceae; Chloropicales; Chloropicaceae	Chloropicaceae	467.6	0
0	KHMBKGOM_02235	class	Archaeplastida; Chlorophyta; Chlorophyceae; Chlamydomonadales	Chlamydomonadales	225.3	0
0	KHMBKGOM_02236	class	Stramenopiles; Ochrophyta; Bacillariophyta; Bacillariophyta_X	Bacillariophyta_X	212.6	0
0	KHMBKGOM_02239	class	Alveolata; Dinoflagellata; Dinophyceae; Peridiniales	Peridiniales	231.9	0
0	KHMBKGOM_02243	class	Stramenopiles; Ochrophyta; Bacillariophyta; Bacillariophyta_X	Bacillariophyta_X	110.5	0
0	KHMBKGOM_02246	class	Archaeplastida; Rhodophyta; Porphyridiophyceae; Porphyridiales	Porphyridiales	212.6	0
0	KHMBKGOM_02249	class	Stramenopiles; Ochrophyta; Raphidophyceae; Raphidophyceae_X	Raphidophyceae_X	82.0	0
0	KHMBKGOM_02250	class	Stramenopiles; Ochrophyta; Bacillariophyta; Bacillariophyta_X	Bacillariophyta_X	66.6	0
0	KHMBKGOM_02252	division	Amoebozoa; Lobosa; Lobosa_X	Lobosa_X	77.4	0
0	KHMBKGOM_02255	class	Archaeplastida; Chlorophyta; Mamiellophyceae; Mamiellales	Mamiellales	60.1	0
0	KHMBKGOM_02257	order	Stramenopiles; Ochrophyta; Bacillariophyta; Bacillariophyta_X; Polar-centric-Mediophyceae	Polar-centric-Mediophyceae	248.4	0
0	KHMBKGOM_02260	class	Archaeplastida; Rhodophyta; Porphyridiophyceae; Porphyridiales	Porphyridiales	201.1	0
0	KHMBKGOM_02264	class	Stramenopiles; Ochrophyta; Pelagophyceae; Sarcinochrysidales	Sarcinochrysidales	102.4	0
0	KHMBKGOM_02266	division	Rhizaria; Cercozoa; Chlorarachniophyceae	Chlorarachniophyceae	59.7	0
0	KHMBKGOM_02267	order	Archaeplastida; Chlorophyta; Trebouxiophyceae; Chlorellales; Chlorellales_X	Chlorellales_X	315.8	0
0	KHMBKGOM_02268	class	Rhizaria; Cercozoa; Thecofilosea; Thecofilosea_X	Thecofilosea_X	132.1	0
0	KHMBKGOM_02269	class	Stramenopiles; Ochrophyta; Bacillariophyta; Bacillariophyta_X	Bacillariophyta_X	226.5	0
0	KHMBKGOM_02271	class	Alveolata; Dinoflagellata; Dinophyceae	Dinophyceae	281.6	1
0	KHMBKGOM_02275	class	Stramenopiles; Ochrophyta; Raphidophyceae; Raphidophyceae_X	Raphidophyceae_X	147.1	0
0	KHMBKGOM_02278	class	Opisthokonta; Choanoflagellida; Choanoflagellatea; Acanthoecida	Acanthoecida	169.1	0
0	KHMBKGOM_02283	class	Archaeplastida; Chlorophyta; Nephroselmidophyceae; Nephroselmidales	Nephroselmidales	157.5	0
0	KHMBKGOM_02290	order	Archaeplastida; Chlorophyta; Pyramimonadales; Pyramimonadales_X; Pyramimonadales_XX	Pyramimonadales_XX	59.7	0
0	KHMBKGOM_02291	order	Hacrobia; Haptophyta; Prymnesiophyceae; Zygodiscales; Pontosphaeraceae	Pontosphaeraceae	79.0	0
0	KHMBKGOM_02293	class	Stramenopiles; Ochrophyta; Dictyochophyceae; Dictyochophyceae_X	Dictyochophyceae_X	159.8	0
0	KHMBKGOM_02297	class	Archaeplastida; Chlorophyta; Picocystophyceae; Picocystales	Picocystales	60.5	0
0	KHMBKGOM_02301	class	Stramenopiles; Ochrophyta; Bacillariophyta; Bacillariophyta_X	Bacillariophyta_X	82.8	0
0	KHMBKGOM_02302	class	Archaeplastida; Chlorophyta; Trebouxiophyceae; Prasiolales	Prasiolales	68.2	0
0	KHMBKGOM_02303	class	Hacrobia; Haptophyta; Pavlovophyceae; Pavlovales	Pavlovales	254.6	0
0	KHMBKGOM_02304	class	Stramenopiles; Ochrophyta; Bacillariophyta; Bacillariophyta_X	Bacillariophyta_X	312.0	0
0	KHMBKGOM_02307	division	Stramenopiles; Ochrophyta; Bacillariophyta	Bacillariophyta	97.4	0
0	KHMBKGOM_02311	class	Hacrobia; Cryptophyta; Cryptophyceae; Cryptomonadales	Cryptomonadales	70.9	0
0	KHMBKGOM_02314	class	Amoebozoa; Discosea; Discosea_X; Discosea_XX	Discosea_XX	200.7	0
0	KHMBKGOM_02315	division	Stramenopiles; Ochrophyta; Bacillariophyta	Bacillariophyta	66.6	0
0	KHMBKGOM_02320	class	Opisthokonta; Choanoflagellida; Choanoflagellatea; Acanthoecida	Acanthoecida	206.1	0
0	KHMBKGOM_02326	family	Alveolata; Dinoflagellata; Dinophyceae; Gymnodiniales; Kareniaceae; Karlodinium	Karlodinium	100.1	0
0	KHMBKGOM_02332	class	Hacrobia; Cryptophyta; Cryptophyceae; Cryptomonadales	Cryptomonadales	304.3	0
0	KHMBKGOM_02335	species	Archaeplastida; Chlorophyta; Chlorodendrophyceae; Chlorodendrales; Chlorodendraceae; Tetraselmis; Tetraselmis sp.	Tetraselmis sp.	429.5	0
0	KHMBKGOM_02336	genus	Archaeplastida; Chlorophyta; Chloropicophyceae; Chloropicales; Chloropicaceae; Chloropicon	Chloropicon	245.7	1
0	KHMBKGOM_02342	class	Stramenopiles; Ochrophyta; Bacillariophyta; Bacillariophyta_X	Bacillariophyta_X	147.5	0
0	KHMBKGOM_02343	class	Stramenopiles; Ochrophyta; Bacillariophyta; Bacillariophyta_X	Bacillariophyta_X	118.6	0
0	KHMBKGOM_02344	class	Stramenopiles; Ochrophyta; Bacillariophyta; Bacillariophyta_X	Bacillariophyta_X	262.7	0
0	KHMBKGOM_02347				85.1	1
0	KHMBKGOM_02349	class	Stramenopiles; Ochrophyta; Bacillariophyta; Bacillariophyta_X	Bacillariophyta_X	169.5	0
0	KHMBKGOM_02350	class	Stramenopiles; Ochrophyta; Bacillariophyta; Bacillariophyta_X	Bacillariophyta_X	229.9	0
0	KHMBKGOM_02361	order	Stramenopiles; Ochrophyta; Dictyochophyceae; Dictyochophyceae_X; Pedinellales	Pedinellales	208.4	0
0	KHMBKGOM_02362	class	Stramenopiles; Ochrophyta; Bacillariophyta; Bacillariophyta_X	Bacillariophyta_X	283.5	0
0	KHMBKGOM_02363	class	Archaeplastida; Chlorophyta; Nephroselmidophyceae; Nephroselmidales	Nephroselmidales	339.0	0
0	KHMBKGOM_02364	class	Stramenopiles; Ochrophyta; Bacillariophyta; Bacillariophyta_X	Bacillariophyta_X	57.0	0
0	KHMBKGOM_02365	class	Archaeplastida; Glaucophyta; Glaucocystophyceae; Glaucocystophytes	Glaucocystophytes	174.5	0
0	KHMBKGOM_02367	class	Stramenopiles; Ochrophyta; Synurophyceae; Synurales	Synurales	215.7	0
0	KHMBKGOM_02370	class	Stramenopiles; Ochrophyta; Dictyochophyceae; Dictyochophyceae_X	Dictyochophyceae_X	437.6	0
0	KHMBKGOM_02371	class	Stramenopiles; Ochrophyta; Bacillariophyta; Bacillariophyta_X	Bacillariophyta_X	198.7	0
0	KHMBKGOM_02373	genus	Amoebozoa; Lobosa; Discosea-Flabellinia; Dactylopodida; Paramoebidae; Neoparamoeba; Paramoeba atlantica	Paramoeba atlantica	93.6	0
0	KHMBKGOM_02383	class	Stramenopiles; Ochrophyta; Bacillariophyta; Bacillariophyta_X	Bacillariophyta_X	276.9	0
0	KHMBKGOM_02386	class	Stramenopiles; Ochrophyta; Bacillariophyta; Bacillariophyta_X	Bacillariophyta_X	143.3	0
0	KHMBKGOM_02387	class	Alveolata; Ciliophora; Ciliophora_X; Ciliophora_XX	Ciliophora_XX	142.9	0
0	KHMBKGOM_02391	class	Stramenopiles; Ochrophyta; Bacillariophyta; Bacillariophyta_X	Bacillariophyta_X	168.3	0
0	KHMBKGOM_02395	order	Hacrobia; Cryptophyta; Cryptophyceae; Goniomonadales; Goniomonadales_X	Goniomonadales_X	357.5	0
0	KHMBKGOM_02397	class	Stramenopiles; Ochrophyta; Bacillariophyta; Bacillariophyta_X	Bacillariophyta_X	438.0	0
0	KHMBKGOM_02398	class	Archaeplastida; Chlorophyta; Pyramimonadales; Pyramimonadales_X	Pyramimonadales_X	132.1	0
0	KHMBKGOM_02400	class	Archaeplastida; Chlorophyta; Mamiellophyceae; Mamiellales	Mamiellales	236.9	0
0	KHMBKGOM_02403	order	Stramenopiles; Ochrophyta; Bacillariophyta; Bacillariophyta_X; Polar-centric-Mediophyceae	Polar-centric-Mediophyceae	480.7	0
0	KHMBKGOM_02404	class	Excavata; Discoba; Euglenozoa; Euglenida	Euglenida	137.5	0
0	KHMBKGOM_02407	class	Hacrobia; Cryptophyta; Cryptophyceae; Cryptomonadales	Cryptomonadales	543.1	0
0	KHMBKGOM_02408	class	Archaeplastida; Glaucophyta; Glaucocystophyceae; Glaucocystophytes	Glaucocystophytes	60.5	0
0	KHMBKGOM_02412	order	Stramenopiles; Ochrophyta; Bacillariophyta; Bacillariophyta_X; Polar-centric-Mediophyceae	Polar-centric-Mediophyceae	708.0	0
0	KHMBKGOM_02419	order	Archaeplastida; Chlorophyta; Mamiellophyceae; Dolichomastigales; Dolichomastigaceae	Dolichomastigaceae	176.0	0
0	KHMBKGOM_02426	class	Stramenopiles; Ochrophyta; Bacillariophyta; Bacillariophyta_X	Bacillariophyta_X	224.2	0
0	KHMBKGOM_02429	class	Excavata; Discoba; Euglenozoa; Euglenida	Euglenida	115.9	0
0	KHMBKGOM_02431	order	Stramenopiles; Ochrophyta; Bacillariophyta; Bacillariophyta_X; Polar-centric-Mediophyceae	Polar-centric-Mediophyceae	689.5	0
0	KHMBKGOM_02434	class	Stramenopiles; Ochrophyta; Pinguiophyceae; Pinguiochrysidales	Pinguiochrysidales	125.2	0
0	KHMBKGOM_02435	class	Hacrobia; Cryptophyta; Cryptophyceae; Cryptomonadales	Cryptomonadales	73.9	0
0	KHMBKGOM_02437	class	Stramenopiles; Ochrophyta; Bacillariophyta; Bacillariophyta_X	Bacillariophyta_X	94.7	0
0	KHMBKGOM_02440	class	Stramenopiles; Ochrophyta; Raphidophyceae; Raphidophyceae_X	Raphidophyceae_X	114.8	0
0	KHMBKGOM_02441	order	Stramenopiles; Ochrophyta; Bacillariophyta; Bacillariophyta_X; Araphid-pennate	Araphid-pennate	67.0	0
0	KHMBKGOM_02443	class	Stramenopiles; Ochrophyta; Bacillariophyta; Bacillariophyta_X	Bacillariophyta_X	60.8	0
0	KHMBKGOM_02450				213.8	1
0	KHMBKGOM_02453	division	Stramenopiles; Ochrophyta; Bacillariophyta	Bacillariophyta	65.1	0
0	KHMBKGOM_02454	class	Stramenopiles; Ochrophyta; Bacillariophyta; Bacillariophyta_X	Bacillariophyta_X	128.3	0
0	KHMBKGOM_02455	class	Stramenopiles; Ochrophyta; Raphidophyceae; Raphidophyceae_X	Raphidophyceae_X	164.1	0
0	KHMBKGOM_02459	class	Archaeplastida; Chlorophyta; Pyramimonadales; Pyramimonadales_X	Pyramimonadales_X	57.8	0
0	KHMBKGOM_02461	class	Opisthokonta; Choanoflagellida; Choanoflagellatea; Acanthoecida	Acanthoecida	90.5	0
0	KHMBKGOM_02462	order	Stramenopiles; Ochrophyta; Synurophyceae; Synurales; Synurales_X	Synurales_X	160.6	0
0	KHMBKGOM_02463	class	Stramenopiles; Ochrophyta; Raphidophyceae; Raphidophyceae_X	Raphidophyceae_X	216.1	0
0	KHMBKGOM_02464	class	Hacrobia; Cryptophyta; Cryptophyceae; Goniomonadales	Goniomonadales	201.8	0
0	KHMBKGOM_02465	class	Alveolata; Apicomplexa; Colpodellidea; Vitrelladida	Vitrelladida	85.9	0
0	KHMBKGOM_02470	class	Amoebozoa; Lobosa; Lobosa_X; Trichosida	Trichosida	106.3	0
0	KHMBKGOM_02472	class	Archaeplastida; Chlorophyta; Mamiellophyceae; Mamiellales	Mamiellales	91.3	0
0	KHMBKGOM_02474	class	Hacrobia; Cryptophyta; Cryptophyceae; Cryptomonadales	Cryptomonadales	69.3	0
0	KHMBKGOM_02475	class	Stramenopiles; Ochrophyta; Bacillariophyta; Bacillariophyta_X	Bacillariophyta_X	185.7	0
0	KHMBKGOM_02476	class	Stramenopiles; Ochrophyta; Bacillariophyta; Bacillariophyta_X	Bacillariophyta_X	433.3	0
0	KHMBKGOM_02479	class	Stramenopiles; Ochrophyta; Bacillariophyta; Bacillariophyta_X	Bacillariophyta_X	59.3	0
0	KHMBKGOM_02483	class	Archaeplastida; Chlorophyta; Chlorophyceae; Chlamydomonadales	Chlamydomonadales	108.6	0
0	KHMBKGOM_02485	class	Hacrobia; Cryptophyta; Cryptophyceae; Goniomonadales	Goniomonadales	132.1	0
0	KHMBKGOM_02487	class	Stramenopiles; Ochrophyta; Bacillariophyta; Bacillariophyta_X	Bacillariophyta_X	75.9	0
0	KHMBKGOM_02488	family	Stramenopiles; Ochrophyta; Bacillariophyta; Bacillariophyta_X; Polar-centric-Mediophyceae; Chaetoceros	Chaetoceros	76.3	0
0	KHMBKGOM_02490	family	Stramenopiles; Ochrophyta; Chrysophyceae; Chrysophyceae_X; Chrysophyceae_Clade_C; Ochromonas	Ochromonas	159.1	0
0	KHMBKGOM_02491	class	Stramenopiles; Ochrophyta; Raphidophyceae; Raphidophyceae_X	Raphidophyceae_X	67.8	0
0	KHMBKGOM_02498	genus	Archaeplastida; Chlorophyta; Nephroselmidophyceae; Nephroselmidales; Nephroselmidales_X; Nephroselmis; Nephroselmis pyriformis	Nephroselmis pyriformis	508.8	0
0	KHMBKGOM_02501	class	Amoebozoa; Lobosa; Lobosa_X; Stygamoebida	Stygamoebida	64.7	0
0	KHMBKGOM_02502	class	Archaeplastida; Chlorophyta; Chlorodendrophyceae; Chlorodendrales	Chlorodendrales	60.8	0
0	KHMBKGOM_02513	class	Archaeplastida; Chlorophyta; Nephroselmidophyceae; Nephroselmidales	Nephroselmidales	71.2	0
0	KHMBKGOM_02514	class	Stramenopiles; Ochrophyta; Dictyochophyceae; Dictyochophyceae_X	Dictyochophyceae_X	67.4	0
0	KHMBKGOM_02515	class	Excavata; Discoba; Euglenozoa; Kinetoplastida	Kinetoplastida	100.5	0
0	KHMBKGOM_02516	class	Archaeplastida; Chlorophyta; Mamiellophyceae; Mamiellales	Mamiellales	63.2	0
0	KHMBKGOM_02518	class	Alveolata; Ciliophora; Ciliophora_X; Ciliophora_XX	Ciliophora_XX	255.0	0
0	KHMBKGOM_02525	class	Rhizaria; Cercozoa; Chlorarachniophyceae; Chlorarachnida	Chlorarachnida	156.0	0
0	KHMBKGOM_02529	class	Alveolata; Ciliophora; Prostomatea_1; Prostomatea_1_X	Prostomatea_1_X	235.7	0
0	KHMBKGOM_02534	family	Archaeplastida; Glaucophyta; Glaucocystophyceae; Glaucocystophytes; Cyanoptycaceae; Cyanoptyche	Cyanoptyche	185.7	0
0	KHMBKGOM_02537	order	Stramenopiles; Ochrophyta; Raphidophyceae; Raphidophyceae_X; Raphidophyceae_XX	Raphidophyceae_XX	77.0	0
0	KHMBKGOM_02538	class	Hacrobia; Cryptophyta; Cryptophyceae; Goniomonadales	Goniomonadales	226.9	0
0	KHMBKGOM_02539	class	Archaeplastida; Chlorophyta; Chlorophyceae; Chlamydomonadales	Chlamydomonadales	105.5	0
0	KHMBKGOM_02541	class	Hacrobia; Haptophyta; Pavlovophyceae; Pavlovales	Pavlovales	231.9	0
0	KHMBKGOM_02543	division	Opisthokonta; Fungi; Ascomycota	Ascomycota	103.6	0
0	KHMBKGOM_02545	class	Amoebozoa; Lobosa; Discosea-Flabellinia; Dactylopodida	Dactylopodida	177.2	0
0	KHMBKGOM_02548	class	Hacrobia; Cryptophyta; Cryptophyceae; Cryptomonadales	Cryptomonadales	115.5	0
0	KHMBKGOM_02549	class	Stramenopiles; Ochrophyta; Raphidophyceae; Raphidophyceae_X	Raphidophyceae_X	184.1	0
0	KHMBKGOM_02550	order	Hacrobia; Cryptophyta; Cryptophyceae; Goniomonadales; Goniomonadales_X	Goniomonadales_X	530.0	0
0	KHMBKGOM_02553	order	Alveolata; Ciliophora; Oligohymenophorea; Scuticociliatia_1; Philasterida	Philasterida	70.1	0
0	KHMBKGOM_02554	class	Stramenopiles; Ochrophyta; Bacillariophyta; Bacillariophyta_X	Bacillariophyta_X	90.5	0
0	KHMBKGOM_02556	class	Alveolata; Ciliophora; Colpodea; Colpodea_X	Colpodea_X	84.0	0
0	KHMBKGOM_02558	class	Archaeplastida; Glaucophyta; Glaucocystophyceae; Glaucocystophytes	Glaucocystophytes	248.4	0
0	KHMBKGOM_02559	division	Hacrobia; Cryptophyta; Cryptophyceae	Cryptophyceae	59.7	0
0	KHMBKGOM_02560	class	Alveolata; Dinoflagellata; Dinophyceae; Peridiniales	Peridiniales	112.5	0
0	KHMBKGOM_02561	order	Hacrobia; Cryptophyta; Cryptophyceae; Goniomonadales; Goniomonadales_X	Goniomonadales_X	129.8	0
0	KHMBKGOM_02563	class	Stramenopiles; Ochrophyta; Bacillariophyta; Bacillariophyta_X	Bacillariophyta_X	166.8	0
0	KHMBKGOM_02564	class	Stramenopiles; Ochrophyta; Raphidophyceae; Raphidophyceae_X	Raphidophyceae_X	260.0	0
0	KHMBKGOM_02565	order	Amoebozoa; Discosea; Discosea_X; Discosea_XX; Discosea_XXX	Discosea_XXX	421.8	0
0	KHMBKGOM_02573	class	Stramenopiles; Ochrophyta; Bacillariophyta; Bacillariophyta_X	Bacillariophyta_X	297.4	0
0	KHMBKGOM_02575	order	Archaeplastida; Chlorophyta; Mamiellophyceae; Mamiellales; Mamiellaceae	Mamiellaceae	56.6	0
0	KHMBKGOM_02577	class	Alveolata; Dinoflagellata; Dinophyceae; Gonyaulacales	Gonyaulacales	253.8	0
0	KHMBKGOM_02581	family	Stramenopiles; Ochrophyta; Bacillariophyta; Bacillariophyta_X; Polar-centric-Mediophyceae; Chaetoceros	Chaetoceros	78.6	0
0	KHMBKGOM_02583	class	Stramenopiles; Ochrophyta; Bacillariophyta; Bacillariophyta_X	Bacillariophyta_X	118.6	0
0	KHMBKGOM_02588	class	Archaeplastida; Chlorophyta; Nephroselmidophyceae; Nephroselmidales	Nephroselmidales	57.8	0
0	KHMBKGOM_02590	class	Stramenopiles; Ochrophyta; Bacillariophyta; Bacillariophyta_X	Bacillariophyta_X	61.2	0
0	KHMBKGOM_02591	family	Archaeplastida; Chlorophyta; Picocystophyceae; Picocystales; Picocystaceae; Picocystis	Picocystis	177.6	0
0	KHMBKGOM_02594	class	Stramenopiles; Stramenopiles_X; Stramenopiles_XX; Stramenopiles_XXX	Stramenopiles_XXX	137.9	0
0	KHMBKGOM_02597	class	Stramenopiles; Ochrophyta; Bacillariophyta; Bacillariophyta_X	Bacillariophyta_X	94.7	0
0	KHMBKGOM_02598	order	Stramenopiles; Ochrophyta; Bacillariophyta; Bacillariophyta_X; Polar-centric-Mediophyceae	Polar-centric-Mediophyceae	191.0	0
0	KHMBKGOM_02600	class	Archaeplastida; Chlorophyta; Chlorophyta_X; Chlorophyta_XX	Chlorophyta_XX	282.3	0
0	KHMBKGOM_02610	class	Rhizaria; Cercozoa; Chlorarachniophyceae; Chlorarachnida	Chlorarachnida	80.5	0
0	KHMBKGOM_02611	class	Stramenopiles; Ochrophyta; Bacillariophyta; Bacillariophyta_X	Bacillariophyta_X	284.6	0
0	KHMBKGOM_02629	class	Archaeplastida; Glaucophyta; Glaucocystophyceae; Glaucocystophytes	Glaucocystophytes	136.3	0
0	KHMBKGOM_02631	order	Stramenopiles; Ochrophyta; Raphidophyceae; Raphidophyceae_X; Raphidophyceae_XX	Raphidophyceae_XX	92.0	0
0	KHMBKGOM_02634	class	Stramenopiles; Ochrophyta; Bacillariophyta; Bacillariophyta_X	Bacillariophyta_X	117.9	0
0	KHMBKGOM_02636	class	Stramenopiles; Ochrophyta; Bacillariophyta; Bacillariophyta_X	Bacillariophyta_X	129.0	0
0	KHMBKGOM_02637	class	Stramenopiles; Ochrophyta; Bacillariophyta; Bacillariophyta_X	Bacillariophyta_X	90.9	0
0	KHMBKGOM_02640	class	Stramenopiles; Ochrophyta; Bacillariophyta; Bacillariophyta_X	Bacillariophyta_X	123.6	0
0	KHMBKGOM_02647	class	Stramenopiles; Ochrophyta; Raphidophyceae; Raphidophyceae_X	Raphidophyceae_X	140.2	0
0	KHMBKGOM_02649	order	Archaeplastida; Chlorophyta; Pyramimonadales; Pyramimonadales_X; Pyramimonadales_XX	Pyramimonadales_XX	151.8	0
0	KHMBKGOM_02653	division	Stramenopiles; Ochrophyta	Ochrophyta	206.8	1
0	KHMBKGOM_02654	division	Alveolata; Dinoflagellata; Dinophyceae	Dinophyceae	57.8	0
0	KHMBKGOM_02656	division	Excavata; Discoba; Euglenozoa	Euglenozoa	80.9	0
0	KHMBKGOM_02661	class	Archaeplastida; Chlorophyta; Mamiellophyceae; Dolichomastigales	Dolichomastigales	150.6	0
0	KHMBKGOM_02662	class	Opisthokonta; Choanoflagellida; Choanoflagellatea; Acanthoecida	Acanthoecida	178.3	0
0	KHMBKGOM_02672	order	Stramenopiles; Ochrophyta; Chrysophyceae; Chrysophyceae_X; Chrysophyceae_Clade-C	Chrysophyceae_Clade-C	168.3	0
0	KHMBKGOM_02673	class	Archaeplastida; Chlorophyta; Chloropicophyceae; Chloropicales	Chloropicales	112.1	0
0	KHMBKGOM_02674	class	Hacrobia; Cryptophyta; Cryptophyceae; Goniomonadales	Goniomonadales	165.6	0
0	KHMBKGOM_02678	division	Stramenopiles; Stramenopiles_X; Stramenopiles_XX	Stramenopiles_XX	64.3	0
0	KHMBKGOM_02679	order	Stramenopiles; Ochrophyta; Bacillariophyta; Bacillariophyta_X; Polar-centric-Mediophyceae	Polar-centric-Mediophyceae	614.0	0
0	KHMBKGOM_02681	class	Stramenopiles; Ochrophyta; Bacillariophyta; Bacillariophyta_X	Bacillariophyta_X	287.3	0
0	KHMBKGOM_02683	division	Stramenopiles; Ochrophyta; Dictyochophyceae	Dictyochophyceae	117.1	0
0	KHMBKGOM_02684	class	Alveolata; Apicomplexa; Colpodellidea; Colpodellida	Colpodellida	147.9	0
0	KHMBKGOM_02694	class	Stramenopiles; Ochrophyta; Bacillariophyta; Bacillariophyta_X	Bacillariophyta_X	135.2	0
0	KHMBKGOM_02697	class	Alveolata; Ciliophora; Ciliophora_X; Ciliophora_XX	Ciliophora_XX	396.7	0
0	KHMBKGOM_02702	class	Stramenopiles; Ochrophyta; Dictyochophyceae; Dictyochophyceae_X	Dictyochophyceae_X	199.1	0
0	KHMBKGOM_02706	order	Stramenopiles; Ochrophyta; Bacillariophyta; Bacillariophyta_X; Polar-centric-Mediophyceae	Polar-centric-Mediophyceae	153.3	0
0	KHMBKGOM_02708	class	Hacrobia; Haptophyta; Prymnesiophyceae; Prymnesiales	Prymnesiales	176.4	0
0	KHMBKGOM_02709	class	Stramenopiles; Opalozoa; Bicoecea; Anoecales	Anoecales	173.7	0
0	KHMBKGOM_02712	class	Archaeplastida; Rhodophyta; Compsopogonophyceae; Erythropeltidales	Erythropeltidales	116.3	0
0	KHMBKGOM_02715	class	Stramenopiles; Ochrophyta; Bacillariophyta; Bacillariophyta_X	Bacillariophyta_X	90.1	0
0	KHMBKGOM_02716	class	Archaeplastida; Glaucophyta; Glaucocystophyceae; Glaucocystophytes	Glaucocystophytes	216.9	0
0	KHMBKGOM_02717	class	Archaeplastida; Rhodophyta; Stylonematophyceae; Porphyridiales-2	Porphyridiales-2	340.1	0
0	KHMBKGOM_02720	class	Stramenopiles; Ochrophyta; Bacillariophyta; Bacillariophyta_X	Bacillariophyta_X	82.0	0
0	KHMBKGOM_02723	class	Stramenopiles; Ochrophyta; Bacillariophyta; Bacillariophyta_X	Bacillariophyta_X	150.6	0
0	KHMBKGOM_02725	family	Stramenopiles; Ochrophyta; Dictyochophyceae; Dictyochophyceae_X; Pedinellales; Pseudopedinella	Pseudopedinella	112.1	0
0	KHMBKGOM_02726	class	Hacrobia; Haptophyta; Prymnesiophyceae; Phaeocystales	Phaeocystales	361.7	0
0	KHMBKGOM_02727				228.0	1
0	KHMBKGOM_02728	class	Amoebozoa; Lobosa; Lobosa_X; Stygamoebida	Stygamoebida	181.4	0
0	KHMBKGOM_02731	class	Archaeplastida; Chlorophyta; Chlorophyceae; Chlamydomonadales	Chlamydomonadales	63.5	0
0	KHMBKGOM_02738	class	Hacrobia; Cryptophyta; Cryptophyceae; Cryptomonadales	Cryptomonadales	78.2	0
0	KHMBKGOM_02739	class	Alveolata; Ciliophora; Colpodea; Colpodea_X	Colpodea_X	102.1	0
0	KHMBKGOM_02740	class	Stramenopiles; Ochrophyta; Bacillariophyta; Bacillariophyta_X	Bacillariophyta_X	300.1	0
0	KHMBKGOM_02743	division	Stramenopiles; Ochrophyta; Bacillariophyta	Bacillariophyta	60.8	0
0	KHMBKGOM_02749	class	Stramenopiles; Ochrophyta; Bacillariophyta; Bacillariophyta_X	Bacillariophyta_X	135.2	0
0	KHMBKGOM_02751	class	Amoebozoa; Lobosa; Discosea-Flabellinia; Dactylopodida	Dactylopodida	180.6	0
0	KHMBKGOM_02752	class	Stramenopiles; Ochrophyta; Bacillariophyta; Bacillariophyta_X	Bacillariophyta_X	248.1	0
0	KHMBKGOM_02754	order	Stramenopiles; Ochrophyta; Bacillariophyta; Bacillariophyta_X; Polar-centric-Mediophyceae	Polar-centric-Mediophyceae	317.4	0
0	KHMBKGOM_02756	class	Stramenopiles; Ochrophyta; Bacillariophyta; Bacillariophyta_X	Bacillariophyta_X	68.2	0
0	KHMBKGOM_02758	family	Stramenopiles; Ochrophyta; Bacillariophyta; Bacillariophyta_X; Araphid-pennate; Thalassiothrix	Thalassiothrix	102.1	0
0	KHMBKGOM_02759	class	Alveolata; Dinoflagellata; Dinophyceae; Peridiniales	Peridiniales	166.8	0
0	KHMBKGOM_02760	division	Archaeplastida; Chlorophyta; Mamiellophyceae	Mamiellophyceae	60.1	0
0	KHMBKGOM_02763	division	Stramenopiles; Ochrophyta; Raphidophyceae	Raphidophyceae	94.0	0
0	KHMBKGOM_02764	division	Stramenopiles; Ochrophyta; Bacillariophyta	Bacillariophyta	67.4	0
0	KHMBKGOM_02765	class	Stramenopiles; Ochrophyta; Bacillariophyta; Bacillariophyta_X	Bacillariophyta_X	195.7	0
0	KHMBKGOM_02768	class	Stramenopiles; Ochrophyta; Bacillariophyta; Bacillariophyta_X	Bacillariophyta_X	449.1	0
0	KHMBKGOM_02769	class	Stramenopiles; Ochrophyta; Bacillariophyta; Bacillariophyta_X	Bacillariophyta_X	294.7	0
0	KHMBKGOM_02771	class	Stramenopiles; Ochrophyta; Bacillariophyta; Bacillariophyta_X	Bacillariophyta_X	131.0	0
0	KHMBKGOM_02774	class	Stramenopiles; Ochrophyta; Raphidophyceae; Raphidophyceae_X	Raphidophyceae_X	75.9	0
0	KHMBKGOM_02775	order	Archaeplastida; Chlorophyta; Pyramimonadales; Pyramimonadales_X; Pyramimonadales_XX	Pyramimonadales_XX	137.1	0
0	KHMBKGOM_02776	order	Stramenopiles; Ochrophyta; Bacillariophyta; Bacillariophyta_X; Polar-centric-Mediophyceae	Polar-centric-Mediophyceae	202.6	0
0	KHMBKGOM_02780	class	Alveolata; Dinoflagellata; Dinophyceae; Suessiales	Suessiales	60.8	0
0	KHMBKGOM_02781	class	Rhizaria; Cercozoa; Chlorarachniophyceae; Chlorarachnida	Chlorarachnida	123.6	0
0	KHMBKGOM_02782	class	Rhizaria; Cercozoa; Chlorarachniophyceae; Chlorarachnida	Chlorarachnida	129.4	0
0	KHMBKGOM_02783	class	Stramenopiles; Ochrophyta; Bacillariophyta; Bacillariophyta_X	Bacillariophyta_X	87.0	0
0	KHMBKGOM_02787	division	Alveolata; Dinoflagellata; Dinophyceae	Dinophyceae	72.8	0
0	KHMBKGOM_02788	order	Stramenopiles; Ochrophyta; Bacillariophyta; Bacillariophyta_X; Araphid-pennate	Araphid-pennate	238.0	0
0	KHMBKGOM_02789	class	Alveolata; Ciliophora; Colpodea; Colpodea_X	Colpodea_X	101.7	0
0	KHMBKGOM_02790	class	Alveolata; Apicomplexa; Colpodellidea; Vitrelladida	Vitrelladida	466.1	0
0	KHMBKGOM_02797	class	Stramenopiles; Ochrophyta; Bacillariophyta; Bacillariophyta_X	Bacillariophyta_X	110.5	0
0	KHMBKGOM_02798	class	Excavata; Discoba; Heterolobosea; Heterolobosea_X	Heterolobosea_X	318.5	0
0	KHMBKGOM_02813	class	Stramenopiles; Ochrophyta; Xanthophyceae; Xanthophyceae_X	Xanthophyceae_X	216.1	0
0	KHMBKGOM_02815	division	Stramenopiles; Ochrophyta; Bacillariophyta	Bacillariophyta	59.3	0
0	KHMBKGOM_02817	class	Excavata; Discoba; Heterolobosea; Heterolobosea_X	Heterolobosea_X	210.7	0
0	KHMBKGOM_02818	class	Archaeplastida; Chlorophyta; Pyramimonadales; Pyramimonadales_X	Pyramimonadales_X	128.6	0
0	KHMBKGOM_02819	class	Archaeplastida; Rhodophyta; Porphyridiophyceae; Porphyridiales	Porphyridiales	263.8	0
0	KHMBKGOM_02821	class	Alveolata; Ciliophora; Colpodea; Colpodea_X	Colpodea_X	167.5	0
0	KHMBKGOM_02823	class	Archaeplastida; Chlorophyta; Palmophyllophyceae; Prasinococcales	Prasinococcales	63.2	0
0	KHMBKGOM_02827	class	Alveolata; Ciliophora; Ciliophora_X; Ciliophora_XX	Ciliophora_XX	319.3	0
0	KHMBKGOM_02832	class	Archaeplastida; Chlorophyta; Chlorophyta_X; Chlorophyta_XX	Chlorophyta_XX	70.5	0
0	KHMBKGOM_02834	class	Stramenopiles; Ochrophyta; Raphidophyceae; Raphidophyceae_X	Raphidophyceae_X	147.9	0
0	KHMBKGOM_02839	class	Archaeplastida; Chlorophyta; Chloropicophyceae; Chloropicales	Chloropicales	214.5	0
0	KHMBKGOM_02843	class	Stramenopiles; Ochrophyta; Raphidophyceae; Raphidophyceae_X	Raphidophyceae_X	137.9	0
0	KHMBKGOM_02844	class	Archaeplastida; Glaucophyta; Glaucocystophyceae; Glaucocystophytes	Glaucocystophytes	265.8	0
0	KHMBKGOM_02848	division	Alveolata; Ciliophora; Ciliophora_X	Ciliophora_X	120.9	0
0	KHMBKGOM_02851	class	Amoebozoa; Lobosa; Discosea-Flabellinia; Vannellida	Vannellida	94.4	0
0	KHMBKGOM_02852	division	Alveolata; Dinoflagellata; Dinophyceae	Dinophyceae	115.9	0
0	KHMBKGOM_02855	class	Archaeplastida; Chlorophyta; Chlorophyta_X; Chlorophyta_XX	Chlorophyta_XX	85.9	0
0	KHMBKGOM_02857	family	Stramenopiles; Ochrophyta; Bacillariophyta; Bacillariophyta_X; Polar-centric-Mediophyceae; Thalassiosira	Thalassiosira	211.8	0
0	KHMBKGOM_02858	order	Alveolata; Dinoflagellata; Dinophyceae; Gonyaulacales; Goniodomataceae	Goniodomataceae	120.6	0
0	KHMBKGOM_02862	class	Stramenopiles; Ochrophyta; Bacillariophyta; Bacillariophyta_X	Bacillariophyta_X	119.4	0
0	KHMBKGOM_02863	division	Stramenopiles; Ochrophyta; Bacillariophyta	Bacillariophyta	84.3	0
0	KHMBKGOM_02864	division	Rhizaria; Cercozoa; Chlorarachniophyceae	Chlorarachniophyceae	108.6	0
0	KHMBKGOM_02865	class	Stramenopiles; Ochrophyta; Raphidophyceae; Raphidophyceae_X	Raphidophyceae_X	152.1	0
0	KHMBKGOM_02866	division	Stramenopiles; Ochrophyta; Bacillariophyta	Bacillariophyta	69.3	0
0	KHMBKGOM_02867	class	Amoebozoa; Lobosa; Lobosa_X; Trichosida	Trichosida	263.5	0
0	KHMBKGOM_02868				152.1	1
0	KHMBKGOM_02869	order	Archaeplastida; Chlorophyta; Trebouxiophyceae; Chlorellales; Chlorellales_X	Chlorellales_X	321.2	0
0	KHMBKGOM_02870	class	Stramenopiles; Ochrophyta; Chrysophyceae; Chrysophyceae_X	Chrysophyceae_X	71.2	0
0	KHMBKGOM_02872	class	Rhizaria; Cercozoa; Chlorarachniophyceae; Chlorarachnida	Chlorarachnida	180.6	0
0	KHMBKGOM_02880	class	Alveolata; Dinoflagellata; Dinophyceae; Peridiniales	Peridiniales	360.5	0
0	KHMBKGOM_02881	class	Archaeplastida; Chlorophyta; Pyramimonadales; Pyramimonadales_X	Pyramimonadales_X	277.3	0
0	KHMBKGOM_02885	class	Stramenopiles; Ochrophyta; Raphidophyceae; Raphidophyceae_X	Raphidophyceae_X	365.5	0
0	KHMBKGOM_02892	class	Amoebozoa; Discosea; Discosea_X; Discosea_XX	Discosea_XX	243.0	0
0	KHMBKGOM_02897	order	Stramenopiles; Ochrophyta; Bacillariophyta; Bacillariophyta_X; Polar-centric-Mediophyceae	Polar-centric-Mediophyceae	250.8	0
0	KHMBKGOM_02903	order	Stramenopiles; Ochrophyta; Dictyochophyceae; Dictyochophyceae_X; Pedinellales	Pedinellales	218.8	0
0	KHMBKGOM_02905	class	Stramenopiles; Ochrophyta; Bacillariophyta; Bacillariophyta_X	Bacillariophyta_X	483.4	0
0	KHMBKGOM_02923	order	Archaeplastida; Chlorophyta; Chlorophyceae; Chlamydomonadales; Chlamydomonadales_X	Chlamydomonadales_X	216.9	0
0	KHMBKGOM_02945	class	Stramenopiles; Ochrophyta; Bacillariophyta; Bacillariophyta_X	Bacillariophyta_X	113.2	0
0	KHMBKGOM_02946	class	Rhizaria; Cercozoa; Chlorarachniophyceae; Chlorarachnida	Chlorarachnida	191.0	0
0	KHMBKGOM_02948	division	Stramenopiles; Ochrophyta; Bacillariophyta	Bacillariophyta	70.9	0
0	KHMBKGOM_02950	order	Archaeplastida; Glaucophyta; Glaucocystophyceae; Glaucocystophytes; Glaucocystophytes_X	Glaucocystophytes_X	136.3	0
0	KHMBKGOM_02952	class	Archaeplastida; Chlorophyta; Chlorodendrophyceae; Chlorodendrales	Chlorodendrales	261.5	0
0	KHMBKGOM_02954	class	Archaeplastida; Chlorophyta; Trebouxiophyceae; Chlorellales	Chlorellales	199.1	0
0	KHMBKGOM_02955	class	Archaeplastida; Chlorophyta; Chlorophyceae; Chlamydomonadales	Chlamydomonadales	100.9	0
0	KHMBKGOM_02956	class	Archaeplastida; Rhodophyta; Stylonematophyceae; Porphyridiales-2	Porphyridiales-2	178.3	0
0	KHMBKGOM_02957	class	Stramenopiles; Ochrophyta; Bacillariophyta; Bacillariophyta_X	Bacillariophyta_X	125.2	0
0	KHMBKGOM_02958	division	Archaeplastida; Chlorophyta	Chlorophyta	107.1	1
0	KHMBKGOM_02960	class	Stramenopiles; Ochrophyta; Bacillariophyta; Bacillariophyta_X	Bacillariophyta_X	558.9	0
0	KHMBKGOM_02961	class	Stramenopiles; Ochrophyta; Bacillariophyta; Bacillariophyta_X	Bacillariophyta_X	491.9	0
0	KHMBKGOM_02962	order	Archaeplastida; Chlorophyta; Chlorophyceae; Chlamydomonadales; Chlamydomonadales_X	Chlamydomonadales_X	819.3	0
0	KHMBKGOM_02963	class	Hacrobia; Haptophyta; Prymnesiophyceae; Calcihaptophycidae	Calcihaptophycidae	184.9	0
0	KHMBKGOM_02964	division	Stramenopiles; Ochrophyta; Bacillariophyta	Bacillariophyta	66.2	0
0	KHMBKGOM_02965	class	Hacrobia; Haptophyta; Prymnesiophyceae; Prymnesiales	Prymnesiales	169.1	0
0	KHMBKGOM_02966	division	Alveolata; Dinoflagellata; Oxyrrhea	Oxyrrhea	120.9	0
0	KHMBKGOM_02970	class	Rhizaria; Cercozoa; Thecofilosea; Thecofilosea_X	Thecofilosea_X	243.8	0
0	KHMBKGOM_02971	class	Archaeplastida; Glaucophyta; Glaucocystophyceae; Glaucocystophytes	Glaucocystophytes	94.7	0
0	KHMBKGOM_02973	class	Archaeplastida; Glaucophyta; Glaucocystophyceae; Glaucocystophytes	Glaucocystophytes	113.2	0
0	KHMBKGOM_02977	division	Stramenopiles; Ochrophyta; Bacillariophyta	Bacillariophyta	73.6	0
0	KHMBKGOM_02978	division	Stramenopiles; Ochrophyta; Bacillariophyta	Bacillariophyta	94.4	0
0	KHMBKGOM_02979	order	Stramenopiles; Ochrophyta; Raphidophyceae; Raphidophyceae_X; Raphidophyceae_XX	Raphidophyceae_XX	161.8	0
0	KHMBKGOM_02981	class	Excavata; Discoba; Euglenozoa; Euglenida	Euglenida	384.8	0
0	KHMBKGOM_02983	class	Archaeplastida; Glaucophyta; Glaucocystophyceae; Glaucocystophytes	Glaucocystophytes	304.7	0
0	KHMBKGOM_02992	class	Archaeplastida; Chlorophyta; Mamiellophyceae; Dolichomastigales	Dolichomastigales	151.4	0
0	KHMBKGOM_02993	class	Stramenopiles; Ochrophyta; Bacillariophyta; Bacillariophyta_X	Bacillariophyta_X	139.8	0
0	KHMBKGOM_02998	class	Hacrobia; Haptophyta; Prymnesiophyceae; Isochrysidales	Isochrysidales	107.5	0
0	KHMBKGOM_03001	class	Archaeplastida; Chlorophyta; Pyramimonadales; Pyramimonadales_X	Pyramimonadales_X	90.5	0
0	KHMBKGOM_03004	class	Stramenopiles; Ochrophyta; Bacillariophyta; Bacillariophyta_X	Bacillariophyta_X	103.2	0
0	KHMBKGOM_03005	class	Stramenopiles; Ochrophyta; Bacillariophyta; Bacillariophyta_X	Bacillariophyta_X	160.6	0
0	KHMBKGOM_03006	division	Stramenopiles; Ochrophyta; Bacillariophyta	Bacillariophyta	84.3	0
0	KHMBKGOM_03008	division	Hacrobia; Cryptophyta; Cryptophyceae	Cryptophyceae	64.7	0
0	KHMBKGOM_03010	class	Stramenopiles; Ochrophyta; Bacillariophyta; Bacillariophyta_X	Bacillariophyta_X	250.4	0
0	KHMBKGOM_03011	class	Archaeplastida; Chlorophyta; Mamiellophyceae; Mamiellales	Mamiellales	65.5	0
0	KHMBKGOM_03013	class	Archaeplastida; Chlorophyta; Chlorodendrophyceae; Chlorodendrales	Chlorodendrales	75.1	0
0	KHMBKGOM_03017	class	Rhizaria; Cercozoa; Chlorarachniophyceae; Chlorarachnida	Chlorarachnida	145.6	0
0	KHMBKGOM_03019	class	Archaeplastida; Glaucophyta; Glaucocystophyceae; Glaucocystophytes	Glaucocystophytes	157.9	0
0	KHMBKGOM_03022	class	Alveolata; Ciliophora; Ciliophora_X; Ciliophora_XX	Ciliophora_XX	188.0	0
0	KHMBKGOM_03024	order	Stramenopiles; Ochrophyta; Bacillariophyta; Bacillariophyta_X; Polar-centric-Mediophyceae	Polar-centric-Mediophyceae	126.3	0
0	KHMBKGOM_03025	class	Stramenopiles; Ochrophyta; Bacillariophyta; Bacillariophyta_X	Bacillariophyta_X	171.0	0
0	KHMBKGOM_03026	class	Rhizaria; Cercozoa; Thecofilosea; Thecofilosea_X	Thecofilosea_X	176.4	0
0	KHMBKGOM_03028	class	Stramenopiles; Ochrophyta; Bacillariophyta; Bacillariophyta_X	Bacillariophyta_X	124.8	0
0	KHMBKGOM_03029	class	Alveolata; Dinoflagellata; Dinophyceae; Gonyaulacales	Gonyaulacales	102.1	0
0	KHMBKGOM_03034	class	Stramenopiles; Ochrophyta; Raphidophyceae; Raphidophyceae_X	Raphidophyceae_X	67.0	0
0	KHMBKGOM_03036	class	Amoebozoa; Lobosa; Lobosa_X; Stygamoebida	Stygamoebida	63.9	0
0	KHMBKGOM_03037	class	Archaeplastida; Rhodophyta; Porphyridiophyceae; Porphyridiales	Porphyridiales	85.5	0
0	KHMBKGOM_03041	class	Hacrobia; Haptophyta; Pavlovophyceae; Pavlovales	Pavlovales	60.1	0
0	KHMBKGOM_03042	class	Archaeplastida; Glaucophyta; Glaucocystophyceae; Glaucocystophytes	Glaucocystophytes	115.2	0
0	KHMBKGOM_03043	class	Stramenopiles; Ochrophyta; Bacillariophyta; Bacillariophyta_X	Bacillariophyta_X	69.7	0
0	KHMBKGOM_03044	class	Alveolata; Dinoflagellata; Dinophyceae; Suessiales	Suessiales	388.3	0
0	KHMBKGOM_03046	class	Stramenopiles; Ochrophyta; Dictyochophyceae; Dictyochophyceae_X	Dictyochophyceae_X	63.2	0
0	KHMBKGOM_03054	class	Stramenopiles; Ochrophyta; Bacillariophyta; Bacillariophyta_X	Bacillariophyta_X	86.7	0
0	KHMBKGOM_03058	division	Archaeplastida; Chlorophyta	Chlorophyta	256.1	1
0	KHMBKGOM_03059	class	Stramenopiles; Ochrophyta; Raphidophyceae; Raphidophyceae_X	Raphidophyceae_X	60.8	0
0	KHMBKGOM_03060	class	Archaeplastida; Chlorophyta; Pyramimonadales; Pyramimonadales_X	Pyramimonadales_X	57.0	0
0	KHMBKGOM_03061	order	Stramenopiles; Ochrophyta; Bacillariophyta; Bacillariophyta_X; Polar-centric-Mediophyceae	Polar-centric-Mediophyceae	173.3	0
0	KHMBKGOM_03064	class	Stramenopiles; Ochrophyta; Raphidophyceae; Raphidophyceae_X	Raphidophyceae_X	79.7	0
0	KHMBKGOM_03065	order	Stramenopiles; Ochrophyta; Raphidophyceae; Raphidophyceae_X; Raphidophyceae_XX	Raphidophyceae_XX	185.3	0
0	KHMBKGOM_03068	class	Stramenopiles; Ochrophyta; Dictyochophyceae; Dictyochophyceae_X	Dictyochophyceae_X	139.8	0
0	KHMBKGOM_03078	class	Archaeplastida; Chlorophyta; Mamiellophyceae; Mamiellales	Mamiellales	251.5	0
0	KHMBKGOM_03080	order	Opisthokonta; Choanoflagellida; Choanoflagellatea; Acanthoecida; Acanthoecida_X	Acanthoecida_X	60.5	0
0	KHMBKGOM_03085	division	Stramenopiles; Ochrophyta; Bacillariophyta	Bacillariophyta	198.4	0
0	KHMBKGOM_03086	division	Alveolata; Dinoflagellata; Dinophyceae	Dinophyceae	84.0	0
0	KHMBKGOM_03087	class	Archaeplastida; Chlorophyta; Chlorophyceae; Chlamydomonadales	Chlamydomonadales	272.7	0
0	KHMBKGOM_03089	supergroup	Stramenopiles	Stramenopiles	203.8	1
0	KHMBKGOM_03096	class	Stramenopiles; Ochrophyta; Bacillariophyta; Bacillariophyta_X	Bacillariophyta_X	101.7	0
0	KHMBKGOM_03099	class	Rhizaria; Cercozoa; Chlorarachniophyceae; Chlorarachnida	Chlorarachnida	188.3	0
0	KHMBKGOM_03101	order	Stramenopiles; Ochrophyta; Bacillariophyta; Bacillariophyta_X; Polar-centric-Mediophyceae	Polar-centric-Mediophyceae	201.4	0
0	KHMBKGOM_03102	division	Stramenopiles; Ochrophyta; Bacillariophyta	Bacillariophyta	127.9	0
0	KHMBKGOM_03106	class	Amoebozoa; Discosea; Discosea_X; Discosea_XX	Discosea_XX	88.6	0
0	KHMBKGOM_03114	order	Stramenopiles; Ochrophyta; Raphidophyceae; Raphidophyceae_X; Raphidophyceae_XX	Raphidophyceae_XX	62.8	0
0	KHMBKGOM_03115	class	Stramenopiles; Ochrophyta; Bacillariophyta; Bacillariophyta_X	Bacillariophyta_X	689.9	0
0	KHMBKGOM_03116	class	Stramenopiles; Ochrophyta; Bacillariophyta; Bacillariophyta_X	Bacillariophyta_X	478.0	0
0	KHMBKGOM_03117	division	Stramenopiles; Ochrophyta; Bacillariophyta	Bacillariophyta	63.5	0
0	KHMBKGOM_03118	class	Stramenopiles; Ochrophyta; Bacillariophyta; Bacillariophyta_X	Bacillariophyta_X	350.9	0
0	KHMBKGOM_03120	order	Stramenopiles; Ochrophyta; Raphidophyceae; Raphidophyceae_X; Raphidophyceae_XX	Raphidophyceae_XX	110.2	0
0	KHMBKGOM_03121	division	Alveolata; Ciliophora; Ciliophora_X	Ciliophora_X	59.7	0
0	KHMBKGOM_03122	family	Archaeplastida; Chlorophyta; Trebouxiophyceae; Chlorellales; Chlorellales_X; Picochlorum	Picochlorum	791.6	0
0	KHMBKGOM_03128	class	Archaeplastida; Chlorophyta; Nephroselmidophyceae; Nephroselmidales	Nephroselmidales	301.6	0
0	KHMBKGOM_03129	class	Stramenopiles; Ochrophyta; Bacillariophyta; Bacillariophyta_X	Bacillariophyta_X	336.7	0
0	KHMBKGOM_03132	class	Stramenopiles; Ochrophyta; Bacillariophyta; Bacillariophyta_X	Bacillariophyta_X	137.1	0
0	KHMBKGOM_03133	order	Stramenopiles; Ochrophyta; Dictyochophyceae; Dictyochophyceae_X; Pedinellales	Pedinellales	135.6	0
0	KHMBKGOM_03134	class	Stramenopiles; Sagenista; Labyrinthulomycetes; Labyrinthulales	Labyrinthulales	134.0	0
0	KHMBKGOM_03140	order	Archaeplastida; Glaucophyta; Glaucocystophyceae; Glaucocystophytes; Glaucocystophytes_X	Glaucocystophytes_X	776.5	0
0	KHMBKGOM_03142	class	Archaeplastida; Chlorophyta; Chloropicophyceae; Chloropicales	Chloropicales	82.4	0
0	KHMBKGOM_03143	class	Archaeplastida; Chlorophyta; Pyramimonadales; Pyramimonadales_X	Pyramimonadales_X	228.4	0
0	KHMBKGOM_03144	class	Amoebozoa; Lobosa; Lobosa_X; Trichosida	Trichosida	344.0	0
0	KHMBKGOM_03145	class	Hacrobia; Haptophyta; Pavlovophyceae; Pavlovales	Pavlovales	97.8	0
0	KHMBKGOM_03147	class	Archaeplastida; Chlorophyta; Chlorodendrophyceae; Chlorodendrales	Chlorodendrales	89.7	0
0	KHMBKGOM_03153	genus	Alveolata; Dinoflagellata; Dinophyceae; Suessiales; Suessiaceae; Symbiodinium; Symbiodinium sp.	Symbiodinium sp.	270.4	0
0	KHMBKGOM_03156	genus	Opisthokonta; Choanoflagellida; Choanoflagellatea; Acanthoecida; Acanthoecida_X; Acanthoecida_XX; Acanthoeca-like sp.	Acanthoeca-like sp.	97.1	0
0	KHMBKGOM_03157	class	Archaeplastida; Chlorophyta; Pyramimonadales; Pyramimonadales_X	Pyramimonadales_X	164.9	0
0	KHMBKGOM_03159	order	Stramenopiles; Ochrophyta; Bacillariophyta; Bacillariophyta_X; Polar-centric-Mediophyceae	Polar-centric-Mediophyceae	337.4	0
0	KHMBKGOM_03163	class	Hacrobia; Haptophyta; Prymnesiophyceae; Prymnesiales	Prymnesiales	379.8	0
0	KHMBKGOM_03170	class	Archaeplastida; Chlorophyta; Chlorophyceae; Chlamydomonadales	Chlamydomonadales	118.6	0
0	KHMBKGOM_03171	class	Stramenopiles; Ochrophyta; Bacillariophyta; Bacillariophyta_X	Bacillariophyta_X	123.6	0
0	KHMBKGOM_03173	order	Stramenopiles; Ochrophyta; Bacillariophyta; Bacillariophyta_X; Polar-centric-Mediophyceae	Polar-centric-Mediophyceae	404.8	0
0	KHMBKGOM_03175	class	Archaeplastida; Chlorophyta; Trebouxiophyceae; Prasiolales	Prasiolales	189.9	0
0	KHMBKGOM_03177	class	Stramenopiles; Ochrophyta; Bacillariophyta; Bacillariophyta_X	Bacillariophyta_X	167.9	0
0	KHMBKGOM_03178	class	Stramenopiles; Ochrophyta; Bacillariophyta; Bacillariophyta_X	Bacillariophyta_X	64.7	0
0	KHMBKGOM_03179	class	Archaeplastida; Chlorophyta; Mamiellophyceae; Dolichomastigales	Dolichomastigales	141.0	0
0	KHMBKGOM_03181	class	Archaeplastida; Chlorophyta; Nephroselmidophyceae; Nephroselmidales	Nephroselmidales	260.0	0
0	KHMBKGOM_03189	class	Hacrobia; Cryptophyta; Cryptophyceae; Cryptomonadales	Cryptomonadales	183.0	0
0	KHMBKGOM_03190	division	Archaeplastida; Glaucophyta; Glaucocystophyceae	Glaucocystophyceae	95.5	0
0	KHMBKGOM_03194	class	Stramenopiles; Ochrophyta; Bacillariophyta; Bacillariophyta_X	Bacillariophyta_X	102.4	0
0	KHMBKGOM_03195	class	Alveolata; Ciliophora; Spirotrichea; Euplotia	Euplotia	115.9	0
0	KHMBKGOM_03196	class	Stramenopiles; Ochrophyta; Pinguiophyceae; Pinguiochrysidales	Pinguiochrysidales	127.9	0
0	KHMBKGOM_03197	class	Opisthokonta; Choanoflagellida; Choanoflagellatea; Acanthoecida	Acanthoecida	106.7	0
0	KHMBKGOM_03199	class	Excavata; Discoba; Heterolobosea; Heterolobosea_X	Heterolobosea_X	183.0	0
0	KHMBKGOM_03201	order	Stramenopiles; Ochrophyta; Bacillariophyta; Bacillariophyta_X; Polar-centric-Mediophyceae	Polar-centric-Mediophyceae	213.0	0
0	KHMBKGOM_03205	division	Stramenopiles; Ochrophyta; Bacillariophyta	Bacillariophyta	142.9	0
0	KHMBKGOM_03207	class	Stramenopiles; Ochrophyta; Bacillariophyta; Bacillariophyta_X	Bacillariophyta_X	95.1	0
0	KHMBKGOM_03209	class	Stramenopiles; Ochrophyta; Bacillariophyta; Bacillariophyta_X	Bacillariophyta_X	125.9	0
0	KHMBKGOM_03214	class	Stramenopiles; Ochrophyta; Bacillariophyta; Bacillariophyta_X	Bacillariophyta_X	360.9	0
0	KHMBKGOM_03215	class	Archaeplastida; Chlorophyta; Chloropicophyceae; Chloropicales	Chloropicales	110.9	0
0	KHMBKGOM_03216	class	Stramenopiles; Ochrophyta; Raphidophyceae; Raphidophyceae_X	Raphidophyceae_X	117.1	0
0	KHMBKGOM_03219	class	Excavata; Discoba; Euglenozoa; Kinetoplastida	Kinetoplastida	253.4	0
0	KHMBKGOM_03220	class	Stramenopiles; Ochrophyta; Bacillariophyta; Bacillariophyta_X	Bacillariophyta_X	184.9	0
0	KHMBKGOM_03221	class	Stramenopiles; Ochrophyta; Bacillariophyta; Bacillariophyta_X	Bacillariophyta_X	95.1	0
0	KHMBKGOM_03223	class	Opisthokonta; Choanoflagellida; Choanoflagellatea; Acanthoecida	Acanthoecida	118.6	0
0	KHMBKGOM_03225	division	Stramenopiles; Ochrophyta; Bacillariophyta	Bacillariophyta	146.4	0
0	KHMBKGOM_03226	order	Archaeplastida; Glaucophyta; Glaucocystophyceae; Glaucocystophytes; Glaucocystophytes_X	Glaucocystophytes_X	670.6	0
0	KHMBKGOM_03227	class	Alveolata; Ciliophora; Ciliophora_X; Ciliophora_XX	Ciliophora_XX	780.0	0
0	KHMBKGOM_03228	class	Stramenopiles; Ochrophyta; Dictyochophyceae; Dictyochophyceae_X	Dictyochophyceae_X	57.4	0
0	KHMBKGOM_03229	class	Stramenopiles; Ochrophyta; Bacillariophyta; Bacillariophyta_X	Bacillariophyta_X	82.8	0
0	KHMBKGOM_03231	class	Alveolata; Ciliophora; Ciliophora_X; Ciliophora_XX	Ciliophora_XX	226.1	0
0	KHMBKGOM_03232	class	Excavata; Discoba; Euglenozoa; Euglenida	Euglenida	132.9	0
0	KHMBKGOM_03233	class	Alveolata; Dinoflagellata; Dinophyceae; Gonyaulacales	Gonyaulacales	215.7	0
0	KHMBKGOM_03234	class	Stramenopiles; Ochrophyta; Bacillariophyta; Bacillariophyta_X	Bacillariophyta_X	360.1	0
0	KHMBKGOM_03236	class	Archaeplastida; Chlorophyta; Mamiellophyceae; Mamiellales	Mamiellales	109.0	0
0	KHMBKGOM_03237	order	Stramenopiles; Ochrophyta; Bacillariophyta; Bacillariophyta_X; Radial-centric-basal-Coscinodiscophyceae	Radial-centric-basal-Coscinodiscophyceae	195.7	0
0	KHMBKGOM_03239	class	Stramenopiles; Ochrophyta; Bacillariophyta; Bacillariophyta_X	Bacillariophyta_X	80.5	0
0	KHMBKGOM_03241	class	Stramenopiles; Ochrophyta; Bacillariophyta; Bacillariophyta_X	Bacillariophyta_X	217.2	0
0	KHMBKGOM_03242	division	Stramenopiles; Ochrophyta; Bacillariophyta	Bacillariophyta	94.7	0
0	KHMBKGOM_03244	division	Hacrobia; Haptophyta; Pavlovophyceae	Pavlovophyceae	86.3	0
0	KHMBKGOM_03245	order	Stramenopiles; Ochrophyta; Bacillariophyta; Bacillariophyta_X; Polar-centric-Mediophyceae	Polar-centric-Mediophyceae	216.5	0
0	KHMBKGOM_03247	order	Stramenopiles; Ochrophyta; Bacillariophyta; Bacillariophyta_X; Araphid-pennate	Araphid-pennate	85.9	0
0	KHMBKGOM_03254	class	Stramenopiles; Ochrophyta; Bacillariophyta; Bacillariophyta_X	Bacillariophyta_X	102.1	0
0	KHMBKGOM_03255	class	Stramenopiles; Ochrophyta; Chrysophyceae; Chrysophyceae_X	Chrysophyceae_X	91.7	0
0	KHMBKGOM_03258	class	Stramenopiles; Ochrophyta; Dictyochophyceae; Dictyochophyceae_X	Dictyochophyceae_X	120.9	0
0	KHMBKGOM_03261	class	Archaeplastida; Chlorophyta; Nephroselmidophyceae; Nephroselmidales	Nephroselmidales	157.9	0
0	KHMBKGOM_03264	class	Alveolata; Dinoflagellata; Dinophyceae; Suessiales	Suessiales	171.8	0
0	KHMBKGOM_03265	class	Hacrobia; Hacrobia_X; Hacrobia_XX; Hacrobia_XXX	Hacrobia_XXX	265.0	0
0	KHMBKGOM_03266	class	Stramenopiles; Ochrophyta; Bacillariophyta; Bacillariophyta_X	Bacillariophyta_X	565.5	0
0	KHMBKGOM_03268	division	Rhizaria; Cercozoa; Chlorarachniophyceae	Chlorarachniophyceae	152.5	0
0	KHMBKGOM_03269	division	Alveolata; Dinoflagellata; Dinophyceae	Dinophyceae	78.2	0
0	KHMBKGOM_03280	class	Archaeplastida; Chlorophyta; Pyramimonadales; Pyramimonadales_X	Pyramimonadales_X	57.4	0
0	KHMBKGOM_03283	class	Archaeplastida; Rhodophyta; Stylonematophyceae; Porphyridiales-2	Porphyridiales-2	224.9	0
0	KHMBKGOM_03285	order	Archaeplastida; Chlorophyta; Nephroselmidophyceae; Nephroselmidales; Nephroselmidales_X	Nephroselmidales_X	221.1	0
0	KHMBKGOM_03288	class	Archaeplastida; Chlorophyta; Chloropicophyceae; Chloropicales	Chloropicales	89.7	0
0	KHMBKGOM_03289	class	Stramenopiles; Ochrophyta; Pelagophyceae; Sarcinochrysidales	Sarcinochrysidales	79.3	0
0	KHMBKGOM_03293	class	Alveolata; Dinoflagellata; Dinophyceae; Peridiniales	Peridiniales	365.2	0
0	KHMBKGOM_03294	class	Alveolata; Dinoflagellata; Dinophyceae; Gonyaulacales	Gonyaulacales	131.7	0
0	KHMBKGOM_03295	class	Archaeplastida; Chlorophyta; Picocystophyceae; Picocystales	Picocystales	206.1	0
0	KHMBKGOM_03296	class	Stramenopiles; Ochrophyta; Dictyochophyceae; Dictyochophyceae_X	Dictyochophyceae_X	132.1	0
0	KHMBKGOM_03297	genus	Archaeplastida; Chlorophyta; Chlorodendrophyceae; Chlorodendrales; Chlorodendraceae; Tetraselmis; Tetraselmis astigmatica	Tetraselmis astigmatica	167.9	0
0	KHMBKGOM_03299	class	Stramenopiles; Ochrophyta; Raphidophyceae; Raphidophyceae_X	Raphidophyceae_X	75.1	0
0	KHMBKGOM_03300	class	Archaeplastida; Glaucophyta; Glaucocystophyceae; Glaucocystophytes	Glaucocystophytes	182.6	0
0	KHMBKGOM_03301	order	Archaeplastida; Glaucophyta; Glaucocystophyceae; Glaucocystophytes; Glaucocystophytes_X	Glaucocystophytes_X	102.1	0
0	KHMBKGOM_03308	class	Alveolata; Ciliophora; Ciliophora_X; Ciliophora_XX	Ciliophora_XX	92.4	0
0	KHMBKGOM_03310	order	Stramenopiles; Ochrophyta; Bacillariophyta; Bacillariophyta_X; Polar-centric-Mediophyceae	Polar-centric-Mediophyceae	142.5	0
0	KHMBKGOM_03311	class	Stramenopiles; Ochrophyta; Bacillariophyta; Bacillariophyta_X	Bacillariophyta_X	294.3	0
0	KHMBKGOM_03312	class	Stramenopiles; Ochrophyta; Bacillariophyta; Bacillariophyta_X	Bacillariophyta_X	204.1	0
0	KHMBKGOM_03313	genus	Hacrobia; Cryptophyta; Cryptophyceae; Cryptomonadales; Cryptomonadales_X; Rhodomonas; Rhodomonas sp.	Rhodomonas sp.	117.1	0
0	KHMBKGOM_03314	family	Hacrobia; Cryptophyta; Cryptophyceae; Cryptomonadales; Cryptomonadales_X; Rhodomonas	Rhodomonas	63.5	0
0	KHMBKGOM_03315	order	Archaeplastida; Chlorophyta; Trebouxiophyceae; Chlorellales; Chlorellales_X	Chlorellales_X	137.9	0
0	KHMBKGOM_03317	class	Alveolata; Dinoflagellata; Dinophyceae; Gymnodiniales	Gymnodiniales	60.5	0
0	KHMBKGOM_03319	class	Rhizaria; Cercozoa; Chlorarachniophyceae; Chlorarachnida	Chlorarachnida	164.1	0
0	KHMBKGOM_03320	division	Alveolata; Dinoflagellata; Dinophyceae	Dinophyceae	116.7	0
0	KHMBKGOM_03321	class	Archaeplastida; Chlorophyta; Chloropicophyceae; Chloropicales	Chloropicales	192.2	0
0	KHMBKGOM_03324	division	Hacrobia; Haptophyta; Prymnesiophyceae	Prymnesiophyceae	130.6	0
0	KHMBKGOM_03325	class	Stramenopiles; Ochrophyta; Bacillariophyta; Bacillariophyta_X	Bacillariophyta_X	81.3	0
0	KHMBKGOM_03327	class	Stramenopiles; Sagenista; Labyrinthulomycetes; Labyrinthulales	Labyrinthulales	197.2	0
0	KHMBKGOM_03328	division	Stramenopiles; Sagenista; Labyrinthulomycetes	Labyrinthulomycetes	144.4	0
0	KHMBKGOM_03334	class	Stramenopiles; Ochrophyta; Bacillariophyta; Bacillariophyta_X	Bacillariophyta_X	207.2	0
0	KHMBKGOM_03335	class	Archaeplastida; Chlorophyta; Chlorophyceae; Chlamydomonadales	Chlamydomonadales	229.6	0
0	KHMBKGOM_03336	order	Archaeplastida; Chlorophyta; Chlorophyceae; Chlamydomonadales; Chlamydomonadales_X	Chlamydomonadales_X	459.9	0
0	KHMBKGOM_03337	class	Archaeplastida; Chlorophyta; Palmophyllophyceae; Prasinococcales	Prasinococcales	123.6	0
0	KHMBKGOM_03339	class	Archaeplastida; Chlorophyta; Mamiellophyceae; Mamiellales	Mamiellales	168.3	0
0	KHMBKGOM_03340	division	Amoebozoa; Lobosa; Lobosa_X	Lobosa_X	125.2	0
0	KHMBKGOM_03341	division	Stramenopiles; Ochrophyta; Bacillariophyta	Bacillariophyta	67.8	0
0	KHMBKGOM_03342	class	Stramenopiles; Ochrophyta; Bacillariophyta; Bacillariophyta_X	Bacillariophyta_X	176.0	0
0	KHMBKGOM_03345	class	Archaeplastida; Rhodophyta; Rhodellophyceae; Rhodellales	Rhodellales	61.2	0
0	KHMBKGOM_03349	division	Amoebozoa; Discosea; Discosea_X	Discosea_X	86.3	0
0	KHMBKGOM_03353	class	Hacrobia; Haptophyta; Prymnesiophyceae; Coccolithales	Coccolithales	157.5	0
0	KHMBKGOM_03359	class	Stramenopiles; Ochrophyta; Bacillariophyta; Bacillariophyta_X	Bacillariophyta_X	112.8	0
0	KHMBKGOM_03360	class	Stramenopiles; Ochrophyta; Bacillariophyta; Bacillariophyta_X	Bacillariophyta_X	125.9	0
0	KHMBKGOM_03361	class	Stramenopiles; Ochrophyta; Bacillariophyta; Bacillariophyta_X	Bacillariophyta_X	100.5	0
0	KHMBKGOM_03363	class	Rhizaria; Cercozoa; Chlorarachniophyceae; Chlorarachnida	Chlorarachnida	260.0	0
0	KHMBKGOM_03364	class	Amoebozoa; Lobosa; Lobosa_X; Stygamoebida	Stygamoebida	193.0	0
0	KHMBKGOM_03365	family	Alveolata; Ciliophora; Spirotrichea; Tintinnida; Favellidae; Favella	Favella	141.0	0
0	KHMBKGOM_03371	order	Stramenopiles; Ochrophyta; Bacillariophyta; Bacillariophyta_X; Polar-centric-Mediophyceae	Polar-centric-Mediophyceae	147.1	0
0	KHMBKGOM_03372	class	Stramenopiles; Ochrophyta; Bacillariophyta; Bacillariophyta_X	Bacillariophyta_X	100.1	0
0	KHMBKGOM_03382	class	Alveolata; Ciliophora; Spirotrichea; Tintinnida	Tintinnida	73.6	0
0	KHMBKGOM_03387	class	Stramenopiles; Ochrophyta; Raphidophyceae; Raphidophyceae_X	Raphidophyceae_X	348.2	0
0	KHMBKGOM_03388	class	Stramenopiles; Ochrophyta; Bacillariophyta; Bacillariophyta_X	Bacillariophyta_X	101.7	0
0	KHMBKGOM_03392	order	Archaeplastida; Chlorophyta; Nephroselmidophyceae; Nephroselmidales; Nephroselmidales_X	Nephroselmidales_X	67.0	0
0	KHMBKGOM_03398	class	Alveolata; Dinoflagellata; Dinophyceae; Peridiniales	Peridiniales	64.3	0
0	KHMBKGOM_03415	class	Stramenopiles; Ochrophyta; Bacillariophyta; Bacillariophyta_X	Bacillariophyta_X	433.0	0
0	KHMBKGOM_03416	class	Stramenopiles; Ochrophyta; Raphidophyceae; Raphidophyceae_X	Raphidophyceae_X	157.1	0
0	KHMBKGOM_03421	class	Stramenopiles; Ochrophyta; Dictyochophyceae; Dictyochophyceae_X	Dictyochophyceae_X	60.1	0
0	KHMBKGOM_03422	class	Stramenopiles; Ochrophyta; Bacillariophyta; Bacillariophyta_X	Bacillariophyta_X	65.5	0
0	KHMBKGOM_03424	division	Stramenopiles; Ochrophyta; Bacillariophyta	Bacillariophyta	169.5	0
0	KHMBKGOM_03426	order	Alveolata; Ciliophora; Ciliophora_X; Ciliophora_XX; Ciliophora_XXX	Ciliophora_XXX	102.8	0
0	KHMBKGOM_03427	class	Stramenopiles; Ochrophyta; Bacillariophyta; Bacillariophyta_X	Bacillariophyta_X	367.5	0
0	KHMBKGOM_03430	division	Stramenopiles; Ochrophyta; Pinguiophyceae	Pinguiophyceae	161.4	0
0	KHMBKGOM_03431	class	Hacrobia; Haptophyta; Prymnesiophyceae; Prymnesiales	Prymnesiales	151.0	0
0	KHMBKGOM_03432	class	Stramenopiles; Ochrophyta; Bacillariophyta; Bacillariophyta_X	Bacillariophyta_X	275.0	0
0	KHMBKGOM_03433	class	Alveolata; Ciliophora; Colpodea; Colpodea_X	Colpodea_X	274.6	0
0	KHMBKGOM_03434	order	Stramenopiles; Ochrophyta; Bacillariophyta; Bacillariophyta_X; Polar-centric-Mediophyceae	Polar-centric-Mediophyceae	469.9	0
0	KHMBKGOM_03435	class	Stramenopiles; Ochrophyta; Bacillariophyta; Bacillariophyta_X	Bacillariophyta_X	82.0	0
0	KHMBKGOM_03440	family	Stramenopiles; Ochrophyta; Bacillariophyta; Bacillariophyta_X; Polar-centric-Mediophyceae; Thalassiosira	Thalassiosira	176.0	0
0	KHMBKGOM_03446	class	Stramenopiles; Ochrophyta; Dictyochophyceae; Dictyochophyceae_X	Dictyochophyceae_X	167.9	0
0	KHMBKGOM_03449	class	Hacrobia; Haptophyta; Pavlovophyceae; Pavlovales	Pavlovales	61.2	0
0	KHMBKGOM_03453	division	Stramenopiles; Ochrophyta; Bacillariophyta	Bacillariophyta	143.7	0
0	KHMBKGOM_03455	class	Opisthokonta; Choanoflagellida; Choanoflagellatea; Acanthoecida	Acanthoecida	201.4	0
0	KHMBKGOM_03456	order	Stramenopiles; Ochrophyta; Bacillariophyta; Bacillariophyta_X; Polar-centric-Mediophyceae	Polar-centric-Mediophyceae	90.9	0
0	KHMBKGOM_03460	order	Archaeplastida; Chlorophyta; Picocystophyceae; Picocystales; Picocystaceae	Picocystaceae	62.8	0
0	KHMBKGOM_03461	order	Archaeplastida; Chlorophyta; Picocystophyceae; Picocystales; Picocystaceae	Picocystaceae	58.2	0
0	KHMBKGOM_03465	class	Stramenopiles; Ochrophyta; Bacillariophyta; Bacillariophyta_X	Bacillariophyta_X	146.4	0
0	KHMBKGOM_03467	order	Stramenopiles; Ochrophyta; Raphidophyceae; Raphidophyceae_X; Raphidophyceae_XX	Raphidophyceae_XX	401.0	0
0	KHMBKGOM_03469	class	Stramenopiles; Ochrophyta; Bacillariophyta; Bacillariophyta_X	Bacillariophyta_X	178.7	0
0	KHMBKGOM_03470	order	Stramenopiles; Ochrophyta; Bacillariophyta; Bacillariophyta_X; Polar-centric-Mediophyceae	Polar-centric-Mediophyceae	252.7	0
0	KHMBKGOM_03471	class	Archaeplastida; Chlorophyta; Mamiellophyceae; Mamiellales	Mamiellales	134.0	0
0	KHMBKGOM_03474	order	Archaeplastida; Chlorophyta; Trebouxiophyceae; Prasiolales; Prasiolales_X	Prasiolales_X	359.8	0
0	KHMBKGOM_03475	class	Stramenopiles; Ochrophyta; Bacillariophyta; Bacillariophyta_X	Bacillariophyta_X	81.3	0
0	KHMBKGOM_03477	class	Stramenopiles; Ochrophyta; Chrysophyceae; Chrysophyceae_X	Chrysophyceae_X	56.2	0
0	KHMBKGOM_03478	class	Alveolata; Ciliophora; Heterotrichea; Heterotrichea_X	Heterotrichea_X	127.1	0
0	KHMBKGOM_03481	class	Archaeplastida; Chlorophyta; Chlorophyceae; Chlamydomonadales	Chlamydomonadales	120.9	0
0	KHMBKGOM_03482	class	Amoebozoa; Lobosa; Discosea-Flabellinia; Vannellida	Vannellida	61.6	0
0	KHMBKGOM_03487	class	Archaeplastida; Chlorophyta; Palmophyllophyceae; Prasinococcales	Prasinococcales	387.9	0
0	KHMBKGOM_03488	order	Alveolata; Ciliophora; Ciliophora_X; Ciliophora_XX; Ciliophora_XXX	Ciliophora_XXX	469.2	0
0	KHMBKGOM_03490	class	Amoebozoa; Lobosa; Tubulinea; Arcellinida	Arcellinida	154.8	0
0	KHMBKGOM_03491	division	Stramenopiles; Ochrophyta; Bacillariophyta	Bacillariophyta	96.3	0
0	KHMBKGOM_03492	class	Alveolata; Ciliophora; Colpodea; Colpodea_X	Colpodea_X	157.5	0
0	KHMBKGOM_03493	supergroup	Archaeplastida	Archaeplastida	243.0	1
0	KHMBKGOM_03495	class	Archaeplastida; Chlorophyta; Chlorodendrophyceae; Chlorodendrales	Chlorodendrales	112.1	0
0	KHMBKGOM_03497	class	Stramenopiles; Ochrophyta; Bacillariophyta; Bacillariophyta_X	Bacillariophyta_X	520.0	0
0	KHMBKGOM_03499	class	Opisthokonta; Choanoflagellida; Choanoflagellatea; Acanthoecida	Acanthoecida	85.5	0
0	KHMBKGOM_03500	class	Stramenopiles; Ochrophyta; Bacillariophyta; Bacillariophyta_X	Bacillariophyta_X	255.0	0
0	KHMBKGOM_03505	class	Stramenopiles; Ochrophyta; Bacillariophyta; Bacillariophyta_X	Bacillariophyta_X	261.2	0
0	KHMBKGOM_03506	division	Stramenopiles; Ochrophyta; Bacillariophyta	Bacillariophyta	141.4	0
0	KHMBKGOM_03508	class	Stramenopiles; Ochrophyta; Bacillariophyta; Bacillariophyta_X	Bacillariophyta_X	166.4	0
0	KHMBKGOM_03512	class	Stramenopiles; Ochrophyta; Chrysophyceae; Chrysophyceae_X	Chrysophyceae_X	308.5	0
0	KHMBKGOM_03513	order	Stramenopiles; Ochrophyta; Bacillariophyta; Bacillariophyta_X; Araphid-pennate	Araphid-pennate	60.1	0
0	KHMBKGOM_03516	class	Stramenopiles; Ochrophyta; Bacillariophyta; Bacillariophyta_X	Bacillariophyta_X	309.3	0
0	KHMBKGOM_03518	division	Stramenopiles; Ochrophyta; Bacillariophyta	Bacillariophyta	112.1	0
0	KHMBKGOM_03519	division	Stramenopiles; Ochrophyta; Bacillariophyta	Bacillariophyta	98.6	0
0	KHMBKGOM_03520	division	Stramenopiles; Ochrophyta; Bacillariophyta	Bacillariophyta	114.8	0
0	KHMBKGOM_03521	class	Archaeplastida; Chlorophyta; Chlorodendrophyceae; Chlorodendrales	Chlorodendrales	305.4	0
0	KHMBKGOM_03524	order	Stramenopiles; Ochrophyta; Raphidophyceae; Raphidophyceae_X; Raphidophyceae_XX	Raphidophyceae_XX	404.1	0
0	KHMBKGOM_03526	class	Stramenopiles; Ochrophyta; Bacillariophyta; Bacillariophyta_X	Bacillariophyta_X	188.0	0
0	KHMBKGOM_03527	class	Alveolata; Ciliophora; Spirotrichea; Tintinnida	Tintinnida	256.5	0
0	KHMBKGOM_03528	class	Stramenopiles; Ochrophyta; Bacillariophyta; Bacillariophyta_X	Bacillariophyta_X	148.7	0
0	KHMBKGOM_03529	class	Archaeplastida; Chlorophyta; Mamiellophyceae; Mamiellales	Mamiellales	151.8	0
0	KHMBKGOM_03530	class	Stramenopiles; Ochrophyta; Bacillariophyta; Bacillariophyta_X	Bacillariophyta_X	75.9	0
0	KHMBKGOM_03533	class	Excavata; Discoba; Heterolobosea; Heterolobosea_X	Heterolobosea_X	71.6	0
0	KHMBKGOM_03540	class	Archaeplastida; Chlorophyta; Nephroselmidophyceae; Nephroselmidales	Nephroselmidales	91.7	0
0	KHMBKGOM_03541	class	Amoebozoa; Lobosa; Lobosa_X; Trichosida	Trichosida	104.4	0
0	KHMBKGOM_03543	class	Opisthokonta; Choanoflagellida; Choanoflagellatea; Acanthoecida	Acanthoecida	125.9	0
0	KHMBKGOM_03546	class	Stramenopiles; Ochrophyta; Bacillariophyta; Bacillariophyta_X	Bacillariophyta_X	57.4	0
0	KHMBKGOM_03551	class	Alveolata; Dinoflagellata; Noctilucophyceae; Noctilucales	Noctilucales	63.5	0
0	KHMBKGOM_03554	division	Hacrobia; Haptophyta; Pavlovophyceae	Pavlovophyceae	90.1	0
0	KHMBKGOM_03560	class	Stramenopiles; Ochrophyta; Bacillariophyta; Bacillariophyta_X	Bacillariophyta_X	57.8	0
0	KHMBKGOM_03561	class	Alveolata; Ciliophora; Ciliophora_X; Ciliophora_XX	Ciliophora_XX	440.3	0
0	KHMBKGOM_03563	class	Stramenopiles; Ochrophyta; Bacillariophyta; Bacillariophyta_X	Bacillariophyta_X	117.5	0
0	KHMBKGOM_03570	class	Amoebozoa; Lobosa; Lobosa_X; Stygamoebida	Stygamoebida	284.3	0
0	KHMBKGOM_03572	class	Alveolata; Dinoflagellata; Noctilucophyceae; Noctilucales	Noctilucales	162.9	0
0	KHMBKGOM_03578	division	Alveolata; Dinoflagellata; Dinophyceae	Dinophyceae	95.9	0
0	KHMBKGOM_03579	class	Hacrobia; Cryptophyta; Cryptophyceae; Cryptomonadales	Cryptomonadales	172.9	0
0	KHMBKGOM_03580	order	Rhizaria; Cercozoa; Chlorarachniophyceae; Chlorarachnida; Chlorarachnida_X	Chlorarachnida_X	186.4	0
0	KHMBKGOM_03581	class	Amoebozoa; Lobosa; Discosea-Flabellinia; Dactylopodida	Dactylopodida	55.5	0
0	KHMBKGOM_03587	division	Stramenopiles; Ochrophyta; Bacillariophyta	Bacillariophyta	72.8	0
0	KHMBKGOM_03588	division	Stramenopiles; Ochrophyta; Xanthophyceae	Xanthophyceae	97.4	0
0	KHMBKGOM_03591	class	Alveolata; Dinoflagellata; Dinophyceae; Gonyaulacales	Gonyaulacales	263.1	0
0	KHMBKGOM_03592	class	Archaeplastida; Chlorophyta; Chlorodendrophyceae; Chlorodendrales	Chlorodendrales	74.7	0
0	KHMBKGOM_03593	order	Alveolata; Ciliophora; Colpodea; Colpodea_X; Platyophryida	Platyophryida	317.4	0
0	KHMBKGOM_03595	class	Stramenopiles; Opalozoa; Bicoecea; Anoecales	Anoecales	170.6	0
0	KHMBKGOM_03596				106.7	1
0	KHMBKGOM_03598	class	Stramenopiles; Ochrophyta; Bacillariophyta; Bacillariophyta_X	Bacillariophyta_X	85.5	0
0	KHMBKGOM_03601	class	Stramenopiles; Ochrophyta; Bacillariophyta; Bacillariophyta_X	Bacillariophyta_X	124.8	0
0	KHMBKGOM_03602	class	Stramenopiles; Ochrophyta; Raphidophyceae; Raphidophyceae_X	Raphidophyceae_X	135.2	0
0	KHMBKGOM_03604	class	Hacrobia; Haptophyta; Prymnesiophyceae; Isochrysidales	Isochrysidales	181.4	0
0	KHMBKGOM_03606	class	Stramenopiles; Ochrophyta; Raphidophyceae; Raphidophyceae_X	Raphidophyceae_X	95.9	0
0	KHMBKGOM_03608	order	Hacrobia; Haptophyta; Pavlovophyceae; Pavlovales; Pavlovaceae	Pavlovaceae	243.8	0
0	KHMBKGOM_03611	order	Excavata; Discoba; Euglenozoa; Kinetoplastida; Neobodonid	Neobodonid	342.0	0
0	KHMBKGOM_03613	order	Alveolata; Dinoflagellata; Dinophyceae; Gonyaulacales; Goniodomataceae	Goniodomataceae	89.0	0
0	KHMBKGOM_03616	class	Stramenopiles; Ochrophyta; Bacillariophyta; Bacillariophyta_X	Bacillariophyta_X	97.8	0
0	KHMBKGOM_03618	class	Stramenopiles; Sagenista; Labyrinthulomycetes; Labyrinthulales	Labyrinthulales	149.4	0
0	KHMBKGOM_03620	class	Archaeplastida; Chlorophyta; Chlorodendrophyceae; Chlorodendrales	Chlorodendrales	392.9	0
0	KHMBKGOM_03625	class	Stramenopiles; Opalozoa; Bicoecea; Bicoecales	Bicoecales	84.7	0
0	KHMBKGOM_03627	class	Archaeplastida; Chlorophyta; Chloropicophyceae; Chloropicales	Chloropicales	127.9	0
0	KHMBKGOM_03628	class	Amoebozoa; Conosa; Variosea; Variosea_X	Variosea_X	298.9	0
0	KHMBKGOM_03629	class	Stramenopiles; Ochrophyta; Bacillariophyta; Bacillariophyta_X	Bacillariophyta_X	398.3	0
0	KHMBKGOM_03630	class	Stramenopiles; Ochrophyta; Bacillariophyta; Bacillariophyta_X	Bacillariophyta_X	195.7	0
0	KHMBKGOM_03634	class	Hacrobia; Cryptophyta; Cryptophyceae; Cryptophyceae_XXX	Cryptophyceae_XXX	58.5	0
0	KHMBKGOM_03635	class	Hacrobia; Cryptophyta; Cryptophyceae; Cryptomonadales	Cryptomonadales	92.0	0
0	KHMBKGOM_03636	class	Stramenopiles; Ochrophyta; Bacillariophyta; Bacillariophyta_X	Bacillariophyta_X	76.6	0
0	KHMBKGOM_03638	class	Alveolata; Ciliophora; Ciliophora_X; Ciliophora_XX	Ciliophora_XX	245.4	0
0	KHMBKGOM_03640	division	Stramenopiles; Ochrophyta; Bacillariophyta	Bacillariophyta	65.5	0
0	KHMBKGOM_03642	class	Archaeplastida; Chlorophyta; Pyramimonadales; Pyramimonadales_X	Pyramimonadales_X	77.8	0
0	KHMBKGOM_03643	division	Stramenopiles; Ochrophyta; Raphidophyceae	Raphidophyceae	114.4	0
0	KHMBKGOM_03644	class	Stramenopiles; Ochrophyta; Raphidophyceae; Raphidophyceae_X	Raphidophyceae_X	70.1	0
0	KHMBKGOM_03651	class	Alveolata; Dinoflagellata; Oxyrrhea; Oxyrrhinales	Oxyrrhinales	170.6	0
0	KHMBKGOM_03656	genus	Hacrobia; Haptophyta; Pavlovophyceae; Pavlovales; Pavlovaceae; Pavlova; Pavlova lutheri	Pavlova lutheri	175.3	0
0	KHMBKGOM_03657	family	Stramenopiles; Ochrophyta; Dictyochophyceae; Dictyochophyceae_X; Pedinellales; Pseudopedinella	Pseudopedinella	290.8	0
0	KHMBKGOM_03658	family	Archaeplastida; Chlorophyta; Nephroselmidophyceae; Nephroselmidales; Nephroselmidales_X; Nephroselmis	Nephroselmis	267.3	0
0	KHMBKGOM_03662	class	Alveolata; Ciliophora; Ciliophora_X; Ciliophora_XX	Ciliophora_XX	127.1	0
0	KHMBKGOM_03664	division	Archaeplastida; Chlorophyta	Chlorophyta	154.8	1
0	KHMBKGOM_03666	class	Stramenopiles; Ochrophyta; Bacillariophyta; Bacillariophyta_X	Bacillariophyta_X	69.3	0
0	KHMBKGOM_03668	class	Stramenopiles; Ochrophyta; Dictyochophyceae; Dictyochophyceae_X	Dictyochophyceae_X	131.0	0
0	KHMBKGOM_03669	division	Opisthokonta; Choanoflagellida; Choanoflagellatea	Choanoflagellatea	90.1	0
0	KHMBKGOM_03670	class	Stramenopiles; Ochrophyta; Bacillariophyta; Bacillariophyta_X	Bacillariophyta_X	88.2	0
0	KHMBKGOM_03671	class	Stramenopiles; Ochrophyta; Chrysophyceae; Chrysophyceae_X	Chrysophyceae_X	117.9	0
0	KHMBKGOM_03679	division	Alveolata; Dinoflagellata; Dinophyceae	Dinophyceae	65.1	0
0	KHMBKGOM_03684	class	Stramenopiles; Ochrophyta; Pelagophyceae; Pelagomonadales	Pelagomonadales	105.5	0
0	KHMBKGOM_03689	class	Stramenopiles; Ochrophyta; Bacillariophyta; Bacillariophyta_X	Bacillariophyta_X	91.3	0
0	KHMBKGOM_03692	class	Hacrobia; Haptophyta; Prymnesiophyceae; Zygodiscales	Zygodiscales	65.9	0
0	KHMBKGOM_03693	division	Stramenopiles; Ochrophyta; Dictyochophyceae	Dictyochophyceae	61.2	0
0	KHMBKGOM_03694	class	Alveolata; Ciliophora; Prostomatea_1; Prostomatea_1_X	Prostomatea_1_X	163.7	0
0	KHMBKGOM_03696	division	Stramenopiles; Ochrophyta; Bacillariophyta	Bacillariophyta	93.6	0
0	KHMBKGOM_03698	division	Stramenopiles; Ochrophyta; Raphidophyceae	Raphidophyceae	114.4	0
0	KHMBKGOM_03699	division	Stramenopiles; Ochrophyta; Raphidophyceae	Raphidophyceae	167.9	0
0	KHMBKGOM_03706	class	Alveolata; Dinoflagellata; Noctilucophyceae; Noctilucales	Noctilucales	115.5	0
0	KHMBKGOM_03708	order	Stramenopiles; Ochrophyta; Bacillariophyta; Bacillariophyta_X; Araphid-pennate	Araphid-pennate	335.5	0
0	KHMBKGOM_03710	class	Stramenopiles; Ochrophyta; Dictyochophyceae; Dictyochophyceae_X	Dictyochophyceae_X	64.3	0
0	KHMBKGOM_03711	class	Archaeplastida; Glaucophyta; Glaucocystophyceae; Glaucocystophytes	Glaucocystophytes	513.8	0
0	KHMBKGOM_03712	class	Stramenopiles; Ochrophyta; Bacillariophyta; Bacillariophyta_X	Bacillariophyta_X	481.1	0
0	KHMBKGOM_03713	class	Stramenopiles; Ochrophyta; Bacillariophyta; Bacillariophyta_X	Bacillariophyta_X	176.8	0
0	KHMBKGOM_03714	class	Stramenopiles; Ochrophyta; Bacillariophyta; Bacillariophyta_X	Bacillariophyta_X	57.8	0
0	KHMBKGOM_03717	class	Archaeplastida; Rhodophyta; Compsopogonophyceae; Compsopogonales	Compsopogonales	514.2	0
0	KHMBKGOM_03719	class	Archaeplastida; Chlorophyta; Pyramimonadales; Pyramimonadales_X	Pyramimonadales_X	424.9	0
0	KHMBKGOM_03721	division	Stramenopiles; Stramenopiles_X; Stramenopiles_XX	Stramenopiles_XX	85.5	0
0	KHMBKGOM_03723	class	Opisthokonta; Fungi; Ascomycota; Saccharomycotina	Saccharomycotina	318.5	0
0	KHMBKGOM_03729	division	Stramenopiles; Ochrophyta; Bacillariophyta	Bacillariophyta	89.7	0
0	KHMBKGOM_03732	class	Archaeplastida; Chlorophyta; Mamiellophyceae; Mamiellales	Mamiellales	147.1	0
0	KHMBKGOM_03737	class	Amoebozoa; Lobosa; Discosea-Flabellinia; Vannellida	Vannellida	202.2	0
0	KHMBKGOM_03739	division	Amoebozoa; Lobosa	Lobosa	385.6	1
0	KHMBKGOM_03742	class	Stramenopiles; Ochrophyta; Bacillariophyta; Bacillariophyta_X	Bacillariophyta_X	58.5	0
0	KHMBKGOM_03743	class	Archaeplastida; Rhodophyta; Stylonematophyceae; Porphyridiales-2	Porphyridiales-2	193.7	0
0	KHMBKGOM_03744	class	Hacrobia; Haptophyta; Prymnesiophyceae; Prymnesiales	Prymnesiales	58.5	0
0	KHMBKGOM_03745	class	Archaeplastida; Chlorophyta; Mamiellophyceae; Mamiellales	Mamiellales	168.7	0
0	KHMBKGOM_03746	class	Archaeplastida; Chlorophyta; Chlorodendrophyceae; Chlorodendrales	Chlorodendrales	143.7	0
0	KHMBKGOM_03747	division	Stramenopiles; Ochrophyta; Chrysophyceae	Chrysophyceae	66.2	0
0	KHMBKGOM_03748	class	Amoebozoa; Lobosa; Discosea-Flabellinia; Dactylopodida	Dactylopodida	73.2	0
0	KHMBKGOM_03753	class	Stramenopiles; Ochrophyta; Pelagophyceae; Pelagomonadales	Pelagomonadales	63.5	0
0	KHMBKGOM_03755	division	Alveolata; Dinoflagellata; Dinophyceae	Dinophyceae	90.9	0
0	KHMBKGOM_03757	class	Stramenopiles; Ochrophyta; Bacillariophyta; Bacillariophyta_X	Bacillariophyta_X	278.5	0
0	KHMBKGOM_03759	class	Stramenopiles; Ochrophyta; Bacillariophyta; Bacillariophyta_X	Bacillariophyta_X	349.0	0
0	KHMBKGOM_03760	class	Rhizaria; Cercozoa; Chlorarachniophyceae; Chlorarachnida	Chlorarachnida	222.2	0
0	KHMBKGOM_03761	class	Stramenopiles; Ochrophyta; Dictyochophyceae; Dictyochophyceae_X	Dictyochophyceae_X	262.7	0
0	KHMBKGOM_03762	class	Amoebozoa; Lobosa; Lobosa_X; Trichosida	Trichosida	159.5	0
0	KHMBKGOM_03763	class	Amoebozoa; Lobosa; Discosea-Flabellinia; Vannellida	Vannellida	186.0	0
0	KHMBKGOM_03764	class	Stramenopiles; Ochrophyta; Bacillariophyta; Bacillariophyta_X	Bacillariophyta_X	173.7	0
0	KHMBKGOM_03765	division	Hacrobia; Cryptophyta; Cryptophyceae	Cryptophyceae	113.6	0
0	KHMBKGOM_03766	class	Opisthokonta; Fungi; Ascomycota; Saccharomycotina	Saccharomycotina	177.2	0
0	KHMBKGOM_03768	class	Archaeplastida; Chlorophyta; Mamiellophyceae; Mamiellales	Mamiellales	146.4	0
0	KHMBKGOM_03770	class	Stramenopiles; Ochrophyta; Bacillariophyta; Bacillariophyta_X	Bacillariophyta_X	264.2	0
0	KHMBKGOM_03771	class	Stramenopiles; Ochrophyta; Bacillariophyta; Bacillariophyta_X	Bacillariophyta_X	285.0	0
0	KHMBKGOM_03772	division	Stramenopiles; Ochrophyta; Dictyochophyceae	Dictyochophyceae	130.6	0
0	KHMBKGOM_03774	class	Archaeplastida; Chlorophyta; Chloropicophyceae; Chloropicales	Chloropicales	101.3	0
0	KHMBKGOM_03795	class	Stramenopiles; Ochrophyta; Chrysophyceae; Chrysophyceae_X	Chrysophyceae_X	114.8	0
0	KHMBKGOM_03798	class	Stramenopiles; Sagenista; Labyrinthulomycetes; Labyrinthulales	Labyrinthulales	159.1	0
0	KHMBKGOM_03802	division	Archaeplastida; Chlorophyta; Mamiellophyceae	Mamiellophyceae	142.5	0
0	KHMBKGOM_03803	class	Opisthokonta; Choanoflagellida; Choanoflagellatea; Acanthoecida	Acanthoecida	169.5	0
0	KHMBKGOM_03806	class	Hacrobia; Cryptophyta; Cryptophyceae; Cryptomonadales	Cryptomonadales	65.5	0
0	KHMBKGOM_03810	class	Amoebozoa; Lobosa; Discosea-Flabellinia; Dactylopodida	Dactylopodida	447.2	0
0	KHMBKGOM_03812	class	Alveolata; Ciliophora; Ciliophora_X; Ciliophora_XX	Ciliophora_XX	236.5	0
0	KHMBKGOM_03816	division	Stramenopiles; Ochrophyta; Bacillariophyta	Bacillariophyta	62.4	0
0	KHMBKGOM_03817	division	Alveolata; Dinoflagellata; Dinophyceae	Dinophyceae	121.3	0
0	KHMBKGOM_03819	class	Alveolata; Ciliophora; Ciliophora_X; Ciliophora_XX	Ciliophora_XX	245.4	0
0	KHMBKGOM_03821	division	Alveolata; Ciliophora; Spirotrichea	Spirotrichea	141.0	0
0	KHMBKGOM_03823	class	Excavata; Discoba; Euglenozoa; Euglenida	Euglenida	100.5	0
0	KHMBKGOM_03826	class	Stramenopiles; Ochrophyta; Bacillariophyta; Bacillariophyta_X	Bacillariophyta_X	219.5	0
0	KHMBKGOM_03827	class	Stramenopiles; Ochrophyta; Bacillariophyta; Bacillariophyta_X	Bacillariophyta_X	229.9	0
0	KHMBKGOM_03828	class	Archaeplastida; Chlorophyta; Mamiellophyceae; Mamiellales	Mamiellales	162.5	0
0	KHMBKGOM_03831	genus	Archaeplastida; Chlorophyta; Mamiellophyceae; Dolichomastigales; Dolichomastigaceae; Dolichomastix; Dolichomastix tenuilepis	Dolichomastix tenuilepis	885.6	0
0	KHMBKGOM_03832	class	Amoebozoa; Discosea; Discosea_X; Discosea_XX	Discosea_XX	155.6	0
0	KHMBKGOM_03835	class	Stramenopiles; Ochrophyta; Bacillariophyta; Bacillariophyta_X	Bacillariophyta_X	213.0	0
0	KHMBKGOM_03837	class	Archaeplastida; Chlorophyta; Chlorophyceae; Chlamydomonadales	Chlamydomonadales	260.0	0
0	KHMBKGOM_03838	species	Archaeplastida; Glaucophyta; Glaucocystophyceae; Glaucocystophytes; Glaucocystophytes_X; Gloeochaete; Gloeochaete wittrockiana	Gloeochaete wittrockiana	303.9	0
0	KHMBKGOM_03841	class	Opisthokonta; Choanoflagellida; Choanoflagellatea; Acanthoecida	Acanthoecida	109.0	0
0	KHMBKGOM_03842	family	Archaeplastida; Chlorophyta; Nephroselmidophyceae; Nephroselmidales; Nephroselmidales_X; Nephroselmis	Nephroselmis	178.7	0
0	KHMBKGOM_03843	family	Archaeplastida; Chlorophyta; Mamiellophyceae; Dolichomastigales; Dolichomastigaceae; Dolichomastix	Dolichomastix	233.4	0
0	KHMBKGOM_03844	order	Stramenopiles; Ochrophyta; Bacillariophyta; Bacillariophyta_X; Polar-centric-Mediophyceae	Polar-centric-Mediophyceae	110.9	0
0	KHMBKGOM_03845	class	Stramenopiles; Ochrophyta; Raphidophyceae; Raphidophyceae_X	Raphidophyceae_X	132.9	0
0	KHMBKGOM_03846	class	Alveolata; Ciliophora; Ciliophora_X; Ciliophora_XX	Ciliophora_XX	120.6	0
0	KHMBKGOM_03847	class	Hacrobia; Cryptophyta; Cryptophyceae; Cryptomonadales	Cryptomonadales	89.4	0
0	KHMBKGOM_03848	class	Stramenopiles; Ochrophyta; Raphidophyceae; Raphidophyceae_X	Raphidophyceae_X	478.4	0
0	KHMBKGOM_03852	division	Archaeplastida; Chlorophyta; Picocystophyceae	Picocystophyceae	186.0	0
0	KHMBKGOM_03854	class	Alveolata; Dinoflagellata; Dinophyceae; Gonyaulacales	Gonyaulacales	68.2	0
0	KHMBKGOM_03857	order	Stramenopiles; Ochrophyta; Bacillariophyta; Bacillariophyta_X; Araphid-pennate	Araphid-pennate	82.4	0
0	KHMBKGOM_03860	class	Rhizaria; Cercozoa; Chlorarachniophyceae; Chlorarachnida	Chlorarachnida	229.2	0
0	KHMBKGOM_03863	order	Archaeplastida; Chlorophyta; Chloropicophyceae; Chloropicales; Chloropicaceae	Chloropicaceae	282.7	0
0	KHMBKGOM_03864	class	Stramenopiles; Ochrophyta; Bacillariophyta; Bacillariophyta_X	Bacillariophyta_X	203.0	0
0	KHMBKGOM_03865	class	Alveolata; Ciliophora; Ciliophora_X; Ciliophora_XX	Ciliophora_XX	131.7	0
0	KHMBKGOM_03868	class	Opisthokonta; Fungi; Ascomycota; Saccharomycotina	Saccharomycotina	96.3	0
0	KHMBKGOM_03869	class	Stramenopiles; Ochrophyta; Bacillariophyta; Bacillariophyta_X	Bacillariophyta_X	113.6	0
0	KHMBKGOM_03870	class	Stramenopiles; Ochrophyta; Bacillariophyta; Bacillariophyta_X	Bacillariophyta_X	193.0	0
0	KHMBKGOM_03872	class	Archaeplastida; Chlorophyta; Mamiellophyceae; Mamiellales	Mamiellales	67.0	0
0	KHMBKGOM_03875	class	Stramenopiles; Ochrophyta; Bacillariophyta; Bacillariophyta_X	Bacillariophyta_X	271.9	0
0	KHMBKGOM_03878	class	Stramenopiles; Ochrophyta; Bacillariophyta; Bacillariophyta_X	Bacillariophyta_X	221.9	0
0	KHMBKGOM_03880	class	Alveolata; Dinoflagellata; Dinophyceae; Peridiniales	Peridiniales	151.8	0
0	KHMBKGOM_03887	class	Stramenopiles; Ochrophyta; Bacillariophyta; Bacillariophyta_X	Bacillariophyta_X	104.8	0
0	KHMBKGOM_03892	class	Alveolata; Dinoflagellata; Dinophyceae; Suessiales	Suessiales	66.2	0
0	KHMBKGOM_03894	order	Stramenopiles; Ochrophyta; Chrysophyceae; Chrysophyceae_X; Chrysophyceae_Clade-C	Chrysophyceae_Clade-C	147.9	0
0	KHMBKGOM_03896	class	Archaeplastida; Rhodophyta; Stylonematophyceae; Porphyridiales-2	Porphyridiales-2	262.7	0
0	KHMBKGOM_03897	class	Hacrobia; Cryptophyta; Cryptophyceae; Cryptomonadales	Cryptomonadales	76.3	0
0	KHMBKGOM_03905	class	Stramenopiles; Ochrophyta; Bacillariophyta; Bacillariophyta_X	Bacillariophyta_X	420.2	0
0	KHMBKGOM_03906	class	Stramenopiles; Ochrophyta; Bacillariophyta; Bacillariophyta_X	Bacillariophyta_X	116.3	0
0	KHMBKGOM_03907	class	Stramenopiles; Ochrophyta; Bacillariophyta; Bacillariophyta_X	Bacillariophyta_X	82.4	0
0	KHMBKGOM_03908	order	Stramenopiles; Ochrophyta; Bacillariophyta; Bacillariophyta_X; Polar-centric-Mediophyceae	Polar-centric-Mediophyceae	163.3	0
0	KHMBKGOM_03911	class	Alveolata; Ciliophora; Colpodea; Colpodea_X	Colpodea_X	65.1	0
0	KHMBKGOM_03914	class	Stramenopiles; Ochrophyta; Bacillariophyta; Bacillariophyta_X	Bacillariophyta_X	68.2	0
0	KHMBKGOM_03915	class	Amoebozoa; Conosa; Variosea; Variosea_X	Variosea_X	321.2	0
0	KHMBKGOM_03916	class	Stramenopiles; Ochrophyta; Dictyochophyceae; Dictyochophyceae_X	Dictyochophyceae_X	280.8	0
0	KHMBKGOM_03917	class	Archaeplastida; Chlorophyta; Mamiellophyceae; Mamiellales	Mamiellales	142.9	0
0	KHMBKGOM_03919	order	Archaeplastida; Chlorophyta; Pyramimonadales; Pyramimonadales_X; Pyramimonadales_XX	Pyramimonadales_XX	207.6	0
0	KHMBKGOM_03925	class	Stramenopiles; Ochrophyta; Pelagophyceae; Pelagomonadales	Pelagomonadales	127.1	0
0	KHMBKGOM_03928	order	Stramenopiles; Ochrophyta; Dictyochophyceae; Dictyochophyceae_X; Pedinellales	Pedinellales	188.7	0
0	KHMBKGOM_03929	genus	Alveolata; Ciliophora; Spirotrichea; Tintinnida; Favellidae; Favella; Favella taraikaensis	Favella taraikaensis	144.8	0
0	KHMBKGOM_03931	class	Archaeplastida; Chlorophyta; Pyramimonadales; Pyramimonadales_X	Pyramimonadales_X	129.8	0
0	KHMBKGOM_03933	class	Archaeplastida; Chlorophyta; Mamiellophyceae; Mamiellales	Mamiellales	253.8	0
0	KHMBKGOM_03936	order	Archaeplastida; Chlorophyta; Nephroselmidophyceae; Nephroselmidales; Nephroselmidales_X	Nephroselmidales_X	113.6	0
0	KHMBKGOM_03940	family	Alveolata; Apicomplexa; Colpodellidea; Vitrelladida; Vitrellaceae; Vitrella	Vitrella	140.2	0
0	KHMBKGOM_03941	class	Archaeplastida; Chlorophyta; Chlorodendrophyceae; Chlorodendrales	Chlorodendrales	510.4	0
0	KHMBKGOM_03945	class	Hacrobia; Cryptophyta; Cryptophyceae; Cryptomonadales	Cryptomonadales	115.5	0
0	KHMBKGOM_03947	family	Stramenopiles; Ochrophyta; Bacillariophyta; Bacillariophyta_X; Polar-centric-Mediophyceae; Thalassiosira	Thalassiosira	186.0	0
0	KHMBKGOM_03949	division	Opisthokonta; Choanoflagellida; Choanoflagellatea	Choanoflagellatea	65.5	0
0	KHMBKGOM_03951	class	Stramenopiles; Ochrophyta; Bacillariophyta; Bacillariophyta_X	Bacillariophyta_X	558.5	0
0	KHMBKGOM_03952	class	Hacrobia; Hacrobia_X; Hacrobia_XX; Hacrobia_XXX	Hacrobia_XXX	263.5	0
0	KHMBKGOM_03955	class	Stramenopiles; Sagenista; Labyrinthulomycetes; Labyrinthulales	Labyrinthulales	137.5	0
0	KHMBKGOM_03956	class	Alveolata; Ciliophora; Ciliophora_X; Ciliophora_XX	Ciliophora_XX	253.8	0
0	KHMBKGOM_03966	class	Opisthokonta; Fungi; Ascomycota; Saccharomycotina	Saccharomycotina	70.9	0
0	KHMBKGOM_03968	class	Stramenopiles; Ochrophyta; Raphidophyceae; Raphidophyceae_X	Raphidophyceae_X	98.2	0
0	KHMBKGOM_03970	class	Alveolata; Ciliophora; Ciliophora_X; Ciliophora_XX	Ciliophora_XX	490.7	0
0	KHMBKGOM_03971	division	Archaeplastida; Glaucophyta; Glaucocystophyceae	Glaucocystophyceae	87.4	0
0	KHMBKGOM_03972	class	Stramenopiles; Ochrophyta; Bacillariophyta; Bacillariophyta_X	Bacillariophyta_X	152.5	0
0	KHMBKGOM_03973				138.7	1
0	KHMBKGOM_03978	family	Stramenopiles; Ochrophyta; Bacillariophyta; Bacillariophyta_X; Polar-centric-Mediophyceae; Thalassiosira	Thalassiosira	447.6	0
0	KHMBKGOM_03981	class	Stramenopiles; Ochrophyta; Bacillariophyta; Bacillariophyta_X	Bacillariophyta_X	79.0	0
0	KHMBKGOM_03982	class	Stramenopiles; Ochrophyta; Bacillariophyta; Bacillariophyta_X	Bacillariophyta_X	174.9	0
0	KHMBKGOM_03983	division	Stramenopiles; Ochrophyta; Dictyochophyceae	Dictyochophyceae	84.7	0
0	KHMBKGOM_03987				83.2	1
0	KHMBKGOM_03989	order	Archaeplastida; Chlorophyta; Mamiellophyceae; Mamiellales; Mamiellaceae	Mamiellaceae	197.6	0
0	KHMBKGOM_03995	class	Hacrobia; Haptophyta; Prymnesiophyceae; Isochrysidales	Isochrysidales	229.9	0
0	KHMBKGOM_03996	class	Archaeplastida; Rhodophyta; Porphyridiophyceae; Porphyridiales	Porphyridiales	102.1	0
0	KHMBKGOM_03998	order	Archaeplastida; Chlorophyta; Mamiellophyceae; Mamiellales; Mamiellaceae	Mamiellaceae	58.5	0
0	KHMBKGOM_03999	class	Hacrobia; Haptophyta; Prymnesiophyceae; Calcihaptophycidae	Calcihaptophycidae	55.8	0
0	KHMBKGOM_04006	class	Archaeplastida; Chlorophyta; Pyramimonadales; Pyramimonadales_X	Pyramimonadales_X	137.1	0
0	KHMBKGOM_04007	class	Archaeplastida; Chlorophyta; Chloropicophyceae; Chloropicales	Chloropicales	152.1	0
0	KHMBKGOM_04008	division	Stramenopiles; Ochrophyta; Xanthophyceae	Xanthophyceae	97.1	0
0	KHMBKGOM_04009	class	Hacrobia; Cryptophyta; Cryptophyceae; Cryptomonadales	Cryptomonadales	118.6	0
0	KHMBKGOM_04011	family	Archaeplastida; Chlorophyta; Pyramimonadales; Pyramimonadales_X; Pyramimonadales_XX; Pyramimonas	Pyramimonas	297.4	0
0	KHMBKGOM_04015	order	Stramenopiles; Ochrophyta; Bolidophyceae; Parmales; Bolidomonadaceae	Bolidomonadaceae	183.0	0
0	KHMBKGOM_04018	division	Archaeplastida; Rhodophyta; Porphyridiophyceae	Porphyridiophyceae	93.2	0
0	KHMBKGOM_04019	division	Archaeplastida; Chlorophyta; Mamiellophyceae	Mamiellophyceae	132.9	0
0	KHMBKGOM_04020	class	Stramenopiles; Ochrophyta; Bacillariophyta; Bacillariophyta_X	Bacillariophyta_X	129.0	0
0	KHMBKGOM_04021	class	Archaeplastida; Chlorophyta; Nephroselmidophyceae; Nephroselmidales	Nephroselmidales	172.9	0
0	KHMBKGOM_04022	class	Archaeplastida; Chlorophyta; Mamiellophyceae; Dolichomastigales	Dolichomastigales	124.8	0
0	KHMBKGOM_04024	class	Stramenopiles; Ochrophyta; Bacillariophyta; Bacillariophyta_X	Bacillariophyta_X	235.7	0
0	KHMBKGOM_04026	class	Rhizaria; Cercozoa; Chlorarachniophyceae; Chlorarachnida	Chlorarachnida	89.0	0
0	KHMBKGOM_04027	class	Archaeplastida; Chlorophyta; Chlorophyceae; Chlamydomonadales	Chlamydomonadales	100.1	0
0	KHMBKGOM_04028	class	Archaeplastida; Rhodophyta; Porphyridiophyceae; Porphyridiales	Porphyridiales	187.6	0
0	KHMBKGOM_04033	class	Stramenopiles; Ochrophyta; Dictyochophyceae; Dictyochophyceae_X	Dictyochophyceae_X	224.6	0
0	KHMBKGOM_04035	class	Stramenopiles; Ochrophyta; Dictyochophyceae; Dictyochophyceae_X	Dictyochophyceae_X	179.1	0
0	KHMBKGOM_04037	class	Stramenopiles; Ochrophyta; Synurophyceae; Synurales	Synurales	73.2	0
0	KHMBKGOM_04039	class	Stramenopiles; Ochrophyta; Bacillariophyta; Bacillariophyta_X	Bacillariophyta_X	97.8	0
0	KHMBKGOM_04040	class	Stramenopiles; Ochrophyta; Bacillariophyta; Bacillariophyta_X	Bacillariophyta_X	63.9	0
0	KHMBKGOM_04041	family	Archaeplastida; Chlorophyta; Trebouxiophyceae; Chlorellales; Chlorellales_X; Picochlorum	Picochlorum	58.9	0
0	KHMBKGOM_04045	order	Stramenopiles; Ochrophyta; Bacillariophyta; Bacillariophyta_X; Polar-centric-Mediophyceae	Polar-centric-Mediophyceae	999.2	0
0	KHMBKGOM_04046	class	Stramenopiles; Ochrophyta; Bacillariophyta; Bacillariophyta_X	Bacillariophyta_X	177.9	0
0	KHMBKGOM_04070	class	Hacrobia; Cryptophyta; Cryptophyceae; Cryptomonadales	Cryptomonadales	222.6	0
0	KHMBKGOM_04074	class	Stramenopiles; Ochrophyta; Pelagophyceae; Pelagomonadales	Pelagomonadales	119.0	0
0	KHMBKGOM_04078	class	Amoebozoa; Discosea; Discosea_X; Discosea_XX	Discosea_XX	83.2	0
0	KHMBKGOM_04080	class	Stramenopiles; Ochrophyta; Dictyochophyceae; Dictyochophyceae_X	Dictyochophyceae_X	251.9	0
0	KHMBKGOM_04081	order	Rhizaria; Cercozoa; Chlorarachniophyceae; Chlorarachnida; Chlorarachnida_X	Chlorarachnida_X	119.4	0
0	KHMBKGOM_04084	class	Stramenopiles; Ochrophyta; Raphidophyceae; Raphidophyceae_X	Raphidophyceae_X	71.6	0
0	KHMBKGOM_04087	class	Stramenopiles; Ochrophyta; Bacillariophyta; Bacillariophyta_X	Bacillariophyta_X	275.4	0
0	KHMBKGOM_04089	class	Alveolata; Ciliophora; Ciliophora_X; Ciliophora_XX	Ciliophora_XX	66.2	0
0	KHMBKGOM_04091	division	Alveolata; Ciliophora; Prostomatea_1	Prostomatea_1	74.7	0
0	KHMBKGOM_04092	class	Stramenopiles; Ochrophyta; Raphidophyceae; Raphidophyceae_X	Raphidophyceae_X	79.7	0
0	KHMBKGOM_04095	class	Stramenopiles; Ochrophyta; Bacillariophyta; Bacillariophyta_X	Bacillariophyta_X	99.0	0
0	KHMBKGOM_04097	division	Archaeplastida; Chlorophyta; Picocystophyceae	Picocystophyceae	94.4	0
0	KHMBKGOM_04098	class	Archaeplastida; Chlorophyta; Palmophyllophyceae; Prasinococcales	Prasinococcales	186.0	0
0	KHMBKGOM_04099	class	Archaeplastida; Glaucophyta; Glaucocystophyceae; Glaucocystophytes	Glaucocystophytes	65.1	0
0	KHMBKGOM_04100	class	Archaeplastida; Glaucophyta; Glaucocystophyceae; Glaucocystophytes	Glaucocystophytes	100.9	0
0	KHMBKGOM_04101	order	Archaeplastida; Glaucophyta; Glaucocystophyceae; Glaucocystophytes; Cyanoptycaceae	Cyanoptycaceae	281.2	0
0	KHMBKGOM_04102	class	Stramenopiles; Ochrophyta; Bacillariophyta; Bacillariophyta_X	Bacillariophyta_X	186.8	0
0	KHMBKGOM_04103	class	Archaeplastida; Chlorophyta; Chlorophyceae; Chlamydomonadales	Chlamydomonadales	181.0	0
0	KHMBKGOM_04104	class	Stramenopiles; Ochrophyta; Raphidophyceae; Raphidophyceae_X	Raphidophyceae_X	191.8	0
0	KHMBKGOM_04105	order	Stramenopiles; Ochrophyta; Raphidophyceae; Raphidophyceae_X; Raphidophyceae_XX	Raphidophyceae_XX	337.0	0
0	KHMBKGOM_04108	division	Alveolata; Dinoflagellata; Dinophyceae	Dinophyceae	61.6	0
0	KHMBKGOM_04110	order	Archaeplastida; Chlorophyta; Chlorophyceae; Chlamydomonadales; Chlamydomonadales_X	Chlamydomonadales_X	86.3	0
0	KHMBKGOM_04114	division	Opisthokonta; Choanoflagellida; Choanoflagellatea	Choanoflagellatea	90.1	0
0	KHMBKGOM_04116	division	Alveolata; Dinoflagellata; Dinophyceae	Dinophyceae	80.5	0
0	KHMBKGOM_04117	division	Stramenopiles; Ochrophyta; Bacillariophyta	Bacillariophyta	99.4	0
0	KHMBKGOM_04118	order	Stramenopiles; Ochrophyta; Raphidophyceae; Raphidophyceae_X; Raphidophyceae_XX	Raphidophyceae_XX	81.3	0
0	KHMBKGOM_04120	class	Archaeplastida; Chlorophyta; Nephroselmidophyceae; Nephroselmidales	Nephroselmidales	243.8	0
0	KHMBKGOM_04122	class	Amoebozoa; Conosa; Variosea; Variosea_X	Variosea_X	108.6	0
0	KHMBKGOM_04126	division	Archaeplastida; Chlorophyta; Picocystophyceae	Picocystophyceae	156.0	0
0	KHMBKGOM_04128	class	Opisthokonta; Choanoflagellida; Choanoflagellatea; Acanthoecida	Acanthoecida	83.6	0
0	KHMBKGOM_04130	order	Excavata; Discoba; Euglenozoa; Euglenida; Eutreptiales	Eutreptiales	138.3	0
0	KHMBKGOM_04131	order	Opisthokonta; Fungi; Ascomycota; Saccharomycotina; Saccharomycetales	Saccharomycetales	507.3	0
0	KHMBKGOM_04139	division	Archaeplastida; Glaucophyta; Glaucocystophyceae	Glaucocystophyceae	74.3	0
0	KHMBKGOM_04140	class	Alveolata; Dinoflagellata; Dinophyceae; Gymnodiniales	Gymnodiniales	159.1	0
0	KHMBKGOM_04141	class	Stramenopiles; Ochrophyta; Pinguiophyceae; Pinguiochrysidales	Pinguiochrysidales	132.9	0
0	KHMBKGOM_04144	class	Archaeplastida; Chlorophyta; Mamiellophyceae; Mamiellales	Mamiellales	105.9	0
0	KHMBKGOM_04146	class	Hacrobia; Cryptophyta; Cryptophyceae; Cryptomonadales	Cryptomonadales	229.2	0
0	KHMBKGOM_04151	class	Stramenopiles; Ochrophyta; Bacillariophyta; Bacillariophyta_X	Bacillariophyta_X	295.4	0
0	KHMBKGOM_04152	class	Stramenopiles; Ochrophyta; Dictyochophyceae; Dictyochophyceae_X	Dictyochophyceae_X	70.5	0
0	KHMBKGOM_04156	class	Archaeplastida; Chlorophyta; Chlorodendrophyceae; Chlorodendrales	Chlorodendrales	99.8	0
0	KHMBKGOM_04158	class	Alveolata; Apicomplexa; Colpodellidea; Vitrelladida	Vitrelladida	177.6	0
0	KHMBKGOM_04160	class	Stramenopiles; Ochrophyta; Bacillariophyta; Bacillariophyta_X	Bacillariophyta_X	142.1	0
0	KHMBKGOM_04167	class	Amoebozoa; Lobosa; Discosea-Flabellinia; Vannellida	Vannellida	86.3	0
0	KHMBKGOM_04168	class	Stramenopiles; Ochrophyta; Bacillariophyta; Bacillariophyta_X	Bacillariophyta_X	107.1	0
0	KHMBKGOM_04176	class	Archaeplastida; Rhodophyta; Rhodellophyceae; Rhodellales	Rhodellales	142.1	0
0	KHMBKGOM_04179	class	Alveolata; Dinoflagellata; Dinophyceae; Gymnodiniales	Gymnodiniales	121.7	0
0	KHMBKGOM_04180	order	Stramenopiles; Ochrophyta; Dictyochophyceae; Dictyochophyceae_X; Pedinellales	Pedinellales	99.8	0
0	KHMBKGOM_04184	class	Stramenopiles; Ochrophyta; Bacillariophyta; Bacillariophyta_X	Bacillariophyta_X	221.1	0
0	KHMBKGOM_04187	division	Archaeplastida; Chlorophyta; Mamiellophyceae	Mamiellophyceae	102.8	0
0	KHMBKGOM_04188	class	Stramenopiles; Ochrophyta; Bacillariophyta; Bacillariophyta_X	Bacillariophyta_X	219.9	0
0	KHMBKGOM_04191	family	Stramenopiles; Ochrophyta; Chrysophyceae; Chrysophyceae_X; Chrysophyceae_Clade-F; Paraphysomonas	Paraphysomonas	64.3	0
0	KHMBKGOM_04195	class	Archaeplastida; Chlorophyta; Trebouxiophyceae; Prasiolales	Prasiolales	104.8	0
0	KHMBKGOM_04196	class	Stramenopiles; Ochrophyta; Bacillariophyta; Bacillariophyta_X	Bacillariophyta_X	92.8	0
0	KHMBKGOM_04197	class	Stramenopiles; Ochrophyta; Bacillariophyta; Bacillariophyta_X	Bacillariophyta_X	108.6	0
0	KHMBKGOM_04198	division	Stramenopiles; Ochrophyta; Bacillariophyta	Bacillariophyta	101.3	0
0	KHMBKGOM_04199	order	Stramenopiles; Ochrophyta; Bacillariophyta; Bacillariophyta_X	Bacillariophyta_X	252.3	1
0	KHMBKGOM_04200	class	Stramenopiles; Ochrophyta; Bacillariophyta; Bacillariophyta_X	Bacillariophyta_X	280.8	0
0	KHMBKGOM_04201	class	Hacrobia; Hacrobia_X; Hacrobia_XX; Hacrobia_XXX	Hacrobia_XXX	257.3	0
0	KHMBKGOM_04205	class	Alveolata; Ciliophora; Heterotrichea; Heterotrichea_X	Heterotrichea_X	144.8	0
0	KHMBKGOM_04207	class	Alveolata; Ciliophora; Ciliophora_X; Ciliophora_XX	Ciliophora_XX	276.2	0
0	KHMBKGOM_04215	class	Alveolata; Ciliophora; Ciliophora_X; Ciliophora_XX	Ciliophora_XX	290.8	0
0	KHMBKGOM_04217	class	Stramenopiles; Ochrophyta; Bacillariophyta; Bacillariophyta_X	Bacillariophyta_X	120.9	0
0	KHMBKGOM_04219	order	Stramenopiles; Ochrophyta; Raphidophyceae; Raphidophyceae_X; Raphidophyceae_XX	Raphidophyceae_XX	57.0	0
0	KHMBKGOM_04220	order	Stramenopiles; Ochrophyta; Bacillariophyta; Bacillariophyta_X; Polar-centric-Mediophyceae	Polar-centric-Mediophyceae	66.2	0
0	KHMBKGOM_04222	class	Stramenopiles; Ochrophyta; Bacillariophyta; Bacillariophyta_X	Bacillariophyta_X	219.9	0
0	KHMBKGOM_04225	class	Archaeplastida; Chlorophyta; Nephroselmidophyceae; Nephroselmidales	Nephroselmidales	78.2	0
0	KHMBKGOM_04226	division	Stramenopiles; Ochrophyta; Bacillariophyta	Bacillariophyta	102.1	0
0	KHMBKGOM_04227	class	Stramenopiles; Ochrophyta; Bacillariophyta; Bacillariophyta_X	Bacillariophyta_X	168.3	0
0	KHMBKGOM_04228	class	Archaeplastida; Chlorophyta; Nephroselmidophyceae; Nephroselmidales	Nephroselmidales	147.9	0
0	KHMBKGOM_04230	class	Alveolata; Dinoflagellata; Dinophyceae; Dinophysiales	Dinophysiales	187.6	0
0	KHMBKGOM_04231	class	Archaeplastida; Chlorophyta; Mamiellophyceae; Mamiellales	Mamiellales	69.7	0
0	KHMBKGOM_04232	class	Alveolata; Ciliophora; Ciliophora_X; Ciliophora_XX	Ciliophora_XX	154.1	0
0	KHMBKGOM_04234	class	Hacrobia; Cryptophyta; Cryptophyceae; Cryptomonadales	Cryptomonadales	82.8	0
0	KHMBKGOM_04235	class	Alveolata; Ciliophora; Ciliophora_X; Ciliophora_XX	Ciliophora_XX	90.1	0
0	KHMBKGOM_04236	division	Stramenopiles; Ochrophyta; Bacillariophyta	Bacillariophyta	185.3	0
0	KHMBKGOM_04238	order	Alveolata; Ciliophora; Ciliophora_X; Ciliophora_XX; Ciliophora_XXX	Ciliophora_XXX	103.6	0
0	KHMBKGOM_04245	class	Archaeplastida; Chlorophyta; Chlorophyceae; Chlamydomonadales	Chlamydomonadales	129.8	0
0	KHMBKGOM_04246	class	Archaeplastida; Chlorophyta; Chlorodendrophyceae; Chlorodendrales	Chlorodendrales	104.8	0
0	KHMBKGOM_04251	order	Archaeplastida; Chlorophyta; Nephroselmidophyceae; Nephroselmidales; Nephroselmidales_X	Nephroselmidales_X	111.3	0
0	KHMBKGOM_04252	class	Alveolata; Dinoflagellata; Dinophyceae; Peridiniales	Peridiniales	167.2	0
0	KHMBKGOM_04256	division	Amoebozoa; Lobosa; Discosea-Flabellinia	Discosea-Flabellinia	131.3	0
0	KHMBKGOM_04257	class	Stramenopiles; Ochrophyta; Raphidophyceae; Raphidophyceae_X	Raphidophyceae_X	130.6	0
0	KHMBKGOM_04262	order	Rhizaria; Cercozoa; Chlorarachniophyceae; Chlorarachnida; Chlorarachnida_X	Chlorarachnida_X	186.0	0
0	KHMBKGOM_04265	class	Amoebozoa; Lobosa; Discosea-Flabellinia; Discosea-Flabellinia_X	Discosea-Flabellinia_X	288.1	0
0	KHMBKGOM_04266	class	Stramenopiles; Ochrophyta; Bolidophyceae; Parmales	Parmales	153.3	0
0	KHMBKGOM_04267	class	Stramenopiles; Ochrophyta; Bacillariophyta; Bacillariophyta_X	Bacillariophyta_X	149.8	0
0	KHMBKGOM_04270	class	Archaeplastida; Chlorophyta; Mamiellophyceae; Mamiellales	Mamiellales	211.8	0
0	KHMBKGOM_04271	class	Archaeplastida; Chlorophyta; Chlorophyta_X; Chlorophyta_XX	Chlorophyta_XX	163.3	0
0	KHMBKGOM_04272	class	Stramenopiles; Ochrophyta; Pelagophyceae; Pelagomonadales	Pelagomonadales	63.2	0
0	KHMBKGOM_04276	class	Stramenopiles; Ochrophyta; Bacillariophyta; Bacillariophyta_X	Bacillariophyta_X	231.1	0
0	KHMBKGOM_04277	order	Stramenopiles; Ochrophyta; Bacillariophyta; Bacillariophyta_X; Polar-centric-Mediophyceae	Polar-centric-Mediophyceae	281.2	0
0	KHMBKGOM_04278	order	Stramenopiles; Ochrophyta; Bacillariophyta; Bacillariophyta_X; Araphid-pennate	Araphid-pennate	167.9	0
0	KHMBKGOM_04279				447.2	1
0	KHMBKGOM_04282	order	Archaeplastida; Chlorophyta; Pyramimonadales; Pyramimonadales_X; Pyramimonadales_XX	Pyramimonadales_XX	56.2	0
0	KHMBKGOM_04288	order	Alveolata; Dinoflagellata; Dinophyceae; Suessiales; Suessiaceae	Suessiaceae	134.0	0
0	KHMBKGOM_04289	family	Stramenopiles; Opalozoa; Bicoecea; Anoecales; Cafeteriaceae; Cafeteria	Cafeteria	339.7	0
0	KHMBKGOM_04290	class	Stramenopiles; Ochrophyta; Bacillariophyta; Bacillariophyta_X	Bacillariophyta_X	226.1	0
0	KHMBKGOM_04291	class	Amoebozoa; Lobosa; Lobosa_X; Stygamoebida	Stygamoebida	174.5	0
0	KHMBKGOM_04293	class	Stramenopiles; Ochrophyta; Dictyochophyceae; Dictyochophyceae_X	Dictyochophyceae_X	129.8	0
0	KHMBKGOM_04296	division	Stramenopiles; Ochrophyta; Bacillariophyta	Bacillariophyta	106.7	0
0	KHMBKGOM_04302	class	Stramenopiles; Ochrophyta; Bacillariophyta; Bacillariophyta_X	Bacillariophyta_X	251.1	0
0	KHMBKGOM_04303	class	Stramenopiles; Ochrophyta; Bacillariophyta; Bacillariophyta_X	Bacillariophyta_X	119.4	0
0	KHMBKGOM_04304	class	Stramenopiles; Ochrophyta; Bacillariophyta; Bacillariophyta_X	Bacillariophyta_X	144.1	0
0	KHMBKGOM_04305	family	Stramenopiles; Ochrophyta; Bacillariophyta; Bacillariophyta_X; Araphid-pennate; Thalassionema	Thalassionema	87.8	0
0	KHMBKGOM_04310	class	Stramenopiles; Ochrophyta; Bacillariophyta; Bacillariophyta_X	Bacillariophyta_X	92.4	0
0	KHMBKGOM_04316	class	Stramenopiles; Ochrophyta; Bacillariophyta; Bacillariophyta_X	Bacillariophyta_X	58.2	0
0	KHMBKGOM_04317	class	Stramenopiles; Ochrophyta; Bacillariophyta; Bacillariophyta_X	Bacillariophyta_X	154.5	0
0	KHMBKGOM_04318	division	Stramenopiles; Ochrophyta; Bacillariophyta	Bacillariophyta	76.6	0
0	KHMBKGOM_04325	division	Archaeplastida; Chlorophyta; Chlorophyta_X	Chlorophyta_X	120.2	0
0	KHMBKGOM_04326	class	Archaeplastida; Chlorophyta; Chlorophyceae; Chlamydomonadales	Chlamydomonadales	232.3	0
0	KHMBKGOM_04330	class	Archaeplastida; Rhodophyta; Stylonematophyceae; Porphyridiales-2	Porphyridiales-2	173.3	0
0	KHMBKGOM_04331	division	Opisthokonta; Fungi; Ascomycota	Ascomycota	60.1	0
0	KHMBKGOM_04334	class	Archaeplastida; Chlorophyta; Chlorodendrophyceae; Chlorodendrales	Chlorodendrales	171.0	0
0	KHMBKGOM_04336	division	Amoebozoa; Lobosa	Lobosa	92.4	1
0	KHMBKGOM_04340	class	Stramenopiles; Ochrophyta; Bacillariophyta; Bacillariophyta_X	Bacillariophyta_X	241.1	0
0	KHMBKGOM_04341	class	Archaeplastida; Glaucophyta; Glaucocystophyceae; Glaucocystophytes	Glaucocystophytes	105.5	0
0	KHMBKGOM_04344	class	Stramenopiles; Ochrophyta; Bacillariophyta; Bacillariophyta_X	Bacillariophyta_X	184.9	0
0	KHMBKGOM_04345	class	Amoebozoa; Lobosa; Discosea-Flabellinia; Vannellida	Vannellida	70.5	0
0	KHMBKGOM_04346	class	Archaeplastida; Chlorophyta; Mamiellophyceae; Dolichomastigales	Dolichomastigales	195.3	0
0	KHMBKGOM_04348	class	Stramenopiles; Ochrophyta; Dictyochophyceae; Dictyochophyceae_X	Dictyochophyceae_X	331.3	0
0	KHMBKGOM_04351	order	Stramenopiles; Ochrophyta; Bacillariophyta; Bacillariophyta_X; Polar-centric-Mediophyceae	Polar-centric-Mediophyceae	232.3	0
0	KHMBKGOM_04356	class	Hacrobia; Cryptophyta; Cryptophyceae; Goniomonadales	Goniomonadales	218.4	0
0	KHMBKGOM_04357	class	Archaeplastida; Chlorophyta; Mamiellophyceae; Dolichomastigales	Dolichomastigales	68.6	0
0	KHMBKGOM_04358	class	Stramenopiles; Ochrophyta; Bacillariophyta; Bacillariophyta_X	Bacillariophyta_X	520.8	0
0	KHMBKGOM_04359	class	Stramenopiles; Ochrophyta; Bacillariophyta; Bacillariophyta_X	Bacillariophyta_X	493.0	0
0	KHMBKGOM_04361	class	Stramenopiles; Ochrophyta; Bacillariophyta; Bacillariophyta_X	Bacillariophyta_X	87.8	0
0	KHMBKGOM_04362	class	Archaeplastida; Rhodophyta; Porphyridiophyceae; Porphyridiales	Porphyridiales	414.1	0
0	KHMBKGOM_04363	class	Archaeplastida; Rhodophyta; Stylonematophyceae; Porphyridiales-2	Porphyridiales-2	318.9	0
0	KHMBKGOM_04366	class	Hacrobia; Cryptophyta; Cryptophyceae; Cryptomonadales	Cryptomonadales	117.9	0
0	KHMBKGOM_04367	class	Hacrobia; Cryptophyta; Cryptophyceae; Cryptomonadales	Cryptomonadales	164.9	0
0	KHMBKGOM_04370	class	Rhizaria; Cercozoa; Thecofilosea; Thecofilosea_X	Thecofilosea_X	226.1	0
0	KHMBKGOM_04371	class	Stramenopiles; Ochrophyta; Bolidophyceae; Parmales	Parmales	89.0	0
0	KHMBKGOM_04372	class	Archaeplastida; Rhodophyta; Stylonematophyceae; Porphyridiales-2	Porphyridiales-2	160.2	0
0	KHMBKGOM_04374	class	Alveolata; Ciliophora; Colpodea; Colpodea_X	Colpodea_X	147.9	0
0	KHMBKGOM_04377	class	Stramenopiles; Ochrophyta; Bacillariophyta; Bacillariophyta_X	Bacillariophyta_X	462.6	0
0	KHMBKGOM_04378	class	Hacrobia; Cryptophyta; Cryptophyceae; Cryptomonadales	Cryptomonadales	248.8	0
0	KHMBKGOM_04381	genus	Archaeplastida; Chlorophyta; Mamiellophyceae; Mamiellales; Mamiellaceae; Micromonas; Micromonas pusilla	Micromonas pusilla	531.6	0
0	KHMBKGOM_04407	order	Stramenopiles; Ochrophyta; Raphidophyceae; Raphidophyceae_X; Raphidophyceae_XX	Raphidophyceae_XX	104.4	0
0	KHMBKGOM_04408	genus	Archaeplastida; Chlorophyta; Chlorophyceae; Chlamydomonadales; Chlamydomonadales_X; Chlamydomonas; Chlamydomonas euryale	Chlamydomonas euryale	141.4	0
0	KHMBKGOM_04417	division	Stramenopiles; Ochrophyta; Bacillariophyta	Bacillariophyta	84.0	0
0	KHMBKGOM_04418	family	Alveolata; Ciliophora; Spirotrichea; Tintinnida; Favellidae; Favella	Favella	169.9	0
0	KHMBKGOM_04420	class	Archaeplastida; Chlorophyta; Nephroselmidophyceae; Nephroselmidales	Nephroselmidales	160.6	0
0	KHMBKGOM_04421	family	Archaeplastida; Chlorophyta; Pyramimonadales; Pyramimonadales_X; Pyramimonadales_XX; Pyramimonas	Pyramimonas	591.3	0
0	KHMBKGOM_04426	order	Stramenopiles; Sagenista; Labyrinthulomycetes; Thraustochytriales; Thraustochytriaceae	Thraustochytriaceae	223.8	0
0	KHMBKGOM_04433				86.3	1
0	KHMBKGOM_04435	class	Hacrobia; Cryptophyta; Cryptophyceae; Cryptomonadales	Cryptomonadales	183.3	0
0	KHMBKGOM_04438	class	Archaeplastida; Chlorophyta; Mamiellophyceae; Dolichomastigales	Dolichomastigales	177.9	0
0	KHMBKGOM_04440	order	Opisthokonta; Choanoflagellida; Choanoflagellatea; Acanthoecida; Acanthoecida_X	Acanthoecida_X	251.9	0
0	KHMBKGOM_04442	order	Archaeplastida; Chlorophyta; Palmophyllophyceae; Prasinococcales; Prasinococcales-Clade-B	Prasinococcales-Clade-B	102.8	0
0	KHMBKGOM_04444	division	Stramenopiles; Ochrophyta; Bacillariophyta	Bacillariophyta	112.5	0
0	KHMBKGOM_04447	class	Archaeplastida; Chlorophyta; Pyramimonadales; Pyramimonadales_X	Pyramimonadales_X	300.1	0
0	KHMBKGOM_04450	family	Archaeplastida; Chlorophyta; Mamiellophyceae; Mamiellales; Mamiellaceae; Mantoniella	Mantoniella	89.0	0
0	KHMBKGOM_04454	class	Stramenopiles; Ochrophyta; Bacillariophyta; Bacillariophyta_X	Bacillariophyta_X	433.3	0
0	KHMBKGOM_04457	class	Stramenopiles; Ochrophyta; Raphidophyceae; Raphidophyceae_X	Raphidophyceae_X	117.5	0
0	KHMBKGOM_04458	class	Rhizaria; Cercozoa; Chlorarachniophyceae; Chlorarachnida	Chlorarachnida	121.7	0
